ISO-10303-21;
HEADER;
/* Generated by software containing ST-Developer
 * from STEP Tools, Inc. (www.steptools.com) 
 */
/* OPTION: using custom renumber hook */

FILE_DESCRIPTION(
/* description */ ('STEP AP242 Edition 2',
'CAx-IF Rec.Pracs.---Representation and Presentation of Product Manufa
cturing Information (PMI)---4.0---2014-10-13',
'CAx-IF Rec.Pracs.---3D Tessellated Geometry---0.4---2014-09-14','2;1',
'CAx-IF Rec.Pracs.---User Defined Attributes---1.5---2016-08-15'),
/* implementation_level */ '2;1');

FILE_NAME(
/* name */ 'Assembly 1 - Part 1 (9)',
/* time_stamp */ '2026-09-04T12:17:08Z',
/* author */ (''),
/* organization */ (''),
/* preprocessor_version */ 'ST-DEVELOPER v20',
/* originating_system */ 'ONSHAPE BY PTC INC, 1.220',
/* authorisation */ '  ');

FILE_SCHEMA (('AP242_MANAGED_MODEL_BASED_3D_ENGINEERING_MIM_LF { 1 0 10303 442 3 1 4 }'));
ENDSEC;

DATA;
#10=SHAPE_REPRESENTATION_RELATIONSHIP('','',#1128,#11);
#11=ADVANCED_BREP_SHAPE_REPRESENTATION('',(#1126),#1987);
#12=(
BOUNDED_SURFACE()
B_SPLINE_SURFACE(3,2,((#1742,#1743,#1744),(#1745,#1746,#1747),(#1748,#1749,
#1750),(#1751,#1752,#1753),(#1754,#1755,#1756),(#1757,#1758,#1759)),
 .UNSPECIFIED.,.F.,.F.,.F.)
B_SPLINE_SURFACE_WITH_KNOTS((4,1,1,4),(3,3),(-2.53703308361608E-17,0.00195186283730261,
0.00292779425595393,0.00390372567460525),(0.,1.),.UNSPECIFIED.)
GEOMETRIC_REPRESENTATION_ITEM()
RATIONAL_B_SPLINE_SURFACE(((1.,0.707106781186549,1.),(1.,0.686339026723153,
1.),(1.,0.631638282421155,1.),(1.,0.53116323567729,1.),(1.,0.504486814789984,
1.),(1.,0.504486813619496,1.)))
REPRESENTATION_ITEM('')
SURFACE()
);
#13=(
BOUNDED_SURFACE()
B_SPLINE_SURFACE(3,2,((#1762,#1763,#1764),(#1765,#1766,#1767),(#1768,#1769,
#1770),(#1771,#1772,#1773),(#1774,#1775,#1776),(#1777,#1778,#1779),(#1780,
#1781,#1782)),.UNSPECIFIED.,.F.,.F.,.F.)
B_SPLINE_SURFACE_WITH_KNOTS((4,1,1,1,4),(3,3),(8.67361737988404E-19,0.00452090852802069,
0.00904181705604138,0.0135627255840621,0.0180836341120828),(0.,1.),
 .UNSPECIFIED.)
GEOMETRIC_REPRESENTATION_ITEM()
RATIONAL_B_SPLINE_SURFACE(((1.,0.70710678118655,1.),(1.,0.70710678118655,
1.),(1.,0.707106781186546,1.),(1.,0.707106781186548,1.),(1.,0.707106781186547,
1.),(1.,0.70710678118655,1.),(1.,0.70710678118655,1.)))
REPRESENTATION_ITEM('')
SURFACE()
);
#14=(
BOUNDED_SURFACE()
B_SPLINE_SURFACE(3,2,((#1793,#1794,#1795),(#1796,#1797,#1798),(#1799,#1800,
#1801),(#1802,#1803,#1804),(#1805,#1806,#1807),(#1808,#1809,#1810)),
 .UNSPECIFIED.,.F.,.F.,.F.)
B_SPLINE_SURFACE_WITH_KNOTS((4,1,1,4),(3,3),(-1.07336015076065E-17,0.000972342208414289,
0.00194468441682859,0.00388936883365719),(0.,1.),.UNSPECIFIED.)
GEOMETRIC_REPRESENTATION_ITEM()
RATIONAL_B_SPLINE_SURFACE(((1.,0.51585137632778,1.),(1.,0.515851378287469,
1.),(1.,0.540794136181306,1.),(1.,0.637458071007853,1.),(1.,0.687119130572062,
1.),(1.,0.70710678118655,1.)))
REPRESENTATION_ITEM('')
SURFACE()
);
#15=(
BOUNDED_SURFACE()
B_SPLINE_SURFACE(3,2,((#1812,#1813,#1814),(#1815,#1816,#1817),(#1818,#1819,
#1820),(#1821,#1822,#1823),(#1824,#1825,#1826),(#1827,#1828,#1829)),
 .UNSPECIFIED.,.F.,.F.,.F.)
B_SPLINE_SURFACE_WITH_KNOTS((4,1,1,4),(3,3),(-4.77048955893622E-18,0.000975686523910404,
0.00195137304782081,0.00390274609564163),(0.,1.),.UNSPECIFIED.)
GEOMETRIC_REPRESENTATION_ITEM()
RATIONAL_B_SPLINE_SURFACE(((1.,0.504486813619486,1.),(1.,0.504486815725828,
1.),(1.,0.531025919950748,1.),(1.,0.631663045909073,1.),(1.,0.686355529520578,
1.),(1.,0.707106781186529,1.)))
REPRESENTATION_ITEM('')
SURFACE()
);
#16=(
BOUNDED_SURFACE()
B_SPLINE_SURFACE(3,2,((#1833,#1834,#1835),(#1836,#1837,#1838),(#1839,#1840,
#1841),(#1842,#1843,#1844),(#1845,#1846,#1847),(#1848,#1849,#1850),(#1851,
#1852,#1853)),.UNSPECIFIED.,.F.,.F.,.F.)
B_SPLINE_SURFACE_WITH_KNOTS((4,1,1,1,4),(3,3),(-1.04083408558608E-17,0.00451935344282167,
0.00903870688564335,0.013558060328465,0.0180774137712867),(0.,1.),
 .UNSPECIFIED.)
GEOMETRIC_REPRESENTATION_ITEM()
RATIONAL_B_SPLINE_SURFACE(((1.,0.70710678118653,1.),(1.,0.70710678118653,
1.),(1.,0.707106781186553,1.),(1.,0.707106781186544,1.),(1.,0.707106781186556,
1.),(1.,0.70710678118653,1.),(1.,0.70710678118653,1.)))
REPRESENTATION_ITEM('')
SURFACE()
);
#17=(
BOUNDED_SURFACE()
B_SPLINE_SURFACE(3,2,((#1855,#1856,#1857),(#1858,#1859,#1860),(#1861,#1862,
#1863),(#1864,#1865,#1866),(#1867,#1868,#1869),(#1870,#1871,#1872)),
 .UNSPECIFIED.,.F.,.F.,.F.)
B_SPLINE_SURFACE_WITH_KNOTS((4,1,1,4),(3,3),(8.02309607639273E-18,0.00194514840092827,
0.0029177226013924,0.00389029680185653),(0.,1.),.UNSPECIFIED.)
GEOMETRIC_REPRESENTATION_ITEM()
RATIONAL_B_SPLINE_SURFACE(((1.,0.70710678118653,1.),(1.,0.687104320024875,
1.),(1.,0.637457230655589,1.),(1.,0.540930644512622,1.),(1.,0.515851377440238,
1.),(1.,0.51585137632778,1.)))
REPRESENTATION_ITEM('')
SURFACE()
);
#18=CYLINDRICAL_SURFACE('',#1139,0.0029);
#19=CYLINDRICAL_SURFACE('',#1141,0.0029);
#20=CYLINDRICAL_SURFACE('',#1142,0.0029);
#21=CYLINDRICAL_SURFACE('',#1144,0.0029);
#22=CYLINDRICAL_SURFACE('',#1148,0.000472005144801794);
#23=CYLINDRICAL_SURFACE('',#1152,0.000472005144801794);
#24=CYLINDRICAL_SURFACE('',#1158,0.00191651503940123);
#25=ELLIPSE('',#1135,0.00287427922920254,0.00191651503940123);
#26=ELLIPSE('',#1137,0.00296901748782722,0.00191651503940123);
#27=CIRCLE('',#1131,0.00191651503940123);
#28=CIRCLE('',#1133,0.00191651503940123);
#29=CIRCLE('',#1145,0.000472005144801794);
#30=CIRCLE('',#1146,0.000472005144801794);
#31=CIRCLE('',#1147,0.000472005144801794);
#32=CIRCLE('',#1149,0.000472005144801794);
#33=CIRCLE('',#1150,0.000472005144801794);
#34=CIRCLE('',#1151,0.000472005144801794);
#35=CIRCLE('',#1153,0.000472005144801794);
#36=CIRCLE('',#1154,0.000472005144801794);
#37=PLANE('',#1130);
#38=PLANE('',#1132);
#39=PLANE('',#1134);
#40=PLANE('',#1136);
#41=PLANE('',#1138);
#42=PLANE('',#1140);
#43=PLANE('',#1143);
#44=PLANE('',#1155);
#45=PLANE('',#1156);
#46=PLANE('',#1157);
#47=PLANE('',#1159);
#48=PLANE('',#1160);
#49=PLANE('',#1161);
#50=PLANE('',#1162);
#51=PLANE('',#1163);
#52=PLANE('',#1164);
#53=PLANE('',#1165);
#54=PLANE('',#1166);
#55=PLANE('',#1167);
#56=PLANE('',#1168);
#57=PLANE('',#1169);
#58=PLANE('',#1170);
#59=PLANE('',#1171);
#60=PLANE('',#1172);
#61=PLANE('',#1173);
#62=PLANE('',#1174);
#63=PLANE('',#1175);
#64=PLANE('',#1176);
#65=LINE('',#1384,#136);
#66=LINE('',#1394,#137);
#67=LINE('',#1404,#138);
#68=LINE('',#1425,#139);
#69=LINE('',#1427,#140);
#70=LINE('',#1451,#141);
#71=LINE('',#1453,#142);
#72=LINE('',#1469,#143);
#73=LINE('',#1479,#144);
#74=LINE('',#1489,#145);
#75=LINE('',#1505,#146);
#76=LINE('',#1513,#147);
#77=LINE('',#1546,#148);
#78=LINE('',#1566,#149);
#79=LINE('',#1568,#150);
#80=LINE('',#1569,#151);
#81=LINE('',#1573,#152);
#82=LINE('',#1575,#153);
#83=LINE('',#1579,#154);
#84=LINE('',#1623,#155);
#85=LINE('',#1625,#156);
#86=LINE('',#1635,#157);
#87=LINE('',#1643,#158);
#88=LINE('',#1645,#159);
#89=LINE('',#1647,#160);
#90=LINE('',#1655,#161);
#91=LINE('',#1657,#162);
#92=LINE('',#1665,#163);
#93=LINE('',#1667,#164);
#94=LINE('',#1669,#165);
#95=LINE('',#1698,#166);
#96=LINE('',#1721,#167);
#97=LINE('',#1874,#168);
#98=LINE('',#1876,#169);
#99=LINE('',#1878,#170);
#100=LINE('',#1895,#171);
#101=LINE('',#1896,#172);
#102=LINE('',#1917,#173);
#103=LINE('',#1920,#174);
#104=LINE('',#1922,#175);
#105=LINE('',#1924,#176);
#106=LINE('',#1926,#177);
#107=LINE('',#1929,#178);
#108=LINE('',#1931,#179);
#109=LINE('',#1933,#180);
#110=LINE('',#1935,#181);
#111=LINE('',#1936,#182);
#112=LINE('',#1938,#183);
#113=LINE('',#1939,#184);
#114=LINE('',#1941,#185);
#115=LINE('',#1942,#186);
#116=LINE('',#1943,#187);
#117=LINE('',#1945,#188);
#118=LINE('',#1948,#189);
#119=LINE('',#1952,#190);
#120=LINE('',#1954,#191);
#121=LINE('',#1956,#192);
#122=LINE('',#1958,#193);
#123=LINE('',#1960,#194);
#124=LINE('',#1962,#195);
#125=LINE('',#1964,#196);
#126=LINE('',#1966,#197);
#127=LINE('',#1968,#198);
#128=LINE('',#1970,#199);
#129=LINE('',#1972,#200);
#130=LINE('',#1974,#201);
#131=LINE('',#1976,#202);
#132=LINE('',#1978,#203);
#133=LINE('',#1980,#204);
#134=LINE('',#1982,#205);
#135=LINE('',#1983,#206);
#136=VECTOR('',#1179,1.);
#137=VECTOR('',#1180,1.);
#138=VECTOR('',#1181,1.);
#139=VECTOR('',#1182,1.);
#140=VECTOR('',#1183,1.);
#141=VECTOR('',#1184,1.);
#142=VECTOR('',#1185,1.);
#143=VECTOR('',#1186,1.);
#144=VECTOR('',#1187,1.);
#145=VECTOR('',#1188,1.);
#146=VECTOR('',#1193,1.);
#147=VECTOR('',#1196,1.);
#148=VECTOR('',#1199,1.);
#149=VECTOR('',#1200,1.);
#150=VECTOR('',#1203,1.);
#151=VECTOR('',#1204,1.);
#152=VECTOR('',#1209,1.);
#153=VECTOR('',#1210,1.);
#154=VECTOR('',#1213,1.);
#155=VECTOR('',#1214,1.);
#156=VECTOR('',#1217,1.);
#157=VECTOR('',#1218,1.);
#158=VECTOR('',#1221,1.);
#159=VECTOR('',#1224,1.);
#160=VECTOR('',#1225,1.);
#161=VECTOR('',#1228,1.);
#162=VECTOR('',#1231,1.);
#163=VECTOR('',#1232,1.);
#164=VECTOR('',#1235,1.);
#165=VECTOR('',#1236,1.);
#166=VECTOR('',#1239,1.);
#167=VECTOR('',#1240,1.);
#168=VECTOR('',#1263,1.);
#169=VECTOR('',#1266,1.);
#170=VECTOR('',#1269,1.);
#171=VECTOR('',#1270,1.);
#172=VECTOR('',#1271,1.);
#173=VECTOR('',#1276,1.);
#174=VECTOR('',#1277,1.);
#175=VECTOR('',#1278,1.);
#176=VECTOR('',#1279,1.);
#177=VECTOR('',#1282,1.);
#178=VECTOR('',#1283,1.);
#179=VECTOR('',#1284,1.);
#180=VECTOR('',#1285,1.);
#181=VECTOR('',#1288,1.);
#182=VECTOR('',#1289,1.);
#183=VECTOR('',#1292,1.);
#184=VECTOR('',#1293,1.);
#185=VECTOR('',#1296,1.);
#186=VECTOR('',#1297,1.);
#187=VECTOR('',#1298,1.);
#188=VECTOR('',#1299,1.);
#189=VECTOR('',#1304,1.);
#190=VECTOR('',#1311,1.);
#191=VECTOR('',#1312,1.);
#192=VECTOR('',#1313,1.);
#193=VECTOR('',#1314,1.);
#194=VECTOR('',#1317,1.);
#195=VECTOR('',#1318,1.);
#196=VECTOR('',#1319,1.);
#197=VECTOR('',#1322,1.);
#198=VECTOR('',#1323,1.);
#199=VECTOR('',#1324,1.);
#200=VECTOR('',#1327,1.);
#201=VECTOR('',#1328,1.);
#202=VECTOR('',#1329,1.);
#203=VECTOR('',#1332,1.);
#204=VECTOR('',#1335,1.);
#205=VECTOR('',#1338,1.);
#206=VECTOR('',#1339,1.);
#207=ORIENTED_EDGE('',*,*,#445,.F.);
#208=ORIENTED_EDGE('',*,*,#446,.F.);
#209=ORIENTED_EDGE('',*,*,#447,.T.);
#210=ORIENTED_EDGE('',*,*,#448,.F.);
#211=ORIENTED_EDGE('',*,*,#449,.F.);
#212=ORIENTED_EDGE('',*,*,#450,.F.);
#213=ORIENTED_EDGE('',*,*,#451,.T.);
#214=ORIENTED_EDGE('',*,*,#452,.T.);
#215=ORIENTED_EDGE('',*,*,#453,.F.);
#216=ORIENTED_EDGE('',*,*,#454,.F.);
#217=ORIENTED_EDGE('',*,*,#455,.T.);
#218=ORIENTED_EDGE('',*,*,#456,.T.);
#219=ORIENTED_EDGE('',*,*,#457,.T.);
#220=ORIENTED_EDGE('',*,*,#458,.F.);
#221=ORIENTED_EDGE('',*,*,#459,.F.);
#222=ORIENTED_EDGE('',*,*,#460,.T.);
#223=ORIENTED_EDGE('',*,*,#461,.F.);
#224=ORIENTED_EDGE('',*,*,#462,.F.);
#225=ORIENTED_EDGE('',*,*,#463,.F.);
#226=ORIENTED_EDGE('',*,*,#464,.T.);
#227=ORIENTED_EDGE('',*,*,#456,.F.);
#228=ORIENTED_EDGE('',*,*,#465,.T.);
#229=ORIENTED_EDGE('',*,*,#466,.T.);
#230=ORIENTED_EDGE('',*,*,#467,.T.);
#231=ORIENTED_EDGE('',*,*,#468,.T.);
#232=ORIENTED_EDGE('',*,*,#469,.F.);
#233=ORIENTED_EDGE('',*,*,#454,.T.);
#234=ORIENTED_EDGE('',*,*,#470,.F.);
#235=ORIENTED_EDGE('',*,*,#471,.T.);
#236=ORIENTED_EDGE('',*,*,#472,.F.);
#237=ORIENTED_EDGE('',*,*,#473,.F.);
#238=ORIENTED_EDGE('',*,*,#474,.F.);
#239=ORIENTED_EDGE('',*,*,#475,.F.);
#240=ORIENTED_EDGE('',*,*,#476,.T.);
#241=ORIENTED_EDGE('',*,*,#477,.T.);
#242=ORIENTED_EDGE('',*,*,#478,.F.);
#243=ORIENTED_EDGE('',*,*,#479,.F.);
#244=ORIENTED_EDGE('',*,*,#480,.F.);
#245=ORIENTED_EDGE('',*,*,#457,.F.);
#246=ORIENTED_EDGE('',*,*,#481,.T.);
#247=ORIENTED_EDGE('',*,*,#482,.T.);
#248=ORIENTED_EDGE('',*,*,#475,.T.);
#249=ORIENTED_EDGE('',*,*,#483,.F.);
#250=ORIENTED_EDGE('',*,*,#484,.F.);
#251=ORIENTED_EDGE('',*,*,#485,.T.);
#252=ORIENTED_EDGE('',*,*,#486,.T.);
#253=ORIENTED_EDGE('',*,*,#453,.T.);
#254=ORIENTED_EDGE('',*,*,#487,.F.);
#255=ORIENTED_EDGE('',*,*,#488,.T.);
#256=ORIENTED_EDGE('',*,*,#489,.T.);
#257=ORIENTED_EDGE('',*,*,#484,.T.);
#258=ORIENTED_EDGE('',*,*,#490,.F.);
#259=ORIENTED_EDGE('',*,*,#491,.F.);
#260=ORIENTED_EDGE('',*,*,#492,.T.);
#261=ORIENTED_EDGE('',*,*,#493,.T.);
#262=ORIENTED_EDGE('',*,*,#494,.T.);
#263=ORIENTED_EDGE('',*,*,#495,.F.);
#264=ORIENTED_EDGE('',*,*,#490,.T.);
#265=ORIENTED_EDGE('',*,*,#483,.T.);
#266=ORIENTED_EDGE('',*,*,#452,.F.);
#267=ORIENTED_EDGE('',*,*,#480,.T.);
#268=ORIENTED_EDGE('',*,*,#474,.T.);
#269=ORIENTED_EDGE('',*,*,#495,.T.);
#270=ORIENTED_EDGE('',*,*,#496,.T.);
#271=ORIENTED_EDGE('',*,*,#497,.F.);
#272=ORIENTED_EDGE('',*,*,#491,.T.);
#273=ORIENTED_EDGE('',*,*,#497,.T.);
#274=ORIENTED_EDGE('',*,*,#498,.T.);
#275=ORIENTED_EDGE('',*,*,#499,.F.);
#276=ORIENTED_EDGE('',*,*,#492,.F.);
#277=ORIENTED_EDGE('',*,*,#499,.T.);
#278=ORIENTED_EDGE('',*,*,#500,.T.);
#279=ORIENTED_EDGE('',*,*,#501,.F.);
#280=ORIENTED_EDGE('',*,*,#487,.T.);
#281=ORIENTED_EDGE('',*,*,#502,.T.);
#282=ORIENTED_EDGE('',*,*,#503,.T.);
#283=ORIENTED_EDGE('',*,*,#504,.F.);
#284=ORIENTED_EDGE('',*,*,#478,.T.);
#285=ORIENTED_EDGE('',*,*,#504,.T.);
#286=ORIENTED_EDGE('',*,*,#505,.T.);
#287=ORIENTED_EDGE('',*,*,#506,.F.);
#288=ORIENTED_EDGE('',*,*,#479,.T.);
#289=ORIENTED_EDGE('',*,*,#506,.T.);
#290=ORIENTED_EDGE('',*,*,#507,.T.);
#291=ORIENTED_EDGE('',*,*,#493,.F.);
#292=ORIENTED_EDGE('',*,*,#473,.T.);
#293=ORIENTED_EDGE('',*,*,#508,.T.);
#294=ORIENTED_EDGE('',*,*,#509,.T.);
#295=ORIENTED_EDGE('',*,*,#510,.T.);
#296=ORIENTED_EDGE('',*,*,#511,.T.);
#297=ORIENTED_EDGE('',*,*,#512,.T.);
#298=ORIENTED_EDGE('',*,*,#513,.T.);
#299=ORIENTED_EDGE('',*,*,#514,.T.);
#300=ORIENTED_EDGE('',*,*,#515,.T.);
#301=ORIENTED_EDGE('',*,*,#516,.F.);
#302=ORIENTED_EDGE('',*,*,#503,.F.);
#303=ORIENTED_EDGE('',*,*,#517,.F.);
#304=ORIENTED_EDGE('',*,*,#513,.F.);
#305=ORIENTED_EDGE('',*,*,#517,.T.);
#306=ORIENTED_EDGE('',*,*,#518,.F.);
#307=ORIENTED_EDGE('',*,*,#519,.F.);
#308=ORIENTED_EDGE('',*,*,#514,.F.);
#309=ORIENTED_EDGE('',*,*,#516,.T.);
#310=ORIENTED_EDGE('',*,*,#512,.F.);
#311=ORIENTED_EDGE('',*,*,#520,.F.);
#312=ORIENTED_EDGE('',*,*,#505,.F.);
#313=ORIENTED_EDGE('',*,*,#519,.T.);
#314=ORIENTED_EDGE('',*,*,#500,.F.);
#315=ORIENTED_EDGE('',*,*,#521,.F.);
#316=ORIENTED_EDGE('',*,*,#515,.F.);
#317=ORIENTED_EDGE('',*,*,#520,.T.);
#318=ORIENTED_EDGE('',*,*,#511,.F.);
#319=ORIENTED_EDGE('',*,*,#522,.F.);
#320=ORIENTED_EDGE('',*,*,#507,.F.);
#321=ORIENTED_EDGE('',*,*,#521,.T.);
#322=ORIENTED_EDGE('',*,*,#498,.F.);
#323=ORIENTED_EDGE('',*,*,#523,.F.);
#324=ORIENTED_EDGE('',*,*,#508,.F.);
#325=ORIENTED_EDGE('',*,*,#522,.T.);
#326=ORIENTED_EDGE('',*,*,#510,.F.);
#327=ORIENTED_EDGE('',*,*,#524,.F.);
#328=ORIENTED_EDGE('',*,*,#494,.F.);
#329=ORIENTED_EDGE('',*,*,#523,.T.);
#330=ORIENTED_EDGE('',*,*,#496,.F.);
#331=ORIENTED_EDGE('',*,*,#524,.T.);
#332=ORIENTED_EDGE('',*,*,#509,.F.);
#333=ORIENTED_EDGE('',*,*,#468,.F.);
#334=ORIENTED_EDGE('',*,*,#525,.T.);
#335=ORIENTED_EDGE('',*,*,#481,.F.);
#336=ORIENTED_EDGE('',*,*,#477,.F.);
#337=ORIENTED_EDGE('',*,*,#526,.T.);
#338=ORIENTED_EDGE('',*,*,#488,.F.);
#339=ORIENTED_EDGE('',*,*,#501,.T.);
#340=ORIENTED_EDGE('',*,*,#518,.T.);
#341=ORIENTED_EDGE('',*,*,#502,.F.);
#342=ORIENTED_EDGE('',*,*,#486,.F.);
#343=ORIENTED_EDGE('',*,*,#527,.T.);
#344=ORIENTED_EDGE('',*,*,#470,.T.);
#345=ORIENTED_EDGE('',*,*,#472,.T.);
#346=ORIENTED_EDGE('',*,*,#528,.T.);
#347=ORIENTED_EDGE('',*,*,#466,.F.);
#348=ORIENTED_EDGE('',*,*,#529,.F.);
#349=ORIENTED_EDGE('',*,*,#465,.F.);
#350=ORIENTED_EDGE('',*,*,#455,.F.);
#351=ORIENTED_EDGE('',*,*,#469,.T.);
#352=ORIENTED_EDGE('',*,*,#529,.T.);
#353=ORIENTED_EDGE('',*,*,#467,.F.);
#354=ORIENTED_EDGE('',*,*,#528,.F.);
#355=ORIENTED_EDGE('',*,*,#471,.F.);
#356=ORIENTED_EDGE('',*,*,#527,.F.);
#357=ORIENTED_EDGE('',*,*,#485,.F.);
#358=ORIENTED_EDGE('',*,*,#489,.F.);
#359=ORIENTED_EDGE('',*,*,#526,.F.);
#360=ORIENTED_EDGE('',*,*,#476,.F.);
#361=ORIENTED_EDGE('',*,*,#482,.F.);
#362=ORIENTED_EDGE('',*,*,#525,.F.);
#363=ORIENTED_EDGE('',*,*,#530,.T.);
#364=ORIENTED_EDGE('',*,*,#531,.F.);
#365=ORIENTED_EDGE('',*,*,#532,.F.);
#366=ORIENTED_EDGE('',*,*,#533,.T.);
#367=ORIENTED_EDGE('',*,*,#534,.F.);
#368=ORIENTED_EDGE('',*,*,#535,.F.);
#369=ORIENTED_EDGE('',*,*,#536,.T.);
#370=ORIENTED_EDGE('',*,*,#537,.T.);
#371=ORIENTED_EDGE('',*,*,#451,.F.);
#372=ORIENTED_EDGE('',*,*,#538,.T.);
#373=ORIENTED_EDGE('',*,*,#532,.T.);
#374=ORIENTED_EDGE('',*,*,#539,.T.);
#375=ORIENTED_EDGE('',*,*,#447,.F.);
#376=ORIENTED_EDGE('',*,*,#540,.T.);
#377=ORIENTED_EDGE('',*,*,#536,.F.);
#378=ORIENTED_EDGE('',*,*,#541,.T.);
#379=ORIENTED_EDGE('',*,*,#542,.F.);
#380=ORIENTED_EDGE('',*,*,#449,.T.);
#381=ORIENTED_EDGE('',*,*,#543,.F.);
#382=ORIENTED_EDGE('',*,*,#534,.T.);
#383=ORIENTED_EDGE('',*,*,#544,.F.);
#384=ORIENTED_EDGE('',*,*,#545,.F.);
#385=ORIENTED_EDGE('',*,*,#530,.F.);
#386=ORIENTED_EDGE('',*,*,#543,.T.);
#387=ORIENTED_EDGE('',*,*,#448,.T.);
#388=ORIENTED_EDGE('',*,*,#541,.F.);
#389=ORIENTED_EDGE('',*,*,#535,.T.);
#390=ORIENTED_EDGE('',*,*,#540,.F.);
#391=ORIENTED_EDGE('',*,*,#446,.T.);
#392=ORIENTED_EDGE('',*,*,#546,.T.);
#393=ORIENTED_EDGE('',*,*,#544,.T.);
#394=ORIENTED_EDGE('',*,*,#537,.F.);
#395=ORIENTED_EDGE('',*,*,#546,.F.);
#396=ORIENTED_EDGE('',*,*,#445,.T.);
#397=ORIENTED_EDGE('',*,*,#539,.F.);
#398=ORIENTED_EDGE('',*,*,#531,.T.);
#399=ORIENTED_EDGE('',*,*,#545,.T.);
#400=ORIENTED_EDGE('',*,*,#538,.F.);
#401=ORIENTED_EDGE('',*,*,#450,.T.);
#402=ORIENTED_EDGE('',*,*,#542,.T.);
#403=ORIENTED_EDGE('',*,*,#533,.F.);
#404=ORIENTED_EDGE('',*,*,#547,.F.);
#405=ORIENTED_EDGE('',*,*,#458,.T.);
#406=ORIENTED_EDGE('',*,*,#548,.F.);
#407=ORIENTED_EDGE('',*,*,#549,.T.);
#408=ORIENTED_EDGE('',*,*,#550,.T.);
#409=ORIENTED_EDGE('',*,*,#551,.F.);
#410=ORIENTED_EDGE('',*,*,#459,.T.);
#411=ORIENTED_EDGE('',*,*,#547,.T.);
#412=ORIENTED_EDGE('',*,*,#552,.T.);
#413=ORIENTED_EDGE('',*,*,#553,.F.);
#414=ORIENTED_EDGE('',*,*,#554,.T.);
#415=ORIENTED_EDGE('',*,*,#461,.T.);
#416=ORIENTED_EDGE('',*,*,#555,.F.);
#417=ORIENTED_EDGE('',*,*,#556,.T.);
#418=ORIENTED_EDGE('',*,*,#557,.F.);
#419=ORIENTED_EDGE('',*,*,#463,.T.);
#420=ORIENTED_EDGE('',*,*,#558,.T.);
#421=ORIENTED_EDGE('',*,*,#559,.F.);
#422=ORIENTED_EDGE('',*,*,#464,.F.);
#423=ORIENTED_EDGE('',*,*,#557,.T.);
#424=ORIENTED_EDGE('',*,*,#560,.F.);
#425=ORIENTED_EDGE('',*,*,#548,.T.);
#426=ORIENTED_EDGE('',*,*,#460,.F.);
#427=ORIENTED_EDGE('',*,*,#551,.T.);
#428=ORIENTED_EDGE('',*,*,#561,.F.);
#429=ORIENTED_EDGE('',*,*,#555,.T.);
#430=ORIENTED_EDGE('',*,*,#558,.F.);
#431=ORIENTED_EDGE('',*,*,#462,.T.);
#432=ORIENTED_EDGE('',*,*,#554,.F.);
#433=ORIENTED_EDGE('',*,*,#562,.T.);
#434=ORIENTED_EDGE('',*,*,#552,.F.);
#435=ORIENTED_EDGE('',*,*,#550,.F.);
#436=ORIENTED_EDGE('',*,*,#563,.T.);
#437=ORIENTED_EDGE('',*,*,#563,.F.);
#438=ORIENTED_EDGE('',*,*,#549,.F.);
#439=ORIENTED_EDGE('',*,*,#560,.T.);
#440=ORIENTED_EDGE('',*,*,#559,.T.);
#441=ORIENTED_EDGE('',*,*,#562,.F.);
#442=ORIENTED_EDGE('',*,*,#556,.F.);
#443=ORIENTED_EDGE('',*,*,#561,.T.);
#444=ORIENTED_EDGE('',*,*,#553,.T.);
#445=EDGE_CURVE('',#564,#565,#640,.T.);
#446=EDGE_CURVE('',#566,#564,#641,.T.);
#447=EDGE_CURVE('',#566,#567,#65,.T.);
#448=EDGE_CURVE('',#568,#567,#642,.T.);
#449=EDGE_CURVE('',#569,#568,#66,.T.);
#450=EDGE_CURVE('',#570,#569,#643,.T.);
#451=EDGE_CURVE('',#570,#565,#67,.T.);
#452=EDGE_CURVE('',#571,#572,#644,.T.);
#453=EDGE_CURVE('',#573,#572,#68,.T.);
#454=EDGE_CURVE('',#574,#573,#69,.T.);
#455=EDGE_CURVE('',#574,#575,#645,.T.);
#456=EDGE_CURVE('',#575,#576,#70,.T.);
#457=EDGE_CURVE('',#576,#571,#71,.T.);
#458=EDGE_CURVE('',#577,#578,#646,.T.);
#459=EDGE_CURVE('',#579,#577,#647,.T.);
#460=EDGE_CURVE('',#579,#580,#72,.F.);
#461=EDGE_CURVE('',#581,#580,#648,.T.);
#462=EDGE_CURVE('',#582,#581,#73,.F.);
#463=EDGE_CURVE('',#583,#582,#649,.T.);
#464=EDGE_CURVE('',#583,#578,#74,.F.);
#465=EDGE_CURVE('',#575,#584,#650,.T.);
#466=EDGE_CURVE('',#584,#585,#651,.T.);
#467=EDGE_CURVE('',#585,#586,#27,.F.);
#468=EDGE_CURVE('',#586,#576,#75,.T.);
#469=EDGE_CURVE('',#574,#587,#652,.T.);
#470=EDGE_CURVE('',#588,#573,#76,.T.);
#471=EDGE_CURVE('',#588,#589,#28,.T.);
#472=EDGE_CURVE('',#587,#589,#653,.T.);
#473=EDGE_CURVE('',#590,#591,#654,.T.);
#474=EDGE_CURVE('',#592,#590,#655,.T.);
#475=EDGE_CURVE('',#593,#592,#77,.T.);
#476=EDGE_CURVE('',#593,#594,#656,.T.);
#477=EDGE_CURVE('',#594,#595,#657,.T.);
#478=EDGE_CURVE('',#596,#595,#658,.T.);
#479=EDGE_CURVE('',#591,#596,#78,.F.);
#480=EDGE_CURVE('',#571,#592,#79,.T.);
#481=EDGE_CURVE('',#576,#597,#80,.T.);
#482=EDGE_CURVE('',#597,#593,#25,.F.);
#483=EDGE_CURVE('',#598,#572,#81,.T.);
#484=EDGE_CURVE('',#599,#598,#82,.T.);
#485=EDGE_CURVE('',#599,#600,#26,.F.);
#486=EDGE_CURVE('',#600,#573,#83,.T.);
#487=EDGE_CURVE('',#601,#602,#659,.T.);
#488=EDGE_CURVE('',#601,#603,#660,.T.);
#489=EDGE_CURVE('',#603,#599,#661,.T.);
#490=EDGE_CURVE('',#604,#598,#662,.T.);
#491=EDGE_CURVE('',#605,#604,#663,.T.);
#492=EDGE_CURVE('',#605,#602,#84,.F.);
#493=EDGE_CURVE('',#590,#606,#85,.T.);
#494=EDGE_CURVE('',#606,#607,#664,.T.);
#495=EDGE_CURVE('',#604,#607,#86,.T.);
#496=EDGE_CURVE('',#607,#608,#665,.T.);
#497=EDGE_CURVE('',#605,#608,#87,.T.);
#498=EDGE_CURVE('',#608,#609,#88,.T.);
#499=EDGE_CURVE('',#602,#609,#89,.T.);
#500=EDGE_CURVE('',#609,#610,#666,.T.);
#501=EDGE_CURVE('',#601,#610,#90,.T.);
#502=EDGE_CURVE('',#595,#611,#91,.T.);
#503=EDGE_CURVE('',#611,#612,#667,.T.);
#504=EDGE_CURVE('',#596,#612,#92,.T.);
#505=EDGE_CURVE('',#612,#613,#93,.T.);
#506=EDGE_CURVE('',#591,#613,#94,.T.);
#507=EDGE_CURVE('',#613,#606,#668,.T.);
#508=EDGE_CURVE('',#614,#615,#95,.F.);
#509=EDGE_CURVE('',#615,#616,#669,.T.);
#510=EDGE_CURVE('',#616,#617,#670,.T.);
#511=EDGE_CURVE('',#617,#618,#671,.T.);
#512=EDGE_CURVE('',#618,#619,#96,.T.);
#513=EDGE_CURVE('',#619,#620,#672,.T.);
#514=EDGE_CURVE('',#620,#621,#673,.T.);
#515=EDGE_CURVE('',#621,#614,#674,.T.);
#516=EDGE_CURVE('',#612,#619,#29,.T.);
#517=EDGE_CURVE('',#620,#611,#30,.T.);
#518=EDGE_CURVE('',#610,#611,#675,.T.);
#519=EDGE_CURVE('',#621,#610,#31,.T.);
#520=EDGE_CURVE('',#613,#618,#32,.T.);
#521=EDGE_CURVE('',#614,#609,#33,.T.);
#522=EDGE_CURVE('',#606,#617,#34,.T.);
#523=EDGE_CURVE('',#615,#608,#35,.T.);
#524=EDGE_CURVE('',#607,#616,#36,.T.);
#525=EDGE_CURVE('',#586,#597,#97,.F.);
#526=EDGE_CURVE('',#594,#603,#98,.F.);
#527=EDGE_CURVE('',#600,#588,#99,.F.);
#528=EDGE_CURVE('',#589,#585,#100,.T.);
#529=EDGE_CURVE('',#587,#584,#101,.T.);
#530=EDGE_CURVE('',#622,#623,#102,.T.);
#531=EDGE_CURVE('',#624,#623,#103,.T.);
#532=EDGE_CURVE('',#625,#624,#104,.T.);
#533=EDGE_CURVE('',#625,#622,#105,.T.);
#534=EDGE_CURVE('',#626,#627,#106,.T.);
#535=EDGE_CURVE('',#628,#626,#107,.T.);
#536=EDGE_CURVE('',#628,#629,#108,.T.);
#537=EDGE_CURVE('',#629,#627,#109,.T.);
#538=EDGE_CURVE('',#570,#625,#110,.T.);
#539=EDGE_CURVE('',#624,#565,#111,.T.);
#540=EDGE_CURVE('',#566,#629,#112,.T.);
#541=EDGE_CURVE('',#628,#567,#113,.T.);
#542=EDGE_CURVE('',#569,#622,#114,.T.);
#543=EDGE_CURVE('',#626,#568,#115,.T.);
#544=EDGE_CURVE('',#630,#627,#116,.T.);
#545=EDGE_CURVE('',#623,#630,#117,.T.);
#546=EDGE_CURVE('',#564,#630,#118,.T.);
#547=EDGE_CURVE('',#577,#631,#119,.T.);
#548=EDGE_CURVE('',#632,#578,#120,.T.);
#549=EDGE_CURVE('',#632,#633,#121,.T.);
#550=EDGE_CURVE('',#633,#631,#122,.T.);
#551=EDGE_CURVE('',#579,#634,#123,.T.);
#552=EDGE_CURVE('',#631,#635,#124,.T.);
#553=EDGE_CURVE('',#634,#635,#125,.T.);
#554=EDGE_CURVE('',#636,#581,#126,.T.);
#555=EDGE_CURVE('',#637,#580,#127,.T.);
#556=EDGE_CURVE('',#637,#636,#128,.T.);
#557=EDGE_CURVE('',#583,#638,#129,.T.);
#558=EDGE_CURVE('',#582,#639,#130,.T.);
#559=EDGE_CURVE('',#638,#639,#131,.T.);
#560=EDGE_CURVE('',#632,#638,#132,.T.);
#561=EDGE_CURVE('',#637,#634,#133,.T.);
#562=EDGE_CURVE('',#636,#635,#134,.T.);
#563=EDGE_CURVE('',#633,#639,#135,.T.);
#564=VERTEX_POINT('',#1374);
#565=VERTEX_POINT('',#1375);
#566=VERTEX_POINT('',#1383);
#567=VERTEX_POINT('',#1385);
#568=VERTEX_POINT('',#1393);
#569=VERTEX_POINT('',#1395);
#570=VERTEX_POINT('',#1403);
#571=VERTEX_POINT('',#1423);
#572=VERTEX_POINT('',#1424);
#573=VERTEX_POINT('',#1426);
#574=VERTEX_POINT('',#1428);
#575=VERTEX_POINT('',#1450);
#576=VERTEX_POINT('',#1452);
#577=VERTEX_POINT('',#1460);
#578=VERTEX_POINT('',#1461);
#579=VERTEX_POINT('',#1468);
#580=VERTEX_POINT('',#1470);
#581=VERTEX_POINT('',#1478);
#582=VERTEX_POINT('',#1480);
#583=VERTEX_POINT('',#1488);
#584=VERTEX_POINT('',#1496);
#585=VERTEX_POINT('',#1502);
#586=VERTEX_POINT('',#1504);
#587=VERTEX_POINT('',#1512);
#588=VERTEX_POINT('',#1514);
#589=VERTEX_POINT('',#1516);
#590=VERTEX_POINT('',#1537);
#591=VERTEX_POINT('',#1538);
#592=VERTEX_POINT('',#1545);
#593=VERTEX_POINT('',#1547);
#594=VERTEX_POINT('',#1552);
#595=VERTEX_POINT('',#1559);
#596=VERTEX_POINT('',#1565);
#597=VERTEX_POINT('',#1570);
#598=VERTEX_POINT('',#1574);
#599=VERTEX_POINT('',#1576);
#600=VERTEX_POINT('',#1578);
#601=VERTEX_POINT('',#1597);
#602=VERTEX_POINT('',#1598);
#603=VERTEX_POINT('',#1605);
#604=VERTEX_POINT('',#1616);
#605=VERTEX_POINT('',#1622);
#606=VERTEX_POINT('',#1626);
#607=VERTEX_POINT('',#1634);
#608=VERTEX_POINT('',#1642);
#609=VERTEX_POINT('',#1646);
#610=VERTEX_POINT('',#1654);
#611=VERTEX_POINT('',#1658);
#612=VERTEX_POINT('',#1664);
#613=VERTEX_POINT('',#1668);
#614=VERTEX_POINT('',#1699);
#615=VERTEX_POINT('',#1700);
#616=VERTEX_POINT('',#1706);
#617=VERTEX_POINT('',#1714);
#618=VERTEX_POINT('',#1720);
#619=VERTEX_POINT('',#1722);
#620=VERTEX_POINT('',#1728);
#621=VERTEX_POINT('',#1736);
#622=VERTEX_POINT('',#1918);
#623=VERTEX_POINT('',#1919);
#624=VERTEX_POINT('',#1921);
#625=VERTEX_POINT('',#1923);
#626=VERTEX_POINT('',#1927);
#627=VERTEX_POINT('',#1928);
#628=VERTEX_POINT('',#1930);
#629=VERTEX_POINT('',#1932);
#630=VERTEX_POINT('',#1944);
#631=VERTEX_POINT('',#1953);
#632=VERTEX_POINT('',#1955);
#633=VERTEX_POINT('',#1957);
#634=VERTEX_POINT('',#1961);
#635=VERTEX_POINT('',#1963);
#636=VERTEX_POINT('',#1967);
#637=VERTEX_POINT('',#1969);
#638=VERTEX_POINT('',#1973);
#639=VERTEX_POINT('',#1975);
#640=B_SPLINE_CURVE_WITH_KNOTS('',3,(#1367,#1368,#1369,#1370,#1371,#1372,
#1373),.UNSPECIFIED.,.F.,.F.,(4,1,1,1,4),(6.66585976908324E-18,0.00376774956947985,
0.00753549913895969,0.0113032487084395,0.0150709982779194),
 .UNSPECIFIED.);
#641=B_SPLINE_CURVE_WITH_KNOTS('',3,(#1376,#1377,#1378,#1379,#1380,#1381,
#1382),.UNSPECIFIED.,.F.,.F.,(4,1,1,1,4),(1.1952295104192E-16,0.0037705154310351,
0.00754103086207009,0.0113115462931051,0.0150820617241401),
 .UNSPECIFIED.);
#642=B_SPLINE_CURVE_WITH_KNOTS('',3,(#1386,#1387,#1388,#1389,#1390,#1391,
#1392),.UNSPECIFIED.,.F.,.F.,(4,1,1,1,4),(2.28732434097585E-16,0.00394524025174491,
0.0078904805034896,0.0118357207552343,0.015780961006979),.UNSPECIFIED.);
#643=B_SPLINE_CURVE_WITH_KNOTS('',3,(#1396,#1397,#1398,#1399,#1400,#1401,
#1402),.UNSPECIFIED.,.F.,.F.,(4,1,1,1,4),(0.,0.00394863735041744,0.00789727470083489,
0.0118459120512523,0.0157945494016698),.UNSPECIFIED.);
#644=B_SPLINE_CURVE_WITH_KNOTS('',3,(#1405,#1406,#1407,#1408,#1409,#1410,
#1411,#1412,#1413,#1414,#1415,#1416,#1417,#1418,#1419,#1420,#1421,#1422),
 .UNSPECIFIED.,.F.,.F.,(4,1,1,1,1,1,1,1,1,1,1,1,1,1,1,4),(0.,0.0625,0.125,
0.1875,0.25,0.3125,0.375,0.5,0.625,0.6875,0.75,0.78125,0.8125,0.875,0.9375,
1.),.UNSPECIFIED.);
#645=B_SPLINE_CURVE_WITH_KNOTS('',3,(#1429,#1430,#1431,#1432,#1433,#1434,
#1435,#1436,#1437,#1438,#1439,#1440,#1441,#1442,#1443,#1444,#1445,#1446,
#1447,#1448,#1449),.UNSPECIFIED.,.F.,.F.,(4,1,1,1,1,1,1,1,1,1,1,1,1,1,1,
1,1,1,4),(7.92089881878438E-13,0.00193503805624037,0.00387007611168864,
0.00580511416713692,0.0077401522225852,0.00967519027803348,0.0116102283334818,
0.01354526638893,0.0145127854166542,0.0154803044443783,0.0164478234721024,
0.0174153424998266,0.0193503805552749,0.0212854186107231,0.0232204566661714,
0.0251554947216197,0.027090532777068,0.0290255708325163,0.0309606088879645),
 .UNSPECIFIED.);
#646=B_SPLINE_CURVE_WITH_KNOTS('',3,(#1454,#1455,#1456,#1457,#1458,#1459),
 .UNSPECIFIED.,.F.,.F.,(4,1,1,4),(6.82961315453726E-18,0.00731563576165427,
0.0109734536424814,0.0146312715233085),.UNSPECIFIED.);
#647=B_SPLINE_CURVE_WITH_KNOTS('',3,(#1462,#1463,#1464,#1465,#1466,#1467),
 .UNSPECIFIED.,.F.,.F.,(4,1,1,4),(0.,0.00365965505881777,0.00731931011763555,
0.0146386202352711),.UNSPECIFIED.);
#648=B_SPLINE_CURVE_WITH_KNOTS('',3,(#1471,#1472,#1473,#1474,#1475,#1476,
#1477),.UNSPECIFIED.,.F.,.F.,(4,1,1,1,4),(6.31821083487445E-17,0.00397601127528883,
0.0079520225505776,0.0119280338258664,0.0159040451011551),.UNSPECIFIED.);
#649=B_SPLINE_CURVE_WITH_KNOTS('',3,(#1481,#1482,#1483,#1484,#1485,#1486,
#1487),.UNSPECIFIED.,.F.,.F.,(4,1,1,1,4),(0.,0.00397876091123135,0.0079575218224627,
0.011936282733694,0.0159150436449254),.UNSPECIFIED.);
#650=B_SPLINE_CURVE_WITH_KNOTS('',3,(#1491,#1492,#1493,#1494,#1495),
 .UNSPECIFIED.,.F.,.F.,(4,1,4),(0.,0.187743161058922,1.),.UNSPECIFIED.);
#651=B_SPLINE_CURVE_WITH_KNOTS('',3,(#1497,#1498,#1499,#1500,#1501),
 .UNSPECIFIED.,.F.,.F.,(4,1,4),(0.,0.288511581188142,1.),.UNSPECIFIED.);
#652=B_SPLINE_CURVE_WITH_KNOTS('',3,(#1507,#1508,#1509,#1510,#1511),
 .UNSPECIFIED.,.F.,.F.,(4,1,4),(0.,0.187743161058922,1.),.UNSPECIFIED.);
#653=B_SPLINE_CURVE_WITH_KNOTS('',3,(#1517,#1518,#1519,#1520,#1521),
 .UNSPECIFIED.,.F.,.F.,(4,1,4),(0.,0.288511581188142,1.),.UNSPECIFIED.);
#654=B_SPLINE_CURVE_WITH_KNOTS('',3,(#1532,#1533,#1534,#1535,#1536),
 .UNSPECIFIED.,.F.,.F.,(4,1,4),(0.,0.00233951076375022,0.00467902152750044),
 .UNSPECIFIED.);
#655=B_SPLINE_CURVE_WITH_KNOTS('',3,(#1539,#1540,#1541,#1542,#1543,#1544),
 .UNSPECIFIED.,.F.,.F.,(4,1,1,4),(0.,0.249791311235754,0.762661778522575,
1.),.UNSPECIFIED.);
#656=B_SPLINE_CURVE_WITH_KNOTS('',3,(#1548,#1549,#1550,#1551),
 .UNSPECIFIED.,.F.,.F.,(4,4),(1.53451956115496E-17,0.0007137791641625),
 .UNSPECIFIED.);
#657=B_SPLINE_CURVE_WITH_KNOTS('',3,(#1553,#1554,#1555,#1556,#1557,#1558),
 .UNSPECIFIED.,.F.,.F.,(4,1,1,4),(0.,0.249791311235754,0.762661778522575,
1.),.UNSPECIFIED.);
#658=B_SPLINE_CURVE_WITH_KNOTS('',3,(#1560,#1561,#1562,#1563,#1564),
 .UNSPECIFIED.,.F.,.F.,(4,1,4),(0.,0.0023386409992645,0.004677281998529),
 .UNSPECIFIED.);
#659=B_SPLINE_CURVE_WITH_KNOTS('',3,(#1592,#1593,#1594,#1595,#1596),
 .UNSPECIFIED.,.F.,.F.,(4,1,4),(2.86746899489778E-14,0.00233091641893527,
0.00466183283784187),.UNSPECIFIED.);
#660=B_SPLINE_CURVE_WITH_KNOTS('',3,(#1599,#1600,#1601,#1602,#1603,#1604),
 .UNSPECIFIED.,.F.,.F.,(4,1,1,4),(0.,0.249791311235754,0.762661778522575,
1.),.UNSPECIFIED.);
#661=B_SPLINE_CURVE_WITH_KNOTS('',3,(#1606,#1607,#1608,#1609),
 .UNSPECIFIED.,.F.,.F.,(4,4),(1.11595585018178E-15,0.000697837662977749),
 .UNSPECIFIED.);
#662=B_SPLINE_CURVE_WITH_KNOTS('',3,(#1610,#1611,#1612,#1613,#1614,#1615),
 .UNSPECIFIED.,.F.,.F.,(4,1,1,4),(0.,0.249791311235754,0.762661778522575,
1.),.UNSPECIFIED.);
#663=B_SPLINE_CURVE_WITH_KNOTS('',3,(#1617,#1618,#1619,#1620,#1621),
 .UNSPECIFIED.,.F.,.F.,(4,1,4),(0.,0.00233001553255319,0.00466003106510638),
 .UNSPECIFIED.);
#664=B_SPLINE_CURVE_WITH_KNOTS('',3,(#1627,#1628,#1629,#1630,#1631,#1632,
#1633),.UNSPECIFIED.,.F.,.F.,(4,1,1,1,4),(0.,0.00451935344282168,0.00903870688564337,
0.0135580603284651,0.0180774137712867),.UNSPECIFIED.);
#665=B_SPLINE_CURVE_WITH_KNOTS('',3,(#1637,#1638,#1639,#1640,#1641),
 .UNSPECIFIED.,.F.,.F.,(4,1,4),(8.67361737988404E-19,0.00230593781404325,
0.0046118756280865),.UNSPECIFIED.);
#666=B_SPLINE_CURVE_WITH_KNOTS('',3,(#1649,#1650,#1651,#1652,#1653),
 .UNSPECIFIED.,.F.,.F.,(4,1,4),(0.,0.00230675963848817,0.00461351927697635),
 .UNSPECIFIED.);
#667=B_SPLINE_CURVE_WITH_KNOTS('',3,(#1659,#1660,#1661,#1662,#1663),
 .UNSPECIFIED.,.F.,.F.,(4,1,4),(0.,0.00231162919664108,0.00462325839328217),
 .UNSPECIFIED.);
#668=B_SPLINE_CURVE_WITH_KNOTS('',3,(#1671,#1672,#1673,#1674,#1675),
 .UNSPECIFIED.,.F.,.F.,(4,1,4),(0.,0.00231255276808446,0.00462510553616892),
 .UNSPECIFIED.);
#669=B_SPLINE_CURVE_WITH_KNOTS('',3,(#1701,#1702,#1703,#1704,#1705),
 .UNSPECIFIED.,.F.,.F.,(4,1,4),(0.,0.00192010336931493,0.00384020673862986),
 .UNSPECIFIED.);
#670=B_SPLINE_CURVE_WITH_KNOTS('',3,(#1707,#1708,#1709,#1710,#1711,#1712,
#1713),.UNSPECIFIED.,.F.,.F.,(4,1,1,1,4),(0.,0.00446273924254621,0.00892547848509242,
0.0133882177276386,0.0178509569701848),.UNSPECIFIED.);
#671=B_SPLINE_CURVE_WITH_KNOTS('',3,(#1715,#1716,#1717,#1718,#1719),
 .UNSPECIFIED.,.F.,.F.,(4,1,4),(0.,0.00190851456546659,0.00381702913093319),
 .UNSPECIFIED.);
#672=B_SPLINE_CURVE_WITH_KNOTS('',3,(#1723,#1724,#1725,#1726,#1727),
 .UNSPECIFIED.,.F.,.F.,(4,1,4),(0.,0.0019234090609116,0.00384681812182321),
 .UNSPECIFIED.);
#673=B_SPLINE_CURVE_WITH_KNOTS('',3,(#1729,#1730,#1731,#1732,#1733,#1734,
#1735),.UNSPECIFIED.,.F.,.F.,(4,1,1,1,4),(0.,0.00446119747665209,0.00892239495330418,
0.0133835924299563,0.0178447899066084),.UNSPECIFIED.);
#674=B_SPLINE_CURVE_WITH_KNOTS('',3,(#1737,#1738,#1739,#1740,#1741),
 .UNSPECIFIED.,.F.,.F.,(4,1,4),(0.,0.00190689019919443,0.00381378039838887),
 .UNSPECIFIED.);
#675=B_SPLINE_CURVE_WITH_KNOTS('',3,(#1783,#1784,#1785,#1786,#1787,#1788,
#1789),.UNSPECIFIED.,.F.,.F.,(4,1,1,1,4),(0.,0.00452090852802069,0.00904181705604138,
0.0135627255840621,0.0180836341120828),.UNSPECIFIED.);
#676=EDGE_LOOP('',(#207,#208,#209,#210,#211,#212,#213));
#677=EDGE_LOOP('',(#214,#215,#216,#217,#218,#219));
#678=EDGE_LOOP('',(#220,#221,#222,#223,#224,#225,#226));
#679=EDGE_LOOP('',(#227,#228,#229,#230,#231));
#680=EDGE_LOOP('',(#232,#233,#234,#235,#236));
#681=EDGE_LOOP('',(#237,#238,#239,#240,#241,#242,#243));
#682=EDGE_LOOP('',(#244,#245,#246,#247,#248));
#683=EDGE_LOOP('',(#249,#250,#251,#252,#253));
#684=EDGE_LOOP('',(#254,#255,#256,#257,#258,#259,#260));
#685=EDGE_LOOP('',(#261,#262,#263,#264,#265,#266,#267,#268));
#686=EDGE_LOOP('',(#269,#270,#271,#272));
#687=EDGE_LOOP('',(#273,#274,#275,#276));
#688=EDGE_LOOP('',(#277,#278,#279,#280));
#689=EDGE_LOOP('',(#281,#282,#283,#284));
#690=EDGE_LOOP('',(#285,#286,#287,#288));
#691=EDGE_LOOP('',(#289,#290,#291,#292));
#692=EDGE_LOOP('',(#293,#294,#295,#296,#297,#298,#299,#300));
#693=EDGE_LOOP('',(#301,#302,#303,#304));
#694=EDGE_LOOP('',(#305,#306,#307,#308));
#695=EDGE_LOOP('',(#309,#310,#311,#312));
#696=EDGE_LOOP('',(#313,#314,#315,#316));
#697=EDGE_LOOP('',(#317,#318,#319,#320));
#698=EDGE_LOOP('',(#321,#322,#323,#324));
#699=EDGE_LOOP('',(#325,#326,#327,#328));
#700=EDGE_LOOP('',(#329,#330,#331,#332));
#701=EDGE_LOOP('',(#333,#334,#335));
#702=EDGE_LOOP('',(#336,#337,#338,#339,#340,#341));
#703=EDGE_LOOP('',(#342,#343,#344));
#704=EDGE_LOOP('',(#345,#346,#347,#348));
#705=EDGE_LOOP('',(#349,#350,#351,#352));
#706=EDGE_LOOP('',(#353,#354,#355,#356,#357,#358,#359,#360,#361,#362));
#707=EDGE_LOOP('',(#363,#364,#365,#366));
#708=EDGE_LOOP('',(#367,#368,#369,#370));
#709=EDGE_LOOP('',(#371,#372,#373,#374));
#710=EDGE_LOOP('',(#375,#376,#377,#378));
#711=EDGE_LOOP('',(#379,#380,#381,#382,#383,#384,#385));
#712=EDGE_LOOP('',(#386,#387,#388,#389));
#713=EDGE_LOOP('',(#390,#391,#392,#393,#394));
#714=EDGE_LOOP('',(#395,#396,#397,#398,#399));
#715=EDGE_LOOP('',(#400,#401,#402,#403));
#716=EDGE_LOOP('',(#404,#405,#406,#407,#408));
#717=EDGE_LOOP('',(#409,#410,#411,#412,#413));
#718=EDGE_LOOP('',(#414,#415,#416,#417));
#719=EDGE_LOOP('',(#418,#419,#420,#421));
#720=EDGE_LOOP('',(#422,#423,#424,#425));
#721=EDGE_LOOP('',(#426,#427,#428,#429));
#722=EDGE_LOOP('',(#430,#431,#432,#433,#434,#435,#436));
#723=EDGE_LOOP('',(#437,#438,#439,#440));
#724=EDGE_LOOP('',(#441,#442,#443,#444));
#725=FACE_BOUND('',#676,.T.);
#726=FACE_BOUND('',#677,.T.);
#727=FACE_BOUND('',#678,.T.);
#728=FACE_BOUND('',#679,.T.);
#729=FACE_BOUND('',#680,.T.);
#730=FACE_BOUND('',#681,.T.);
#731=FACE_BOUND('',#682,.T.);
#732=FACE_BOUND('',#683,.T.);
#733=FACE_BOUND('',#684,.T.);
#734=FACE_BOUND('',#685,.T.);
#735=FACE_BOUND('',#686,.T.);
#736=FACE_BOUND('',#687,.T.);
#737=FACE_BOUND('',#688,.T.);
#738=FACE_BOUND('',#689,.T.);
#739=FACE_BOUND('',#690,.T.);
#740=FACE_BOUND('',#691,.T.);
#741=FACE_BOUND('',#692,.T.);
#742=FACE_BOUND('',#693,.T.);
#743=FACE_BOUND('',#694,.T.);
#744=FACE_BOUND('',#695,.T.);
#745=FACE_BOUND('',#696,.T.);
#746=FACE_BOUND('',#697,.T.);
#747=FACE_BOUND('',#698,.T.);
#748=FACE_BOUND('',#699,.T.);
#749=FACE_BOUND('',#700,.T.);
#750=FACE_BOUND('',#701,.T.);
#751=FACE_BOUND('',#702,.T.);
#752=FACE_BOUND('',#703,.T.);
#753=FACE_BOUND('',#704,.T.);
#754=FACE_BOUND('',#705,.T.);
#755=FACE_BOUND('',#706,.T.);
#756=FACE_BOUND('',#707,.T.);
#757=FACE_BOUND('',#708,.T.);
#758=FACE_BOUND('',#709,.T.);
#759=FACE_BOUND('',#710,.T.);
#760=FACE_BOUND('',#711,.T.);
#761=FACE_BOUND('',#712,.T.);
#762=FACE_BOUND('',#713,.T.);
#763=FACE_BOUND('',#714,.T.);
#764=FACE_BOUND('',#715,.T.);
#765=FACE_BOUND('',#716,.T.);
#766=FACE_BOUND('',#717,.T.);
#767=FACE_BOUND('',#718,.T.);
#768=FACE_BOUND('',#719,.T.);
#769=FACE_BOUND('',#720,.T.);
#770=FACE_BOUND('',#721,.T.);
#771=FACE_BOUND('',#722,.T.);
#772=FACE_BOUND('',#723,.T.);
#773=FACE_BOUND('',#724,.T.);
#774=B_SPLINE_SURFACE_WITH_KNOTS('',3,1,((#1345,#1346),(#1347,#1348),(#1349,
#1350),(#1351,#1352),(#1353,#1354),(#1355,#1356),(#1357,#1358),(#1359,#1360),
(#1361,#1362),(#1363,#1364),(#1365,#1366)),.SURF_OF_LINEAR_EXTRUSION.,.F.,
 .F.,.F.,(4,1,1,1,1,1,1,1,4),(2,2),(0.,0.125,0.25,0.375,0.5,0.625,0.75,
0.875,1.),(0.,1.),.UNSPECIFIED.);
#775=B_SPLINE_SURFACE_WITH_KNOTS('',3,1,((#1522,#1523),(#1524,#1525),(#1526,
#1527),(#1528,#1529),(#1530,#1531)),.SURF_OF_LINEAR_EXTRUSION.,.F.,.F.,
 .F.,(4,1,4),(2,2),(0.,0.136960841938705,0.273921683877411),(0.,1.),
 .UNSPECIFIED.);
#776=B_SPLINE_SURFACE_WITH_KNOTS('',3,1,((#1580,#1581),(#1582,#1583),(#1584,
#1585),(#1586,#1587),(#1588,#1589),(#1590,#1591)),
 .SURF_OF_LINEAR_EXTRUSION.,.F.,.F.,.F.,(4,1,1,4),(2,2),(0.723166259509016,
0.792374694631762,0.861583129754508,1.),(0.,1.),.UNSPECIFIED.);
#777=B_SPLINE_SURFACE_WITH_KNOTS('',3,1,((#1676,#1677),(#1678,#1679),(#1680,
#1681),(#1682,#1683),(#1684,#1685),(#1686,#1687),(#1688,#1689),(#1690,#1691),
(#1692,#1693),(#1694,#1695),(#1696,#1697)),.SURF_OF_LINEAR_EXTRUSION.,.F.,
 .F.,.F.,(4,1,1,1,1,1,1,1,4),(2,2),(0.160839966598443,0.244767953347796,
0.328695940097148,0.412623926846501,0.496551913595853,0.580479900345206,
0.664407887094558,0.748335873843911,0.832263860593263),(0.,1.),
 .UNSPECIFIED.);
#778=B_SPLINE_SURFACE_WITH_KNOTS('',3,1,((#1879,#1880),(#1881,#1882),(#1883,
#1884),(#1885,#1886),(#1887,#1888),(#1889,#1890),(#1891,#1892),(#1893,#1894)),
 .SURF_OF_LINEAR_EXTRUSION.,.F.,.F.,.F.,(4,1,1,1,1,4),(2,2),(0.,0.240846471735281,
0.361269707602921,0.481692943470562,0.722539415205843,0.963385886941124),
(0.,1.),.UNSPECIFIED.);
#779=B_SPLINE_SURFACE_WITH_KNOTS('',3,1,((#1897,#1898),(#1899,#1900),(#1901,
#1902),(#1903,#1904),(#1905,#1906),(#1907,#1908),(#1909,#1910),(#1911,#1912),
(#1913,#1914)),.SURF_OF_LINEAR_EXTRUSION.,.F.,.F.,.F.,(4,1,1,1,1,1,4),(2,
2),(0.,0.125,0.25,0.375,0.5,0.75,1.),(0.,1.),.UNSPECIFIED.);
#780=OVER_RIDING_STYLED_ITEM('',(#871),#821,#869);
#781=OVER_RIDING_STYLED_ITEM('',(#872),#822,#869);
#782=OVER_RIDING_STYLED_ITEM('',(#873),#823,#869);
#783=OVER_RIDING_STYLED_ITEM('',(#874),#824,#869);
#784=OVER_RIDING_STYLED_ITEM('',(#875),#825,#869);
#785=OVER_RIDING_STYLED_ITEM('',(#876),#826,#869);
#786=OVER_RIDING_STYLED_ITEM('',(#877),#827,#869);
#787=OVER_RIDING_STYLED_ITEM('',(#878),#828,#869);
#788=OVER_RIDING_STYLED_ITEM('',(#879),#829,#869);
#789=OVER_RIDING_STYLED_ITEM('',(#880),#834,#869);
#790=OVER_RIDING_STYLED_ITEM('',(#881),#835,#869);
#791=OVER_RIDING_STYLED_ITEM('',(#882),#836,#869);
#792=OVER_RIDING_STYLED_ITEM('',(#883),#837,#869);
#793=OVER_RIDING_STYLED_ITEM('',(#884),#838,#869);
#794=OVER_RIDING_STYLED_ITEM('',(#885),#839,#869);
#795=OVER_RIDING_STYLED_ITEM('',(#886),#840,#869);
#796=OVER_RIDING_STYLED_ITEM('',(#887),#841,#869);
#797=OVER_RIDING_STYLED_ITEM('',(#888),#842,#869);
#798=OVER_RIDING_STYLED_ITEM('',(#889),#843,#869);
#799=OVER_RIDING_STYLED_ITEM('',(#890),#845,#869);
#800=OVER_RIDING_STYLED_ITEM('',(#891),#847,#869);
#801=OVER_RIDING_STYLED_ITEM('',(#892),#848,#869);
#802=OVER_RIDING_STYLED_ITEM('',(#893),#849,#869);
#803=OVER_RIDING_STYLED_ITEM('',(#894),#850,#869);
#804=OVER_RIDING_STYLED_ITEM('',(#895),#851,#869);
#805=OVER_RIDING_STYLED_ITEM('',(#896),#852,#869);
#806=OVER_RIDING_STYLED_ITEM('',(#897),#853,#869);
#807=OVER_RIDING_STYLED_ITEM('',(#898),#854,#869);
#808=OVER_RIDING_STYLED_ITEM('',(#899),#855,#869);
#809=OVER_RIDING_STYLED_ITEM('',(#900),#856,#869);
#810=OVER_RIDING_STYLED_ITEM('',(#901),#857,#869);
#811=OVER_RIDING_STYLED_ITEM('',(#902),#858,#869);
#812=OVER_RIDING_STYLED_ITEM('',(#903),#859,#869);
#813=OVER_RIDING_STYLED_ITEM('',(#904),#860,#869);
#814=OVER_RIDING_STYLED_ITEM('',(#905),#861,#869);
#815=OVER_RIDING_STYLED_ITEM('',(#906),#862,#869);
#816=OVER_RIDING_STYLED_ITEM('',(#907),#863,#869);
#817=OVER_RIDING_STYLED_ITEM('',(#908),#864,#869);
#818=OVER_RIDING_STYLED_ITEM('',(#909),#865,#869);
#819=OVER_RIDING_STYLED_ITEM('',(#910),#866,#869);
#820=OVER_RIDING_STYLED_ITEM('',(#911),#867,#869);
#821=ADVANCED_FACE('',(#725,#726,#727),#774,.F.);
#822=ADVANCED_FACE('',(#728),#37,.F.);
#823=ADVANCED_FACE('',(#729),#38,.T.);
#824=ADVANCED_FACE('',(#730),#775,.T.);
#825=ADVANCED_FACE('',(#731),#39,.T.);
#826=ADVANCED_FACE('',(#732),#40,.T.);
#827=ADVANCED_FACE('',(#733),#776,.T.);
#828=ADVANCED_FACE('',(#734),#41,.F.);
#829=ADVANCED_FACE('',(#735),#18,.T.);
#830=ADVANCED_FACE('',(#736),#42,.F.);
#831=ADVANCED_FACE('',(#737),#19,.T.);
#832=ADVANCED_FACE('',(#738),#20,.T.);
#833=ADVANCED_FACE('',(#739),#43,.T.);
#834=ADVANCED_FACE('',(#740),#21,.T.);
#835=ADVANCED_FACE('',(#741),#777,.F.);
#836=ADVANCED_FACE('',(#742),#12,.T.);
#837=ADVANCED_FACE('',(#743),#13,.T.);
#838=ADVANCED_FACE('',(#744),#22,.T.);
#839=ADVANCED_FACE('',(#745),#14,.T.);
#840=ADVANCED_FACE('',(#746),#15,.T.);
#841=ADVANCED_FACE('',(#747),#23,.T.);
#842=ADVANCED_FACE('',(#748),#16,.T.);
#843=ADVANCED_FACE('',(#749),#17,.T.);
#844=ADVANCED_FACE('',(#750),#44,.T.);
#845=ADVANCED_FACE('',(#751),#45,.T.);
#846=ADVANCED_FACE('',(#752),#46,.T.);
#847=ADVANCED_FACE('',(#753),#778,.T.);
#848=ADVANCED_FACE('',(#754),#779,.T.);
#849=ADVANCED_FACE('',(#755),#24,.T.);
#850=ADVANCED_FACE('',(#756),#47,.F.);
#851=ADVANCED_FACE('',(#757),#48,.T.);
#852=ADVANCED_FACE('',(#758),#49,.T.);
#853=ADVANCED_FACE('',(#759),#50,.T.);
#854=ADVANCED_FACE('',(#760),#51,.F.);
#855=ADVANCED_FACE('',(#761),#52,.F.);
#856=ADVANCED_FACE('',(#762),#53,.F.);
#857=ADVANCED_FACE('',(#763),#54,.F.);
#858=ADVANCED_FACE('',(#764),#55,.F.);
#859=ADVANCED_FACE('',(#765),#56,.F.);
#860=ADVANCED_FACE('',(#766),#57,.F.);
#861=ADVANCED_FACE('',(#767),#58,.F.);
#862=ADVANCED_FACE('',(#768),#59,.F.);
#863=ADVANCED_FACE('',(#769),#60,.T.);
#864=ADVANCED_FACE('',(#770),#61,.T.);
#865=ADVANCED_FACE('',(#771),#62,.F.);
#866=ADVANCED_FACE('',(#772),#63,.T.);
#867=ADVANCED_FACE('',(#773),#64,.T.);
#868=CLOSED_SHELL('',(#821,#822,#823,#824,#825,#826,#827,#828,#829,#830,
#831,#832,#833,#834,#835,#836,#837,#838,#839,#840,#841,#842,#843,#844,#845,
#846,#847,#848,#849,#850,#851,#852,#853,#854,#855,#856,#857,#858,#859,#860,
#861,#862,#863,#864,#865,#866,#867));
#869=STYLED_ITEM('',(#870),#1126);
#870=PRESENTATION_STYLE_ASSIGNMENT((#912));
#871=PRESENTATION_STYLE_ASSIGNMENT((#913));
#872=PRESENTATION_STYLE_ASSIGNMENT((#914));
#873=PRESENTATION_STYLE_ASSIGNMENT((#915));
#874=PRESENTATION_STYLE_ASSIGNMENT((#916));
#875=PRESENTATION_STYLE_ASSIGNMENT((#917));
#876=PRESENTATION_STYLE_ASSIGNMENT((#918));
#877=PRESENTATION_STYLE_ASSIGNMENT((#919));
#878=PRESENTATION_STYLE_ASSIGNMENT((#920));
#879=PRESENTATION_STYLE_ASSIGNMENT((#921));
#880=PRESENTATION_STYLE_ASSIGNMENT((#922));
#881=PRESENTATION_STYLE_ASSIGNMENT((#923));
#882=PRESENTATION_STYLE_ASSIGNMENT((#924));
#883=PRESENTATION_STYLE_ASSIGNMENT((#925));
#884=PRESENTATION_STYLE_ASSIGNMENT((#926));
#885=PRESENTATION_STYLE_ASSIGNMENT((#927));
#886=PRESENTATION_STYLE_ASSIGNMENT((#928));
#887=PRESENTATION_STYLE_ASSIGNMENT((#929));
#888=PRESENTATION_STYLE_ASSIGNMENT((#930));
#889=PRESENTATION_STYLE_ASSIGNMENT((#931));
#890=PRESENTATION_STYLE_ASSIGNMENT((#932));
#891=PRESENTATION_STYLE_ASSIGNMENT((#933));
#892=PRESENTATION_STYLE_ASSIGNMENT((#934));
#893=PRESENTATION_STYLE_ASSIGNMENT((#935));
#894=PRESENTATION_STYLE_ASSIGNMENT((#936));
#895=PRESENTATION_STYLE_ASSIGNMENT((#937));
#896=PRESENTATION_STYLE_ASSIGNMENT((#938));
#897=PRESENTATION_STYLE_ASSIGNMENT((#939));
#898=PRESENTATION_STYLE_ASSIGNMENT((#940));
#899=PRESENTATION_STYLE_ASSIGNMENT((#941));
#900=PRESENTATION_STYLE_ASSIGNMENT((#942));
#901=PRESENTATION_STYLE_ASSIGNMENT((#943));
#902=PRESENTATION_STYLE_ASSIGNMENT((#944));
#903=PRESENTATION_STYLE_ASSIGNMENT((#945));
#904=PRESENTATION_STYLE_ASSIGNMENT((#946));
#905=PRESENTATION_STYLE_ASSIGNMENT((#947));
#906=PRESENTATION_STYLE_ASSIGNMENT((#948));
#907=PRESENTATION_STYLE_ASSIGNMENT((#949));
#908=PRESENTATION_STYLE_ASSIGNMENT((#950));
#909=PRESENTATION_STYLE_ASSIGNMENT((#951));
#910=PRESENTATION_STYLE_ASSIGNMENT((#952));
#911=PRESENTATION_STYLE_ASSIGNMENT((#953));
#912=SURFACE_STYLE_USAGE(.BOTH.,#954);
#913=SURFACE_STYLE_USAGE(.BOTH.,#955);
#914=SURFACE_STYLE_USAGE(.BOTH.,#956);
#915=SURFACE_STYLE_USAGE(.BOTH.,#957);
#916=SURFACE_STYLE_USAGE(.BOTH.,#958);
#917=SURFACE_STYLE_USAGE(.BOTH.,#959);
#918=SURFACE_STYLE_USAGE(.BOTH.,#960);
#919=SURFACE_STYLE_USAGE(.BOTH.,#961);
#920=SURFACE_STYLE_USAGE(.BOTH.,#962);
#921=SURFACE_STYLE_USAGE(.BOTH.,#963);
#922=SURFACE_STYLE_USAGE(.BOTH.,#964);
#923=SURFACE_STYLE_USAGE(.BOTH.,#965);
#924=SURFACE_STYLE_USAGE(.BOTH.,#966);
#925=SURFACE_STYLE_USAGE(.BOTH.,#967);
#926=SURFACE_STYLE_USAGE(.BOTH.,#968);
#927=SURFACE_STYLE_USAGE(.BOTH.,#969);
#928=SURFACE_STYLE_USAGE(.BOTH.,#970);
#929=SURFACE_STYLE_USAGE(.BOTH.,#971);
#930=SURFACE_STYLE_USAGE(.BOTH.,#972);
#931=SURFACE_STYLE_USAGE(.BOTH.,#973);
#932=SURFACE_STYLE_USAGE(.BOTH.,#974);
#933=SURFACE_STYLE_USAGE(.BOTH.,#975);
#934=SURFACE_STYLE_USAGE(.BOTH.,#976);
#935=SURFACE_STYLE_USAGE(.BOTH.,#977);
#936=SURFACE_STYLE_USAGE(.BOTH.,#978);
#937=SURFACE_STYLE_USAGE(.BOTH.,#979);
#938=SURFACE_STYLE_USAGE(.BOTH.,#980);
#939=SURFACE_STYLE_USAGE(.BOTH.,#981);
#940=SURFACE_STYLE_USAGE(.BOTH.,#982);
#941=SURFACE_STYLE_USAGE(.BOTH.,#983);
#942=SURFACE_STYLE_USAGE(.BOTH.,#984);
#943=SURFACE_STYLE_USAGE(.BOTH.,#985);
#944=SURFACE_STYLE_USAGE(.BOTH.,#986);
#945=SURFACE_STYLE_USAGE(.BOTH.,#987);
#946=SURFACE_STYLE_USAGE(.BOTH.,#988);
#947=SURFACE_STYLE_USAGE(.BOTH.,#989);
#948=SURFACE_STYLE_USAGE(.BOTH.,#990);
#949=SURFACE_STYLE_USAGE(.BOTH.,#991);
#950=SURFACE_STYLE_USAGE(.BOTH.,#992);
#951=SURFACE_STYLE_USAGE(.BOTH.,#993);
#952=SURFACE_STYLE_USAGE(.BOTH.,#994);
#953=SURFACE_STYLE_USAGE(.BOTH.,#995);
#954=SURFACE_SIDE_STYLE('',(#996));
#955=SURFACE_SIDE_STYLE('',(#997));
#956=SURFACE_SIDE_STYLE('',(#998));
#957=SURFACE_SIDE_STYLE('',(#999));
#958=SURFACE_SIDE_STYLE('',(#1000));
#959=SURFACE_SIDE_STYLE('',(#1001));
#960=SURFACE_SIDE_STYLE('',(#1002));
#961=SURFACE_SIDE_STYLE('',(#1003));
#962=SURFACE_SIDE_STYLE('',(#1004));
#963=SURFACE_SIDE_STYLE('',(#1005));
#964=SURFACE_SIDE_STYLE('',(#1006));
#965=SURFACE_SIDE_STYLE('',(#1007));
#966=SURFACE_SIDE_STYLE('',(#1008));
#967=SURFACE_SIDE_STYLE('',(#1009));
#968=SURFACE_SIDE_STYLE('',(#1010));
#969=SURFACE_SIDE_STYLE('',(#1011));
#970=SURFACE_SIDE_STYLE('',(#1012));
#971=SURFACE_SIDE_STYLE('',(#1013));
#972=SURFACE_SIDE_STYLE('',(#1014));
#973=SURFACE_SIDE_STYLE('',(#1015));
#974=SURFACE_SIDE_STYLE('',(#1016));
#975=SURFACE_SIDE_STYLE('',(#1017));
#976=SURFACE_SIDE_STYLE('',(#1018));
#977=SURFACE_SIDE_STYLE('',(#1019));
#978=SURFACE_SIDE_STYLE('',(#1020));
#979=SURFACE_SIDE_STYLE('',(#1021));
#980=SURFACE_SIDE_STYLE('',(#1022));
#981=SURFACE_SIDE_STYLE('',(#1023));
#982=SURFACE_SIDE_STYLE('',(#1024));
#983=SURFACE_SIDE_STYLE('',(#1025));
#984=SURFACE_SIDE_STYLE('',(#1026));
#985=SURFACE_SIDE_STYLE('',(#1027));
#986=SURFACE_SIDE_STYLE('',(#1028));
#987=SURFACE_SIDE_STYLE('',(#1029));
#988=SURFACE_SIDE_STYLE('',(#1030));
#989=SURFACE_SIDE_STYLE('',(#1031));
#990=SURFACE_SIDE_STYLE('',(#1032));
#991=SURFACE_SIDE_STYLE('',(#1033));
#992=SURFACE_SIDE_STYLE('',(#1034));
#993=SURFACE_SIDE_STYLE('',(#1035));
#994=SURFACE_SIDE_STYLE('',(#1036));
#995=SURFACE_SIDE_STYLE('',(#1037));
#996=SURFACE_STYLE_FILL_AREA(#1038);
#997=SURFACE_STYLE_FILL_AREA(#1039);
#998=SURFACE_STYLE_FILL_AREA(#1040);
#999=SURFACE_STYLE_FILL_AREA(#1041);
#1000=SURFACE_STYLE_FILL_AREA(#1042);
#1001=SURFACE_STYLE_FILL_AREA(#1043);
#1002=SURFACE_STYLE_FILL_AREA(#1044);
#1003=SURFACE_STYLE_FILL_AREA(#1045);
#1004=SURFACE_STYLE_FILL_AREA(#1046);
#1005=SURFACE_STYLE_FILL_AREA(#1047);
#1006=SURFACE_STYLE_FILL_AREA(#1048);
#1007=SURFACE_STYLE_FILL_AREA(#1049);
#1008=SURFACE_STYLE_FILL_AREA(#1050);
#1009=SURFACE_STYLE_FILL_AREA(#1051);
#1010=SURFACE_STYLE_FILL_AREA(#1052);
#1011=SURFACE_STYLE_FILL_AREA(#1053);
#1012=SURFACE_STYLE_FILL_AREA(#1054);
#1013=SURFACE_STYLE_FILL_AREA(#1055);
#1014=SURFACE_STYLE_FILL_AREA(#1056);
#1015=SURFACE_STYLE_FILL_AREA(#1057);
#1016=SURFACE_STYLE_FILL_AREA(#1058);
#1017=SURFACE_STYLE_FILL_AREA(#1059);
#1018=SURFACE_STYLE_FILL_AREA(#1060);
#1019=SURFACE_STYLE_FILL_AREA(#1061);
#1020=SURFACE_STYLE_FILL_AREA(#1062);
#1021=SURFACE_STYLE_FILL_AREA(#1063);
#1022=SURFACE_STYLE_FILL_AREA(#1064);
#1023=SURFACE_STYLE_FILL_AREA(#1065);
#1024=SURFACE_STYLE_FILL_AREA(#1066);
#1025=SURFACE_STYLE_FILL_AREA(#1067);
#1026=SURFACE_STYLE_FILL_AREA(#1068);
#1027=SURFACE_STYLE_FILL_AREA(#1069);
#1028=SURFACE_STYLE_FILL_AREA(#1070);
#1029=SURFACE_STYLE_FILL_AREA(#1071);
#1030=SURFACE_STYLE_FILL_AREA(#1072);
#1031=SURFACE_STYLE_FILL_AREA(#1073);
#1032=SURFACE_STYLE_FILL_AREA(#1074);
#1033=SURFACE_STYLE_FILL_AREA(#1075);
#1034=SURFACE_STYLE_FILL_AREA(#1076);
#1035=SURFACE_STYLE_FILL_AREA(#1077);
#1036=SURFACE_STYLE_FILL_AREA(#1078);
#1037=SURFACE_STYLE_FILL_AREA(#1079);
#1038=FILL_AREA_STYLE('',(#1080));
#1039=FILL_AREA_STYLE('',(#1081));
#1040=FILL_AREA_STYLE('',(#1082));
#1041=FILL_AREA_STYLE('',(#1083));
#1042=FILL_AREA_STYLE('',(#1084));
#1043=FILL_AREA_STYLE('',(#1085));
#1044=FILL_AREA_STYLE('',(#1086));
#1045=FILL_AREA_STYLE('',(#1087));
#1046=FILL_AREA_STYLE('',(#1088));
#1047=FILL_AREA_STYLE('',(#1089));
#1048=FILL_AREA_STYLE('',(#1090));
#1049=FILL_AREA_STYLE('',(#1091));
#1050=FILL_AREA_STYLE('',(#1092));
#1051=FILL_AREA_STYLE('',(#1093));
#1052=FILL_AREA_STYLE('',(#1094));
#1053=FILL_AREA_STYLE('',(#1095));
#1054=FILL_AREA_STYLE('',(#1096));
#1055=FILL_AREA_STYLE('',(#1097));
#1056=FILL_AREA_STYLE('',(#1098));
#1057=FILL_AREA_STYLE('',(#1099));
#1058=FILL_AREA_STYLE('',(#1100));
#1059=FILL_AREA_STYLE('',(#1101));
#1060=FILL_AREA_STYLE('',(#1102));
#1061=FILL_AREA_STYLE('',(#1103));
#1062=FILL_AREA_STYLE('',(#1104));
#1063=FILL_AREA_STYLE('',(#1105));
#1064=FILL_AREA_STYLE('',(#1106));
#1065=FILL_AREA_STYLE('',(#1107));
#1066=FILL_AREA_STYLE('',(#1108));
#1067=FILL_AREA_STYLE('',(#1109));
#1068=FILL_AREA_STYLE('',(#1110));
#1069=FILL_AREA_STYLE('',(#1111));
#1070=FILL_AREA_STYLE('',(#1112));
#1071=FILL_AREA_STYLE('',(#1113));
#1072=FILL_AREA_STYLE('',(#1114));
#1073=FILL_AREA_STYLE('',(#1115));
#1074=FILL_AREA_STYLE('',(#1116));
#1075=FILL_AREA_STYLE('',(#1117));
#1076=FILL_AREA_STYLE('',(#1118));
#1077=FILL_AREA_STYLE('',(#1119));
#1078=FILL_AREA_STYLE('',(#1120));
#1079=FILL_AREA_STYLE('',(#1121));
#1080=FILL_AREA_STYLE_COLOUR('',#1122);
#1081=FILL_AREA_STYLE_COLOUR('',#1123);
#1082=FILL_AREA_STYLE_COLOUR('',#1123);
#1083=FILL_AREA_STYLE_COLOUR('',#1123);
#1084=FILL_AREA_STYLE_COLOUR('',#1123);
#1085=FILL_AREA_STYLE_COLOUR('',#1123);
#1086=FILL_AREA_STYLE_COLOUR('',#1123);
#1087=FILL_AREA_STYLE_COLOUR('',#1123);
#1088=FILL_AREA_STYLE_COLOUR('',#1123);
#1089=FILL_AREA_STYLE_COLOUR('',#1124);
#1090=FILL_AREA_STYLE_COLOUR('',#1124);
#1091=FILL_AREA_STYLE_COLOUR('',#1124);
#1092=FILL_AREA_STYLE_COLOUR('',#1124);
#1093=FILL_AREA_STYLE_COLOUR('',#1124);
#1094=FILL_AREA_STYLE_COLOUR('',#1124);
#1095=FILL_AREA_STYLE_COLOUR('',#1124);
#1096=FILL_AREA_STYLE_COLOUR('',#1124);
#1097=FILL_AREA_STYLE_COLOUR('',#1124);
#1098=FILL_AREA_STYLE_COLOUR('',#1124);
#1099=FILL_AREA_STYLE_COLOUR('',#1124);
#1100=FILL_AREA_STYLE_COLOUR('',#1123);
#1101=FILL_AREA_STYLE_COLOUR('',#1123);
#1102=FILL_AREA_STYLE_COLOUR('',#1123);
#1103=FILL_AREA_STYLE_COLOUR('',#1123);
#1104=FILL_AREA_STYLE_COLOUR('',#1125);
#1105=FILL_AREA_STYLE_COLOUR('',#1125);
#1106=FILL_AREA_STYLE_COLOUR('',#1125);
#1107=FILL_AREA_STYLE_COLOUR('',#1125);
#1108=FILL_AREA_STYLE_COLOUR('',#1125);
#1109=FILL_AREA_STYLE_COLOUR('',#1125);
#1110=FILL_AREA_STYLE_COLOUR('',#1125);
#1111=FILL_AREA_STYLE_COLOUR('',#1125);
#1112=FILL_AREA_STYLE_COLOUR('',#1125);
#1113=FILL_AREA_STYLE_COLOUR('',#1125);
#1114=FILL_AREA_STYLE_COLOUR('',#1125);
#1115=FILL_AREA_STYLE_COLOUR('',#1125);
#1116=FILL_AREA_STYLE_COLOUR('',#1125);
#1117=FILL_AREA_STYLE_COLOUR('',#1125);
#1118=FILL_AREA_STYLE_COLOUR('',#1125);
#1119=FILL_AREA_STYLE_COLOUR('',#1125);
#1120=FILL_AREA_STYLE_COLOUR('',#1125);
#1121=FILL_AREA_STYLE_COLOUR('',#1125);
#1122=COLOUR_RGB('',0.615686274509804,0.811764705882353,0.929411764705882);
#1123=COLOUR_RGB('',0.992156862745098,0.792156862745098,0.427450980392157);
#1124=COLOUR_RGB('',0.105882352941176,0.333333333333334,0.);
#1125=COLOUR_RGB('',0.447058823529412,0.243137254901961,0.);
#1126=MANIFOLD_SOLID_BREP('Part 1',#868);
#1127=SHAPE_DEFINITION_REPRESENTATION(#1992,#1128);
#1128=SHAPE_REPRESENTATION('Part 1',(#1129),#1987);
#1129=AXIS2_PLACEMENT_3D('',#1344,#1177,#1178);
#1130=AXIS2_PLACEMENT_3D('',#1490,#1189,#1190);
#1131=AXIS2_PLACEMENT_3D('',#1503,#1191,#1192);
#1132=AXIS2_PLACEMENT_3D('',#1506,#1194,#1195);
#1133=AXIS2_PLACEMENT_3D('',#1515,#1197,#1198);
#1134=AXIS2_PLACEMENT_3D('',#1567,#1201,#1202);
#1135=AXIS2_PLACEMENT_3D('',#1571,#1205,#1206);
#1136=AXIS2_PLACEMENT_3D('',#1572,#1207,#1208);
#1137=AXIS2_PLACEMENT_3D('',#1577,#1211,#1212);
#1138=AXIS2_PLACEMENT_3D('',#1624,#1215,#1216);
#1139=AXIS2_PLACEMENT_3D('',#1636,#1219,#1220);
#1140=AXIS2_PLACEMENT_3D('',#1644,#1222,#1223);
#1141=AXIS2_PLACEMENT_3D('',#1648,#1226,#1227);
#1142=AXIS2_PLACEMENT_3D('',#1656,#1229,#1230);
#1143=AXIS2_PLACEMENT_3D('',#1666,#1233,#1234);
#1144=AXIS2_PLACEMENT_3D('',#1670,#1237,#1238);
#1145=AXIS2_PLACEMENT_3D('',#1760,#1241,#1242);
#1146=AXIS2_PLACEMENT_3D('',#1761,#1243,#1244);
#1147=AXIS2_PLACEMENT_3D('',#1790,#1245,#1246);
#1148=AXIS2_PLACEMENT_3D('',#1791,#1247,#1248);
#1149=AXIS2_PLACEMENT_3D('',#1792,#1249,#1250);
#1150=AXIS2_PLACEMENT_3D('',#1811,#1251,#1252);
#1151=AXIS2_PLACEMENT_3D('',#1830,#1253,#1254);
#1152=AXIS2_PLACEMENT_3D('',#1831,#1255,#1256);
#1153=AXIS2_PLACEMENT_3D('',#1832,#1257,#1258);
#1154=AXIS2_PLACEMENT_3D('',#1854,#1259,#1260);
#1155=AXIS2_PLACEMENT_3D('',#1873,#1261,#1262);
#1156=AXIS2_PLACEMENT_3D('',#1875,#1264,#1265);
#1157=AXIS2_PLACEMENT_3D('',#1877,#1267,#1268);
#1158=AXIS2_PLACEMENT_3D('',#1915,#1272,#1273);
#1159=AXIS2_PLACEMENT_3D('',#1916,#1274,#1275);
#1160=AXIS2_PLACEMENT_3D('',#1925,#1280,#1281);
#1161=AXIS2_PLACEMENT_3D('',#1934,#1286,#1287);
#1162=AXIS2_PLACEMENT_3D('',#1937,#1290,#1291);
#1163=AXIS2_PLACEMENT_3D('',#1940,#1294,#1295);
#1164=AXIS2_PLACEMENT_3D('',#1946,#1300,#1301);
#1165=AXIS2_PLACEMENT_3D('',#1947,#1302,#1303);
#1166=AXIS2_PLACEMENT_3D('',#1949,#1305,#1306);
#1167=AXIS2_PLACEMENT_3D('',#1950,#1307,#1308);
#1168=AXIS2_PLACEMENT_3D('',#1951,#1309,#1310);
#1169=AXIS2_PLACEMENT_3D('',#1959,#1315,#1316);
#1170=AXIS2_PLACEMENT_3D('',#1965,#1320,#1321);
#1171=AXIS2_PLACEMENT_3D('',#1971,#1325,#1326);
#1172=AXIS2_PLACEMENT_3D('',#1977,#1330,#1331);
#1173=AXIS2_PLACEMENT_3D('',#1979,#1333,#1334);
#1174=AXIS2_PLACEMENT_3D('',#1981,#1336,#1337);
#1175=AXIS2_PLACEMENT_3D('',#1984,#1340,#1341);
#1176=AXIS2_PLACEMENT_3D('',#1985,#1342,#1343);
#1177=DIRECTION('',(0.,0.,1.));
#1178=DIRECTION('',(1.,0.,0.));
#1179=DIRECTION('',(0.,1.,0.));
#1180=DIRECTION('',(0.,1.,0.));
#1181=DIRECTION('',(0.,1.,0.));
#1182=DIRECTION('',(0.,1.,0.));
#1183=DIRECTION('',(0.,1.,0.));
#1184=DIRECTION('',(0.,1.,0.));
#1185=DIRECTION('',(0.,1.,0.));
#1186=DIRECTION('',(0.,1.,0.));
#1187=DIRECTION('',(0.,1.,0.));
#1188=DIRECTION('',(0.,1.,0.));
#1189=DIRECTION('',(0.999963750448651,0.,-0.00851456332805057));
#1190=DIRECTION('',(0.,1.,0.));
#1191=DIRECTION('',(0.999963750448651,0.,-0.00851456332805057));
#1192=DIRECTION('',(-0.00851456332805057,0.,-0.999963750448651));
#1193=DIRECTION('',(-0.00851456332805057,0.,-0.999963750448651));
#1194=DIRECTION('',(0.999963750448651,0.,-0.00851456332805057));
#1195=DIRECTION('',(0.,1.,0.));
#1196=DIRECTION('',(-0.00851456332805057,0.,-0.999963750448651));
#1197=DIRECTION('',(0.999963750448651,0.,-0.00851456332805057));
#1198=DIRECTION('',(-0.00851456332805057,0.,-0.999963750448651));
#1199=DIRECTION('',(0.,1.,0.));
#1200=DIRECTION('',(0.,1.,0.));
#1201=DIRECTION('',(-0.660411410925354,0.,0.750903967441632));
#1202=DIRECTION('',(0.750903967441632,0.,0.660411410925354));
#1203=DIRECTION('',(0.750903967441632,0.,0.660411410925354));
#1204=DIRECTION('',(0.750903967441632,0.,0.660411410925354));
#1205=DIRECTION('',(-0.660411410925354,0.,0.750903967441632));
#1206=DIRECTION('',(-0.750903967441632,0.,-0.660411410925354));
#1207=DIRECTION('',(0.651984451292938,0.,0.75823233594476));
#1208=DIRECTION('',(0.75823233594476,0.,-0.651984451292938));
#1209=DIRECTION('',(0.75823233594476,0.,-0.651984451292938));
#1210=DIRECTION('',(0.,1.,0.));
#1211=DIRECTION('',(0.651984451292938,0.,0.75823233594476));
#1212=DIRECTION('',(-0.75823233594476,0.,0.651984451292938));
#1213=DIRECTION('',(0.75823233594476,0.,-0.651984451292938));
#1214=DIRECTION('',(0.,1.,0.));
#1215=DIRECTION('',(0.,-1.,0.));
#1216=DIRECTION('',(1.,0.,0.));
#1217=DIRECTION('',(0.00851456332805057,0.,0.999963750448651));
#1218=DIRECTION('',(0.00851456332805057,0.,0.999963750448651));
#1219=DIRECTION('',(0.00851456332805057,0.,0.999963750448651));
#1220=DIRECTION('',(0.999963750448651,0.,-0.00851456332805057));
#1221=DIRECTION('',(0.00851456332805057,0.,0.999963750448651));
#1222=DIRECTION('',(-0.999963750448651,-9.03469058869317E-17,0.00851456332805057));
#1223=DIRECTION('',(0.00851456332805057,0.,0.999963750448651));
#1224=DIRECTION('',(9.03436308521276E-17,-1.,-7.69264451667705E-19));
#1225=DIRECTION('',(0.00851456332805057,0.,0.999963750448651));
#1226=DIRECTION('',(0.00851456332805057,0.,0.999963750448651));
#1227=DIRECTION('',(0.999963750448651,0.,-0.00851456332805057));
#1228=DIRECTION('',(0.00851456332805057,0.,0.999963750448651));
#1229=DIRECTION('',(0.00851456332805057,0.,0.999963750448651));
#1230=DIRECTION('',(0.999963750448651,0.,-0.00851456332805057));
#1231=DIRECTION('',(0.00851456332805057,0.,0.999963750448651));
#1232=DIRECTION('',(0.00851456332805057,0.,0.999963750448651));
#1233=DIRECTION('',(-0.999963750448651,0.,0.00851456332805057));
#1234=DIRECTION('',(0.00851456332805057,0.,0.999963750448651));
#1235=DIRECTION('',(0.,1.,0.));
#1236=DIRECTION('',(0.00851456332805057,0.,0.999963750448651));
#1237=DIRECTION('',(0.00851456332805057,0.,0.999963750448651));
#1238=DIRECTION('',(0.999963750448651,0.,-0.00851456332805057));
#1239=DIRECTION('',(0.,-1.,0.));
#1240=DIRECTION('',(0.,-1.,0.));
#1241=DIRECTION('',(0.,1.,0.));
#1242=DIRECTION('',(0.,0.,1.));
#1243=DIRECTION('',(0.973234483849892,-1.03082476797928E-14,-0.2298143586581));
#1244=DIRECTION('',(-0.2298143586581,0.,-0.973234483849892));
#1245=DIRECTION('',(0.97867724387458,4.14526766920205E-14,0.205404119535262));
#1246=DIRECTION('',(0.205404119535262,0.,-0.97867724387458));
#1247=DIRECTION('',(0.,-1.,0.));
#1248=DIRECTION('',(0.,0.,-1.));
#1249=DIRECTION('',(0.,1.,0.));
#1250=DIRECTION('',(0.,0.,1.));
#1251=DIRECTION('',(0.,1.,0.));
#1252=DIRECTION('',(0.,0.,1.));
#1253=DIRECTION('',(0.97323448384989,0.,-0.229814358658111));
#1254=DIRECTION('',(-0.229814358658111,0.,-0.97323448384989));
#1255=DIRECTION('',(0.,-1.,0.));
#1256=DIRECTION('',(0.,0.,-1.));
#1257=DIRECTION('',(0.,1.,0.));
#1258=DIRECTION('',(0.,0.,1.));
#1259=DIRECTION('',(0.978677243874571,0.,0.205404119535303));
#1260=DIRECTION('',(0.205404119535303,0.,-0.978677243874571));
#1261=DIRECTION('',(0.,1.,0.));
#1262=DIRECTION('',(0.,0.,1.));
#1263=DIRECTION('',(-0.999963750448651,0.,0.00851456332805057));
#1264=DIRECTION('',(0.,1.,0.));
#1265=DIRECTION('',(0.,0.,1.));
#1266=DIRECTION('',(-0.999963750448651,0.,0.00851456332805057));
#1267=DIRECTION('',(0.,1.,0.));
#1268=DIRECTION('',(0.,0.,1.));
#1269=DIRECTION('',(-0.999963750448651,0.,0.00851456332805057));
#1270=DIRECTION('',(-0.999963750448651,0.,0.00851456332805057));
#1271=DIRECTION('',(-0.999963750448651,0.,0.00851456332805057));
#1272=DIRECTION('',(-0.999963750448651,0.,0.00851456332805057));
#1273=DIRECTION('',(0.00851456332805057,0.,0.999963750448651));
#1274=DIRECTION('',(-1.,0.,0.));
#1275=DIRECTION('',(0.,0.,1.));
#1276=DIRECTION('',(0.,1.,0.));
#1277=DIRECTION('',(0.,0.,-1.));
#1278=DIRECTION('',(0.,1.,0.));
#1279=DIRECTION('',(0.,0.,-1.));
#1280=DIRECTION('',(0.,1.,0.));
#1281=DIRECTION('',(0.,0.,1.));
#1282=DIRECTION('',(1.,0.,0.));
#1283=DIRECTION('',(0.,0.,-1.));
#1284=DIRECTION('',(1.,0.,0.));
#1285=DIRECTION('',(0.,0.,-1.));
#1286=DIRECTION('',(0.,0.,1.));
#1287=DIRECTION('',(1.,0.,0.));
#1288=DIRECTION('',(0.757599534403127,-0.652719653045751,0.));
#1289=DIRECTION('',(-0.757599534403126,0.652719653045751,0.));
#1290=DIRECTION('',(0.,0.,1.));
#1291=DIRECTION('',(1.,0.,0.));
#1292=DIRECTION('',(0.757599534403127,0.652719653045751,0.));
#1293=DIRECTION('',(-0.757599534403126,-0.652719653045751,0.));
#1294=DIRECTION('',(0.,0.,1.));
#1295=DIRECTION('',(1.,0.,0.));
#1296=DIRECTION('',(0.757599534403127,-0.652719653045751,0.));
#1297=DIRECTION('',(-0.757599534403126,-0.652719653045751,0.));
#1298=DIRECTION('',(0.757599534403127,0.652719653045751,0.));
#1299=DIRECTION('',(-0.757599534403126,0.652719653045751,0.));
#1300=DIRECTION('',(0.652719653045751,-0.757599534403126,0.));
#1301=DIRECTION('',(0.757599534403127,0.652719653045751,0.));
#1302=DIRECTION('',(-0.652719653045751,0.757599534403126,0.));
#1303=DIRECTION('',(-0.757599534403127,-0.652719653045751,0.));
#1304=DIRECTION('',(0.,0.,-1.));
#1305=DIRECTION('',(-0.652719653045751,-0.757599534403126,0.));
#1306=DIRECTION('',(0.757599534403127,-0.652719653045751,0.));
#1307=DIRECTION('',(0.652719653045751,0.757599534403126,0.));
#1308=DIRECTION('',(-0.757599534403127,0.652719653045751,0.));
#1309=DIRECTION('',(0.652719653045751,0.757599534403127,0.));
#1310=DIRECTION('',(-0.757599534403127,0.652719653045751,0.));
#1311=DIRECTION('',(0.,0.,-1.));
#1312=DIRECTION('',(0.757599534403127,-0.652719653045751,0.));
#1313=DIRECTION('',(0.,0.,-1.));
#1314=DIRECTION('',(0.757599534403127,-0.652719653045751,0.));
#1315=DIRECTION('',(0.652719653045751,-0.757599534403127,0.));
#1316=DIRECTION('',(0.757599534403127,0.652719653045751,0.));
#1317=DIRECTION('',(-0.757599534403127,-0.652719653045751,0.));
#1318=DIRECTION('',(-0.757599534403127,-0.652719653045751,0.));
#1319=DIRECTION('',(0.,0.,-1.));
#1320=DIRECTION('',(-0.652719653045751,0.757599534403126,0.));
#1321=DIRECTION('',(-0.757599534403127,-0.652719653045751,0.));
#1322=DIRECTION('',(0.757599534403127,0.652719653045751,0.));
#1323=DIRECTION('',(0.757599534403127,0.652719653045751,0.));
#1324=DIRECTION('',(0.,0.,-1.));
#1325=DIRECTION('',(-0.652719653045751,-0.757599534403126,0.));
#1326=DIRECTION('',(0.757599534403127,-0.652719653045751,0.));
#1327=DIRECTION('',(-0.757599534403127,0.652719653045751,0.));
#1328=DIRECTION('',(-0.757599534403127,0.652719653045751,0.));
#1329=DIRECTION('',(0.,0.,-1.));
#1330=DIRECTION('',(0.,0.,1.));
#1331=DIRECTION('',(1.,0.,0.));
#1332=DIRECTION('',(1.,0.,0.));
#1333=DIRECTION('',(0.,0.,1.));
#1334=DIRECTION('',(1.,0.,0.));
#1335=DIRECTION('',(0.,1.,0.));
#1336=DIRECTION('',(0.,0.,1.));
#1337=DIRECTION('',(1.,0.,0.));
#1338=DIRECTION('',(0.,1.,0.));
#1339=DIRECTION('',(1.,0.,0.));
#1340=DIRECTION('',(0.,1.,0.));
#1341=DIRECTION('',(0.,0.,1.));
#1342=DIRECTION('',(-1.,0.,0.));
#1343=DIRECTION('',(0.,0.,1.));
#1344=CARTESIAN_POINT('',(0.,0.,0.));
#1345=CARTESIAN_POINT('',(-0.0170382479659171,-0.0213278627766911,0.00594030638692376));
#1346=CARTESIAN_POINT('',(-0.0170382479659171,0.00581785320675511,0.00594030638692376));
#1347=CARTESIAN_POINT('',(-0.0166195358362302,-0.0213278627766911,0.00546422042869162));
#1348=CARTESIAN_POINT('',(-0.0166195358362302,0.00581785320675511,0.00546422042869162));
#1349=CARTESIAN_POINT('',(-0.0156310611345486,-0.0213278627766911,0.00432337341598626));
#1350=CARTESIAN_POINT('',(-0.0156310611345486,0.00581785320675511,0.00432337341598626));
#1351=CARTESIAN_POINT('',(-0.0128279455957082,-0.0213278627766911,0.00292439783240064));
#1352=CARTESIAN_POINT('',(-0.0128279455957082,0.00581785320675511,0.00292439783240064));
#1353=CARTESIAN_POINT('',(-0.00819419727748548,-0.0213278627766911,0.00220393278085679));
#1354=CARTESIAN_POINT('',(-0.00819419727748548,0.00581785320675511,0.00220393278085679));
#1355=CARTESIAN_POINT('',(-0.00255211203064276,-0.0213278627766911,0.00194529070294954));
#1356=CARTESIAN_POINT('',(-0.00255211203064276,0.00581785320675511,0.00194529070294954));
#1357=CARTESIAN_POINT('',(0.00310674488731521,-0.0213278627766911,0.00216708871459017));
#1358=CARTESIAN_POINT('',(0.00310674488731521,0.00581785320675511,0.00216708871459017));
#1359=CARTESIAN_POINT('',(0.0077913529842645,-0.0213278627766911,0.00282862596713506));
#1360=CARTESIAN_POINT('',(0.0077913529842645,0.0058178532067551,0.00282862596713506));
#1361=CARTESIAN_POINT('',(0.0106405102643037,-0.0213278627766911,0.00414248262410392));
#1362=CARTESIAN_POINT('',(0.0106405102643037,0.00581785320675511,0.00414248262410392));
#1363=CARTESIAN_POINT('',(0.0115897929001768,-0.0213278627766911,0.00526637878765432));
#1364=CARTESIAN_POINT('',(0.0115897929001768,0.00581785320675511,0.00526637878765432));
#1365=CARTESIAN_POINT('',(0.0119787860267005,-0.0213278627766911,0.00571876253147776));
#1366=CARTESIAN_POINT('',(0.0119787860267005,0.00581785320675511,0.00571876253147776));
#1367=CARTESIAN_POINT('',(-0.0015336828961073,-0.00582398872499229,0.0020294873108754));
#1368=CARTESIAN_POINT('',(-0.000576374743869993,-0.00664876991427654,0.00204050721105346));
#1369=CARTESIAN_POINT('',(0.00133463077066996,-0.00829522137019222,0.00210225803494187));
#1370=CARTESIAN_POINT('',(0.00418852308522949,-0.0107540291133314,0.00233363301670962));
#1371=CARTESIAN_POINT('',(0.00702499641334788,-0.013197829303972,0.00275657986861145));
#1372=CARTESIAN_POINT('',(0.00889097846022377,-0.0148054902104506,0.00331349325146702));
#1373=CARTESIAN_POINT('',(0.0098027416664708,-0.0155910315639182,0.0038254108650949));
#1374=CARTESIAN_POINT('',(-0.0015336828961073,-0.0058239887249923,0.0020294873108754));
#1375=CARTESIAN_POINT('',(0.00980274166647127,-0.0155910315639182,0.00382541086509519));
#1376=CARTESIAN_POINT('',(0.00980274166647136,0.00394305411393363,0.00382541086509521));
#1377=CARTESIAN_POINT('',(0.0089102894775924,0.00317415041662086,0.00332433559502756));
#1378=CARTESIAN_POINT('',(0.00705496148748237,0.00157566865020306,0.00276094086354484));
#1379=CARTESIAN_POINT('',(0.0041991666629588,-0.000884778224942288,0.00233469537221221));
#1380=CARTESIAN_POINT('',(0.00133582407616669,-0.00335172797204619,0.00210218857116854));
#1381=CARTESIAN_POINT('',(-0.000576668606083022,-0.00499946071648896,0.00204050382830545));
#1382=CARTESIAN_POINT('',(-0.0015336828961073,-0.0058239887249923,0.0020294873108754));
#1383=CARTESIAN_POINT('',(0.00980274166647127,0.00394305411393355,0.00382541086509519));
#1384=CARTESIAN_POINT('',(0.00980274166647127,-0.0191821467932449,0.00382541086509516));
#1385=CARTESIAN_POINT('',(0.00980274166647136,0.00567164128691318,0.00382541086509521));
#1386=CARTESIAN_POINT('',(-0.00207488079140484,-0.00456167758097838,0.00202541086509521));
#1387=CARTESIAN_POINT('',(-0.00107234267211695,-0.00369792793004667,0.00202898455663439));
#1388=CARTESIAN_POINT('',(0.000928971346818098,-0.00197367001705299,0.00207938548992389));
#1389=CARTESIAN_POINT('',(0.00391818629792801,0.00060172668947304,0.00230164117438214));
#1390=CARTESIAN_POINT('',(0.00688988147690166,0.00316202901028455,0.00272531847056854));
#1391=CARTESIAN_POINT('',(0.0088465874845029,0.0048478543156026,0.00328856954079092));
#1392=CARTESIAN_POINT('',(0.00980274166647069,0.00567164128691318,0.00382541086509484));
#1393=CARTESIAN_POINT('',(-0.00207488079140467,-0.00456167758097823,0.00202541086509521));
#1394=CARTESIAN_POINT('',(-0.00207488079140467,-0.0191821467932449,0.00202541086509521));
#1395=CARTESIAN_POINT('',(-0.00207488079140467,-0.007074028832532,0.00202541086509521));
#1396=CARTESIAN_POINT('',(0.00980274166647136,-0.0173073477004234,0.00382541086509521));
#1397=CARTESIAN_POINT('',(0.00886812938045243,-0.0165021204274906,0.00330066443109997));
#1398=CARTESIAN_POINT('',(0.00692199752724219,-0.0148254054213117,0.00272948401508928));
#1399=CARTESIAN_POINT('',(0.00392856792096746,-0.0122463775242515,0.00230266392167552));
#1400=CARTESIAN_POINT('',(0.000930213404066212,-0.00966310650690381,0.00207929541878911));
#1401=CARTESIAN_POINT('',(-0.00107270230946906,-0.00793746863326299,0.00202898327465525));
#1402=CARTESIAN_POINT('',(-0.00207488079140473,-0.00707402883253195,0.00202541086509521));
#1403=CARTESIAN_POINT('',(0.00980274166647136,-0.0173073477004234,0.00382541086509521));
#1404=CARTESIAN_POINT('',(0.00980274166647127,-0.0191821467932449,0.00382541086509516));
#1405=CARTESIAN_POINT('',(-0.0170382479659171,0.00581785320675511,0.00594030638692376));
#1406=CARTESIAN_POINT('',(-0.0168288919010737,0.00581785320675511,0.00570226340780769));
#1407=CARTESIAN_POINT('',(-0.0163770322439807,0.00581785320675511,0.00518574497472319));
#1408=CARTESIAN_POINT('',(-0.0154649526523473,0.00581785320675511,0.00436297262608218));
#1409=CARTESIAN_POINT('',(-0.0142291204676036,0.00581785320675511,0.00361489995233804));
#1410=CARTESIAN_POINT('',(-0.0125993626688183,0.00581785320675511,0.00301017219451653));
#1411=CARTESIAN_POINT('',(-0.01051046965199,0.00581785320675511,0.00256930879604145));
#1412=CARTESIAN_POINT('',(-0.00725419321043995,0.00581785320675511,0.00215770028506591));
#1413=CARTESIAN_POINT('',(-0.00255202968682266,0.00581785320675511,0.00194770260114296));
#1414=CARTESIAN_POINT('',(0.00216369851029019,0.00581785320675511,0.00212601216754283));
#1415=CARTESIAN_POINT('',(0.00544885887028347,0.00581785320675511,0.00250477334241696));
#1416=CARTESIAN_POINT('',(0.00720627057323665,0.00581785320675511,0.00284338593793264));
#1417=CARTESIAN_POINT('',(0.00839527473845576,0.00581785320675511,0.00319298824685504));
#1418=CARTESIAN_POINT('',(0.00942526556745861,0.00581785320675511,0.00359390240926687));
#1419=CARTESIAN_POINT('',(0.0104604674596748,0.00581785320675511,0.00418979219761363));
#1420=CARTESIAN_POINT('',(0.0113577332318781,0.00581785320675511,0.00499299009092825));
#1421=CARTESIAN_POINT('',(0.0117842894634387,0.00581785320675511,0.00549257065956604));
#1422=CARTESIAN_POINT('',(0.0119787860267005,0.00581785320675511,0.00571876253147776));
#1423=CARTESIAN_POINT('',(-0.0170382479659171,0.00581785320675511,0.00594030638692376));
#1424=CARTESIAN_POINT('',(0.0119787860267005,0.00581785320675511,0.00571876253147776));
#1425=CARTESIAN_POINT('',(0.0119787860267005,-0.0191821467932449,0.00571876253147776));
#1426=CARTESIAN_POINT('',(0.0119787860267005,-0.0191821467932449,0.00571876253147776));
#1427=CARTESIAN_POINT('',(0.0119787860267005,-0.0691821467932449,0.00571876253147776));
#1428=CARTESIAN_POINT('',(0.0119787860266911,-0.0211659598980622,0.00571876253036858));
#1429=CARTESIAN_POINT('',(0.0119787860267006,-0.0211659598983807,0.00571876253147784));
#1430=CARTESIAN_POINT('',(0.0115643301406427,-0.0210265650576307,0.00523676659735923));
#1431=CARTESIAN_POINT('',(0.010710222094013,-0.0207381765213299,0.00430566173041082));
#1432=CARTESIAN_POINT('',(0.00900226948441591,-0.0203870820569233,0.00335719876327641));
#1433=CARTESIAN_POINT('',(0.00714199694993261,-0.0201438221856138,0.00281718696913132));
#1434=CARTESIAN_POINT('',(0.00522224911894651,-0.019956846305946,0.00248122251603996));
#1435=CARTESIAN_POINT('',(0.00329147167917194,-0.01979581582669,0.0022583241275938));
#1436=CARTESIAN_POINT('',(0.00134757659798222,-0.0196281884571253,0.002115430514033));
#1437=CARTESIAN_POINT('',(-0.000273293993485974,-0.0194909020757545,0.00205032805012269));
#1438=CARTESIAN_POINT('',(-0.00156210364223447,-0.0192946475484866,0.00202688304250905));
#1439=CARTESIAN_POINT('',(-0.00253091177940377,-0.0191663788654446,0.00202297327231994));
#1440=CARTESIAN_POINT('',(-0.0035155878295555,-0.0191779481097753,0.00203310088107247));
#1441=CARTESIAN_POINT('',(-0.00480398582643033,-0.0194017424082397,0.00206508153105583));
#1442=CARTESIAN_POINT('',(-0.0064260778795175,-0.019573674966189,0.00214169216938959));
#1443=CARTESIAN_POINT('',(-0.00837056253709939,-0.0197468508249224,0.00230068339953315));
#1444=CARTESIAN_POINT('',(-0.0103098189068312,-0.0199180310917,0.00254786003943792));
#1445=CARTESIAN_POINT('',(-0.0122117417632804,-0.0201109245772627,0.00291140702292192));
#1446=CARTESIAN_POINT('',(-0.0140807071294968,-0.0203752021260163,0.00352149406478398));
#1447=CARTESIAN_POINT('',(-0.0157276982786906,-0.0207290224297912,0.00450293078021197));
#1448=CARTESIAN_POINT('',(-0.0166121947570403,-0.0210202794480565,0.00545587344165014));
#1449=CARTESIAN_POINT('',(-0.0170382479659171,-0.0211586214780883,0.00594030638692376));
#1450=CARTESIAN_POINT('',(-0.0170382479659171,-0.0211586214780883,0.00594030638692376));
#1451=CARTESIAN_POINT('',(-0.0170382479659171,-0.0691821467932449,0.00594030638692376));
#1452=CARTESIAN_POINT('',(-0.0170382479659171,-0.0191821467932449,0.00594030638692376));
#1453=CARTESIAN_POINT('',(-0.0170382479659171,-0.0191821467932449,0.00594030638692376));
#1454=CARTESIAN_POINT('',(-0.00353290042475928,-0.00581785320675512,0.0020357711028503));
#1455=CARTESIAN_POINT('',(-0.00539122137518208,-0.00421679281676524,0.00206893907977596));
#1456=CARTESIAN_POINT('',(-0.00816895100792278,-0.00182360401476112,0.00222313610025959));
#1457=CARTESIAN_POINT('',(-0.0118385373508721,0.00133797544222625,0.00279345325945429));
#1458=CARTESIAN_POINT('',(-0.013647949303964,0.00289689765456496,0.00335045341539768));
#1459=CARTESIAN_POINT('',(-0.0145343125107175,0.00366055531077046,0.00382541086509516));
#1460=CARTESIAN_POINT('',(-0.00353290042475928,-0.00581785320675511,0.00203577110285031));
#1461=CARTESIAN_POINT('',(-0.0145343125107176,0.00366055531077049,0.00382541086509521));
#1462=CARTESIAN_POINT('',(-0.0145343125107176,-0.0152962617242807,0.00382541086509521));
#1463=CARTESIAN_POINT('',(-0.0136626054958964,-0.0145452312993216,0.00335830693130341));
#1464=CARTESIAN_POINT('',(-0.01186324923594,-0.0129949726991372,0.00279771629032582));
#1465=CARTESIAN_POINT('',(-0.00817628336492549,-0.00981841968552342,0.00222327591777101));
#1466=CARTESIAN_POINT('',(-0.00539047459313009,-0.00741827019703347,0.00206892575094283));
#1467=CARTESIAN_POINT('',(-0.00353290042475928,-0.00581785320675511,0.00203577110285031));
#1468=CARTESIAN_POINT('',(-0.0145343125107176,-0.0152962617242807,0.00382541086509521));
#1469=CARTESIAN_POINT('',(-0.0145343125107176,-0.0191821467932449,0.00382541086509521));
#1470=CARTESIAN_POINT('',(-0.0145343125107175,-0.0170248488972603,0.0038254108650952));
#1471=CARTESIAN_POINT('',(-0.00256283382150672,-0.00671066698237489,0.00202541086509521));
#1472=CARTESIAN_POINT('',(-0.00357309130025711,-0.00758106734704295,0.00202900936742087));
#1473=CARTESIAN_POINT('',(-0.00558982844351746,-0.00931861325178075,0.00207998241411687));
#1474=CARTESIAN_POINT('',(-0.00860203312125922,-0.0119138170538887,0.00230593486779753));
#1475=CARTESIAN_POINT('',(-0.0115966304492767,-0.0144938510166814,0.00273591537386965));
#1476=CARTESIAN_POINT('',(-0.013568410791255,-0.0161926638092631,0.00330783272800774));
#1477=CARTESIAN_POINT('',(-0.0145343125107174,-0.0170248488972603,0.00382541086509514));
#1478=CARTESIAN_POINT('',(-0.00256283382150677,-0.00671066698237493,0.00202541086509521));
#1479=CARTESIAN_POINT('',(-0.00256283382150677,-0.0191821467932449,0.00202541086509521));
#1480=CARTESIAN_POINT('',(-0.00256283382150677,-0.00493731046760966,0.00202541086509521));
#1481=CARTESIAN_POINT('',(-0.0145343125107176,0.00537687144727568,0.00382541086509521));
#1482=CARTESIAN_POINT('',(-0.0135865964716718,0.00456035446686436,0.00331757751922419));
#1483=CARTESIAN_POINT('',(-0.0116255943374207,0.0028708277782052,0.00274016103177763));
#1484=CARTESIAN_POINT('',(-0.00861343507245116,0.000275663102055975,0.0023069688633656));
#1485=CARTESIAN_POINT('',(-0.00559046112727849,-0.00232881910134697,0.00207987174855513));
#1486=CARTESIAN_POINT('',(-0.00357258738389952,-0.00406734425858081,0.00202900757248817));
#1487=CARTESIAN_POINT('',(-0.00256283382150677,-0.00493731046760966,0.00202541086509521));
#1488=CARTESIAN_POINT('',(-0.0145343125107176,0.00537687144727568,0.00382541086509521));
#1489=CARTESIAN_POINT('',(-0.0145343125107176,-0.0191821467932449,0.00382541086509521));
#1490=CARTESIAN_POINT('',(-0.0170382479659171,-0.0191821467932449,0.00594030638692376));
#1491=CARTESIAN_POINT('',(-0.0170705380918156,-0.0191821467932449,0.00214810305812832));
#1492=CARTESIAN_POINT('',(-0.0170703329187375,-0.0193611635530768,0.00217219890811998));
#1493=CARTESIAN_POINT('',(-0.0170710569653153,-0.0204356406064205,0.00208716573570793));
#1494=CARTESIAN_POINT('',(-0.016996499463436,-0.0225224629046787,0.0108433163838171));
#1495=CARTESIAN_POINT('',(-0.0169617901072511,-0.0230804362204061,0.0149196379342132));
#1496=CARTESIAN_POINT('',(-0.0169617901072502,-0.0230804362204061,0.0149196379342132));
#1497=CARTESIAN_POINT('',(-0.0169617901072511,-0.0230804362204061,0.0149196379342132));
#1498=CARTESIAN_POINT('',(-0.0169621486372314,-0.0226602238024407,0.0148775316076886));
#1499=CARTESIAN_POINT('',(-0.0169620276080931,-0.0210464371551644,0.0148917454606284));
#1500=CARTESIAN_POINT('',(-0.017009874461044,-0.0207983885761486,0.00927253556335502));
#1501=CARTESIAN_POINT('',(-0.0170314351461299,-0.0191821467932449,0.00674041469113578));
#1502=CARTESIAN_POINT('',(-0.017028012369016,-0.0194205203170359,0.00714239103542943));
#1503=CARTESIAN_POINT('',(-0.017035894072451,-0.0210986618326432,0.00621675134926784));
#1504=CARTESIAN_POINT('',(-0.0170358940724509,-0.0191821467932449,0.00621675134926784));
#1505=CARTESIAN_POINT('',(-0.0170347328610283,-0.0191821467932449,0.00635312585074702));
#1506=CARTESIAN_POINT('',(0.0119787860267005,-0.0191821467932449,0.00571876253147776));
#1507=CARTESIAN_POINT('',(0.0119462785108118,-0.0191821467932449,0.00190102857924781));
#1508=CARTESIAN_POINT('',(0.0119464836838899,-0.0193611635530768,0.00192512442923947));
#1509=CARTESIAN_POINT('',(0.0119457596373121,-0.0204356406064205,0.00184009125682742));
#1510=CARTESIAN_POINT('',(0.0120203171391913,-0.0225224629046787,0.0105962419049366));
#1511=CARTESIAN_POINT('',(0.0120550264953763,-0.0230804362204061,0.0146725634553327));
#1512=CARTESIAN_POINT('',(0.0120550264953771,-0.0230804362204061,0.0146725634553327));
#1513=CARTESIAN_POINT('',(0.011982083741599,-0.0191821467932449,0.00610605137186652));
#1514=CARTESIAN_POINT('',(0.0119809225301764,-0.0191821467932449,0.00596967687038732));
#1515=CARTESIAN_POINT('',(0.0119809225301764,-0.0210986618326432,0.00596967687038732));
#1516=CARTESIAN_POINT('',(0.0119888042336114,-0.0194205203170359,0.00689531655654891));
#1517=CARTESIAN_POINT('',(0.0120550264953763,-0.0230804362204061,0.0146725634553327));
#1518=CARTESIAN_POINT('',(0.012054667965396,-0.0226602238024407,0.0146304571288081));
#1519=CARTESIAN_POINT('',(0.0120547889945342,-0.0210464371551644,0.0146446709817479));
#1520=CARTESIAN_POINT('',(0.0120069421415833,-0.0207983885761486,0.00902546108447451));
#1521=CARTESIAN_POINT('',(0.0119853814564974,-0.0191821467932449,0.00649334021225527));
#1522=CARTESIAN_POINT('',(-0.0161371632049871,-0.0194055195786956,0.00673280008003419));
#1523=CARTESIAN_POINT('',(-0.0161371632049871,0.00581785320675511,0.00673280008003419));
#1524=CARTESIAN_POINT('',(-0.0156783858784922,-0.0194055195786956,0.00621115901063683));
#1525=CARTESIAN_POINT('',(-0.0156783858784922,0.00581785320675511,0.00621115901063683));
#1526=CARTESIAN_POINT('',(-0.0147667958295936,-0.0194055195786956,0.0051671920104233));
#1527=CARTESIAN_POINT('',(-0.0147667958295936,0.00581785320675511,0.0051671920104233));
#1528=CARTESIAN_POINT('',(-0.0128931726338519,-0.0194055195786956,0.00433414077926549));
#1529=CARTESIAN_POINT('',(-0.0128931726338519,0.00581785320675511,0.00433414077926549));
#1530=CARTESIAN_POINT('',(-0.0115107010129395,-0.0194055195786956,0.00401901337604049));
#1531=CARTESIAN_POINT('',(-0.0115107010129395,0.00581785320675511,0.00401901337604049));
#1532=CARTESIAN_POINT('',(-0.0115600076317355,0.00581785320675511,0.00403033071104465));
#1533=CARTESIAN_POINT('',(-0.0123310860548619,0.00581785320675512,0.00420854783967909));
#1534=CARTESIAN_POINT('',(-0.0137939979727002,0.00519755360623545,0.00470404478596592));
#1535=CARTESIAN_POINT('',(-0.0144504140530141,0.00371116035164771,0.00516936207222533));
#1536=CARTESIAN_POINT('',(-0.0144504140530141,0.00291785320675513,0.00516936207222533));
#1537=CARTESIAN_POINT('',(-0.0115600076124441,0.00581785320675511,0.00403033070658591));
#1538=CARTESIAN_POINT('',(-0.0144504140530141,0.00291785320675511,0.00516936207222533));
#1539=CARTESIAN_POINT('',(-0.0161371632049871,0.00581785320675511,0.00673280008003419));
#1540=CARTESIAN_POINT('',(-0.0153004379897487,0.00581785320675511,0.00578142299389229));
#1541=CARTESIAN_POINT('',(-0.0127457520896207,0.00581785320675511,0.00287668248481268));
#1542=CARTESIAN_POINT('',(0.00799571554193648,0.00581785320675511,0.00292714252537809));
#1543=CARTESIAN_POINT('',(0.0103303237290381,0.00581785320675511,0.00564220024755445));
#1544=CARTESIAN_POINT('',(0.0110689072235668,0.00581785320675511,0.00650114387302929));
#1545=CARTESIAN_POINT('',(-0.0161371632049871,0.00581785320675511,0.00673280008003419));
#1546=CARTESIAN_POINT('',(-0.0161371632049871,-0.0191821467932449,0.00673280008003419));
#1547=CARTESIAN_POINT('',(-0.0161371632049871,-0.0192550819676491,0.00673280008003419));
#1548=CARTESIAN_POINT('',(-0.0161371632049871,-0.0192550819676491,0.00673280008003421));
#1549=CARTESIAN_POINT('',(-0.0159825587933353,-0.0192055235563819,0.00655701107310181));
#1550=CARTESIAN_POINT('',(-0.0158261639888061,-0.0191821467932422,0.00637921525196485));
#1551=CARTESIAN_POINT('',(-0.0156621418821383,-0.0191821467932419,0.00620505402522654));
#1552=CARTESIAN_POINT('',(-0.0156621418821378,-0.0191821467932449,0.00620505402522599));
#1553=CARTESIAN_POINT('',(-0.0161371632049871,-0.0191821467932449,0.00673280008003419));
#1554=CARTESIAN_POINT('',(-0.0153004379897487,-0.0191821467932449,0.00578142299389229));
#1555=CARTESIAN_POINT('',(-0.0127457520896207,-0.0191821467932449,0.00287668248481268));
#1556=CARTESIAN_POINT('',(0.00799571554193648,-0.0191821467932449,0.00292714252537809));
#1557=CARTESIAN_POINT('',(0.0103303237290381,-0.0191821467932449,0.00564220024755445));
#1558=CARTESIAN_POINT('',(0.0110689072235668,-0.0191821467932449,0.00650114387302929));
#1559=CARTESIAN_POINT('',(-0.0115600076317721,-0.0191821467932449,0.00403033070675048));
#1560=CARTESIAN_POINT('',(-0.0144504140530141,-0.0162821467932449,0.00516936207222527));
#1561=CARTESIAN_POINT('',(-0.0144504140530141,-0.0170744577885958,0.00516936207222527));
#1562=CARTESIAN_POINT('',(-0.0137943651896031,-0.0185622538632185,0.00470415088797058));
#1563=CARTESIAN_POINT('',(-0.0123305359694249,-0.0191821467932449,0.004208420700021));
#1564=CARTESIAN_POINT('',(-0.0115600076317355,-0.0191821467932449,0.00403033071104467));
#1565=CARTESIAN_POINT('',(-0.0144504140530141,-0.0162821467932449,0.00516936207222527));
#1566=CARTESIAN_POINT('',(-0.0144504140530141,-0.0191821467932449,0.00516936207222533));
#1567=CARTESIAN_POINT('',(-0.0165877055854521,-0.0191821467932449,0.00633655323347897));
#1568=CARTESIAN_POINT('',(-0.0165877055854521,0.00581785320675511,0.00633655323347897));
#1569=CARTESIAN_POINT('',(-0.0165877055854521,-0.0191821467932449,0.00633655323347897));
#1570=CARTESIAN_POINT('',(-0.0167269146857906,-0.0191821467932449,0.00621412042934635));
#1571=CARTESIAN_POINT('',(-0.0167269146857939,-0.0210986618326432,0.00621412042934342));
#1572=CARTESIAN_POINT('',(0.0115238466251337,-0.0191821467932449,0.00610995320225353));
#1573=CARTESIAN_POINT('',(0.0115238466251337,0.00581785320675511,0.00610995320225353));
#1574=CARTESIAN_POINT('',(0.0110689072235668,0.00581785320675511,0.00650114387302929));
#1575=CARTESIAN_POINT('',(0.0110689072235668,-0.0191821467932449,0.00650114387302929));
#1576=CARTESIAN_POINT('',(0.0110689072235668,-0.0192550819676491,0.00650114387302929));
#1577=CARTESIAN_POINT('',(0.0116840426535802,-0.0210986618326432,0.00597220476453245));
#1578=CARTESIAN_POINT('',(0.0116840426535765,-0.0191821467932449,0.0059722047645356));
#1579=CARTESIAN_POINT('',(0.0115238466251337,-0.0191821467932449,0.00610995320225353));
#1580=CARTESIAN_POINT('',(0.00639547372347698,-0.0194055195786957,0.0039195163372618));
#1581=CARTESIAN_POINT('',(0.00639547372347698,0.00581785320675511,0.0039195163372618));
#1582=CARTESIAN_POINT('',(0.00711556600046747,-0.0194055195786957,0.00406578319084386));
#1583=CARTESIAN_POINT('',(0.00711556600046747,0.00581785320675511,0.00406578319084386));
#1584=CARTESIAN_POINT('',(0.00834680653338817,-0.0194055195786957,0.00440595738588867));
#1585=CARTESIAN_POINT('',(0.00834680653338817,0.00581785320675511,0.00440595738588867));
#1586=CARTESIAN_POINT('',(0.00998965017914197,-0.0194055195786957,0.00524903890747775));
#1587=CARTESIAN_POINT('',(0.00998965017914197,0.00581785320675512,0.00524903890747775));
#1588=CARTESIAN_POINT('',(0.0106381615346034,-0.0194055195786957,0.00600020353726945));
#1589=CARTESIAN_POINT('',(0.0106381615346034,0.00581785320675511,0.00600020353726945));
#1590=CARTESIAN_POINT('',(0.0110689072235668,-0.0194055195786957,0.00650114387302929));
#1591=CARTESIAN_POINT('',(0.0110689072235668,0.00581785320675511,0.00650114387302929));
#1592=CARTESIAN_POINT('',(0.00644684771156661,-0.0191821467932449,0.00393002383161832));
#1593=CARTESIAN_POINT('',(0.00721906262378417,-0.0191821467932449,0.00408905926920131));
#1594=CARTESIAN_POINT('',(0.00869509197131187,-0.018560899622177,0.00452517450539242));
#1595=CARTESIAN_POINT('',(0.00935566254046579,-0.0170722449547562,0.00495290490386094));
#1596=CARTESIAN_POINT('',(0.00935566254046579,-0.0162821467932449,0.00495290490386094));
#1597=CARTESIAN_POINT('',(0.00644684771156764,-0.0191821467932449,0.00393002383173946));
#1598=CARTESIAN_POINT('',(0.00935566254046579,-0.0162821467932449,0.00495290490386094));
#1599=CARTESIAN_POINT('',(-0.0161371632049871,-0.0191821467932449,0.00673280008003419));
#1600=CARTESIAN_POINT('',(-0.0153004379897487,-0.0191821467932449,0.00578142299389229));
#1601=CARTESIAN_POINT('',(-0.0127457520896207,-0.0191821467932449,0.00287668248481268));
#1602=CARTESIAN_POINT('',(0.00799571554193648,-0.0191821467932449,0.00292714252537809));
#1603=CARTESIAN_POINT('',(0.0103303237290381,-0.0191821467932449,0.00564220024755445));
#1604=CARTESIAN_POINT('',(0.0110689072235668,-0.0191821467932449,0.00650114387302929));
#1605=CARTESIAN_POINT('',(0.0106090367806351,-0.0191821467932449,0.00598135830192885));
#1606=CARTESIAN_POINT('',(0.0106090367806386,-0.0191821467932449,0.00598135830192727));
#1607=CARTESIAN_POINT('',(0.0107688475343476,-0.0191821467932449,0.00615226254424517));
#1608=CARTESIAN_POINT('',(0.0109197970769245,-0.0192054649478859,0.0063277346228892));
#1609=CARTESIAN_POINT('',(0.0110689072235668,-0.0192550819676493,0.00650114387302929));
#1610=CARTESIAN_POINT('',(-0.0161371632049871,0.00581785320675511,0.00673280008003419));
#1611=CARTESIAN_POINT('',(-0.0153004379897487,0.00581785320675511,0.00578142299389229));
#1612=CARTESIAN_POINT('',(-0.0127457520896207,0.00581785320675511,0.00287668248481268));
#1613=CARTESIAN_POINT('',(0.00799571554193648,0.00581785320675511,0.00292714252537809));
#1614=CARTESIAN_POINT('',(0.0103303237290381,0.00581785320675511,0.00564220024755445));
#1615=CARTESIAN_POINT('',(0.0110689072235668,0.00581785320675511,0.00650114387302929));
#1616=CARTESIAN_POINT('',(0.00644684771156764,0.00581785320675511,0.00393002383173946));
#1617=CARTESIAN_POINT('',(0.00935566254046579,0.00291785320675511,0.00495290490386094));
#1618=CARTESIAN_POINT('',(0.00935566254046579,0.00370712168958438,0.00495290490386094));
#1619=CARTESIAN_POINT('',(0.00869590187800561,0.00519648207404445,0.00452545373309535));
#1620=CARTESIAN_POINT('',(0.00721853610612178,0.00581785320675511,0.00408895083440485));
#1621=CARTESIAN_POINT('',(0.00644684771156661,0.00581785320675511,0.00393002383161832));
#1622=CARTESIAN_POINT('',(0.00935566254046579,0.00291785320675511,0.00495290490386094));
#1623=CARTESIAN_POINT('',(0.00935566254046579,-0.0191821467932449,0.00495290490386094));
#1624=CARTESIAN_POINT('',(-0.00252973096960828,0.00581785320675511,0.00434025134058857));
#1625=CARTESIAN_POINT('',(-0.0115662794682387,0.00581785320675511,0.00329375633719974));
#1626=CARTESIAN_POINT('',(-0.0115571468780081,0.00581785320675511,0.00436630214212738));
#1627=CARTESIAN_POINT('',(-0.0115571468780081,0.00581785320675511,0.00436630214212738));
#1628=CARTESIAN_POINT('',(-0.0100780696421305,0.00581785320675511,0.00401704079554579));
#1629=CARTESIAN_POINT('',(-0.00708603694954934,0.00581785320675512,0.00367534214825839));
#1630=CARTESIAN_POINT('',(-0.00255384205728413,0.00581785320675512,0.00350081083801819));
#1631=CARTESIAN_POINT('',(0.00196625288870324,0.00581785320675512,0.00364175885614193));
#1632=CARTESIAN_POINT('',(0.00496240003157812,0.00581785320675511,0.00395333786516452));
#1633=CARTESIAN_POINT('',(0.00644970418226215,0.00581785320675511,0.00426549225668076));
#1634=CARTESIAN_POINT('',(0.00644970418226215,0.00581785320675511,0.00426549225668076));
#1635=CARTESIAN_POINT('',(0.00644012445618767,0.00581785320675511,0.00314043411281291));
#1636=CARTESIAN_POINT('',(0.00644012445618767,0.00291785320675511,0.00314043411281291));
#1637=CARTESIAN_POINT('',(0.00644970418226215,0.00581785320675511,0.00426549225668077));
#1638=CARTESIAN_POINT('',(0.00721815668295092,0.00581785320675511,0.00439950173132218));
#1639=CARTESIAN_POINT('',(0.00870295748041715,0.00519707343061599,0.00475543294626879));
#1640=CARTESIAN_POINT('',(0.00935659160346247,0.00369883894836551,0.00506201552794956));
#1641=CARTESIAN_POINT('',(0.00935659160346247,0.00291785320675512,0.00506201552794956));
#1642=CARTESIAN_POINT('',(0.00935659160346247,0.00291785320675511,0.00506201552794956));
#1643=CARTESIAN_POINT('',(0.00934001933248876,0.00291785320675511,0.00311574187916157));
#1644=CARTESIAN_POINT('',(0.00934001933248876,-0.00668214679324489,0.00311574187916157));
#1645=CARTESIAN_POINT('',(0.00935659160346247,-0.00668214679324489,0.00506201552794956));
#1646=CARTESIAN_POINT('',(0.00935659160346247,-0.0162821467932449,0.00506201552794956));
#1647=CARTESIAN_POINT('',(0.00934001933248876,-0.0162821467932449,0.00311574187916157));
#1648=CARTESIAN_POINT('',(0.00644012445618767,-0.0162821467932449,0.00314043411281291));
#1649=CARTESIAN_POINT('',(0.00935659160346247,-0.0162821467932449,0.00506201552794956));
#1650=CARTESIAN_POINT('',(0.00935659160346247,-0.0170623915723945,0.00506201552794956));
#1651=CARTESIAN_POINT('',(0.00870411968571819,-0.018560891569048,0.00475575630238927));
#1652=CARTESIAN_POINT('',(0.00721754379817635,-0.0191821467932449,0.00439939485110952));
#1653=CARTESIAN_POINT('',(0.00644970418226215,-0.0191821467932449,0.00426549225668076));
#1654=CARTESIAN_POINT('',(0.00644970418226215,-0.0191821467932449,0.00426549225668077));
#1655=CARTESIAN_POINT('',(0.00644012445618768,-0.0191821467932449,0.00314043411281291));
#1656=CARTESIAN_POINT('',(-0.0115662794682387,-0.0162821467932449,0.00329375633719974));
#1657=CARTESIAN_POINT('',(-0.0115662794682387,-0.0191821467932449,0.00329375633719974));
#1658=CARTESIAN_POINT('',(-0.0115571468780081,-0.0191821467932449,0.00436630214212738));
#1659=CARTESIAN_POINT('',(-0.0115571468780081,-0.0191821467932449,0.00436630214212738));
#1660=CARTESIAN_POINT('',(-0.0123241339547696,-0.0191821467932449,0.00451895331703181));
#1661=CARTESIAN_POINT('',(-0.0137988648516714,-0.0185623806716551,0.00492889622278369));
#1662=CARTESIAN_POINT('',(-0.0144495788507038,-0.0170652362503204,0.00526744954922219));
#1663=CARTESIAN_POINT('',(-0.0144495788507038,-0.0162821467932449,0.00526744954922219));
#1664=CARTESIAN_POINT('',(-0.0144495788507038,-0.0162821467932449,0.00526744954922219));
#1665=CARTESIAN_POINT('',(-0.0144661743445398,-0.0162821467932449,0.00331844857085109));
#1666=CARTESIAN_POINT('',(-0.0144661743445398,-0.00668214679324489,0.00331844857085109));
#1667=CARTESIAN_POINT('',(-0.0144495788507038,0.00291785320675511,0.00526744954922219));
#1668=CARTESIAN_POINT('',(-0.0144495788507038,0.00291785320675511,0.00526744954922219));
#1669=CARTESIAN_POINT('',(-0.0144661743445398,0.00291785320675511,0.00331844857085109));
#1670=CARTESIAN_POINT('',(-0.0115662794682387,0.00291785320675511,0.00329375633719974));
#1671=CARTESIAN_POINT('',(-0.0144495788507038,0.00291785320675511,0.00526744954922219));
#1672=CARTESIAN_POINT('',(-0.0144495788507038,0.00370009220419024,0.00526744954922219));
#1673=CARTESIAN_POINT('',(-0.0137996537902794,0.00519805591470051,0.00492912655421383));
#1674=CARTESIAN_POINT('',(-0.012323475223475,0.00581785320675511,0.0045188222116858));
#1675=CARTESIAN_POINT('',(-0.0115571468780081,0.00581785320675511,0.00436630214212738));
#1676=CARTESIAN_POINT('',(-0.0137423501015552,0.0053458480619533,0.00567263799099612));
#1677=CARTESIAN_POINT('',(-0.0137423501015552,-0.0187101416484431,0.00567263799099612));
#1678=CARTESIAN_POINT('',(-0.0133227227553369,0.0053458480619533,0.0054314071398891));
#1679=CARTESIAN_POINT('',(-0.0133227227553369,-0.0187101416484431,0.0054314071398891));
#1680=CARTESIAN_POINT('',(-0.0122867466889253,0.00534584806195329,0.00497458275533872));
#1681=CARTESIAN_POINT('',(-0.0122867466889253,-0.0187101416484431,0.00497458275533872));
#1682=CARTESIAN_POINT('',(-0.0096858367681239,0.0053458480619533,0.00444453781995287));
#1683=CARTESIAN_POINT('',(-0.0096858367681239,-0.0187101416484431,0.00444453781995287));
#1684=CARTESIAN_POINT('',(-0.00636844537582128,0.0053458480619533,0.00411536804935519));
#1685=CARTESIAN_POINT('',(-0.00636844537582128,-0.0187101416484431,0.00411536804935519));
#1686=CARTESIAN_POINT('',(-0.00269775801280087,0.0053458480619533,0.00399179577648506));
#1687=CARTESIAN_POINT('',(-0.00269775801280087,-0.0187101416484431,0.00399179577648506));
#1688=CARTESIAN_POINT('',(0.000996055577742554,0.0053458480619533,0.00407367158497251));
#1689=CARTESIAN_POINT('',(0.000996055577742554,-0.0187101416484431,0.00407367158497251));
#1690=CARTESIAN_POINT('',(0.00438218747775344,0.0053458480619533,0.0043580117405312));
#1691=CARTESIAN_POINT('',(0.00438218747775344,-0.0187101416484431,0.0043580117405312));
#1692=CARTESIAN_POINT('',(0.00712475292906089,0.0053458480619533,0.00483790963193653));
#1693=CARTESIAN_POINT('',(0.00712475292906089,-0.0187101416484431,0.00483790963193653));
#1694=CARTESIAN_POINT('',(0.00823411054373658,0.0053458480619533,0.00526046624555574));
#1695=CARTESIAN_POINT('',(0.00823411054373658,-0.0187101416484431,0.00526046624555574));
#1696=CARTESIAN_POINT('',(0.00866736212911738,0.0053458480619533,0.00548507503279194));
#1697=CARTESIAN_POINT('',(0.00866736212911738,-0.0187101416484431,0.00548507503279194));
#1698=CARTESIAN_POINT('',(0.00866736212911744,-0.0162821467932449,0.00548507503279197));
#1699=CARTESIAN_POINT('',(0.00866736212911744,-0.0162821467932449,0.00548507503279197));
#1700=CARTESIAN_POINT('',(0.00866736212911744,0.00291785320675511,0.00548507503279197));
#1701=CARTESIAN_POINT('',(0.00866736212911744,0.00291785320675511,0.00548507503279197));
#1702=CARTESIAN_POINT('',(0.00866736212911744,0.00356063003269786,0.00548507503279197));
#1703=CARTESIAN_POINT('',(0.00818645515075864,0.00481155212836141,0.00520978619456063));
#1704=CARTESIAN_POINT('',(0.00698166003815353,0.00534584806195331,0.00485942766557166));
#1705=CARTESIAN_POINT('',(0.006352752381078,0.00534584806195332,0.00472743295089));
#1706=CARTESIAN_POINT('',(0.006352752381078,0.00534584806195332,0.00472743295089));
#1707=CARTESIAN_POINT('',(0.006352752381078,0.00534584806195332,0.00472743295089));
#1708=CARTESIAN_POINT('',(0.00488315469963261,0.00534584806195332,0.0044189947809749));
#1709=CARTESIAN_POINT('',(0.00192251323686754,0.00534584806195331,0.0041130101244444));
#1710=CARTESIAN_POINT('',(-0.00254305673722022,0.00534584806195332,0.00397364900973459));
#1711=CARTESIAN_POINT('',(-0.00702274519652388,0.00534584806195331,0.00414456775122457));
#1712=CARTESIAN_POINT('',(-0.0099928361946087,0.00534584806195332,0.0044819002741513));
#1713=CARTESIAN_POINT('',(-0.0114486733183722,0.00534584806195332,0.00482567382560305));
#1714=CARTESIAN_POINT('',(-0.0114486733183722,0.00534584806195332,0.00482567382560305));
#1715=CARTESIAN_POINT('',(-0.0114486733183722,0.00534584806195332,0.00482567382560305));
#1716=CARTESIAN_POINT('',(-0.0120744967037687,0.00534584806194824,0.00497345239527087));
#1717=CARTESIAN_POINT('',(-0.0132654719693557,0.00480879387108663,0.00537141922240648));
#1718=CARTESIAN_POINT('',(-0.0137423500967166,0.00356101972036728,0.00567263798821459));
#1719=CARTESIAN_POINT('',(-0.0137423500967166,0.00291785320675511,0.00567263798821459));
#1720=CARTESIAN_POINT('',(-0.0137423500967166,0.00291785320675511,0.0056726379882146));
#1721=CARTESIAN_POINT('',(-0.0137423500967166,0.00291785320675511,0.0056726379882146));
#1722=CARTESIAN_POINT('',(-0.0137423500967166,-0.0162821467932449,0.0056726379882146));
#1723=CARTESIAN_POINT('',(-0.0137423500967166,-0.0162821467932449,0.0056726379882146));
#1724=CARTESIAN_POINT('',(-0.0137423500967166,-0.0169259850229093,0.0056726379882146));
#1725=CARTESIAN_POINT('',(-0.0132649204811569,-0.0181730327967037,0.00537123853021044));
#1726=CARTESIAN_POINT('',(-0.0120750759329461,-0.0187101416484431,0.00497358917130742));
#1727=CARTESIAN_POINT('',(-0.0114486733183722,-0.0187101416484431,0.00482567382560305));
#1728=CARTESIAN_POINT('',(-0.0114486733183722,-0.0187101416484431,0.00482567382560305));
#1729=CARTESIAN_POINT('',(-0.0114486733183722,-0.0187101416484431,0.00482567382560305));
#1730=CARTESIAN_POINT('',(-0.00998469850530517,-0.0187101416484431,0.00447997868388555));
#1731=CARTESIAN_POINT('',(-0.00702821328108136,-0.0187101416484431,0.00414602368563724));
#1732=CARTESIAN_POINT('',(-0.00256480637927117,-0.0187101416484431,0.00397369302185217));
#1733=CARTESIAN_POINT('',(0.00191626359034297,-0.0187101416484431,0.00411172794289347));
#1734=CARTESIAN_POINT('',(0.00488986493471236,-0.0187101416484431,0.00442040312079967));
#1735=CARTESIAN_POINT('',(0.00635275238107801,-0.0187101416484431,0.00472743295089));
#1736=CARTESIAN_POINT('',(0.00635275238107801,-0.0187101416484431,0.00472743295089));
#1737=CARTESIAN_POINT('',(0.00635275238107801,-0.0187101416484431,0.00472743295089));
#1738=CARTESIAN_POINT('',(0.00698109592479662,-0.018710141648426,0.00485930926993259));
#1739=CARTESIAN_POINT('',(0.00818722185440943,-0.0181756168697117,0.00521002944244387));
#1740=CARTESIAN_POINT('',(0.00866736212911734,-0.0169243495020002,0.00548507503279194));
#1741=CARTESIAN_POINT('',(0.00866736212911734,-0.0162821467932449,0.00548507503279194));
#1742=CARTESIAN_POINT('',(-0.0114486733183722,-0.0187101416484431,0.00482567382560305));
#1743=CARTESIAN_POINT('',(-0.0114486733183722,-0.0191821467932449,0.00482567382560304));
#1744=CARTESIAN_POINT('',(-0.0115571468780081,-0.0191821467932449,0.00436630214212738));
#1745=CARTESIAN_POINT('',(-0.0120717131852304,-0.0187101416269981,0.00497279511014083));
#1746=CARTESIAN_POINT('',(-0.0122129447688019,-0.0192107113189043,0.00500614477294457));
#1747=CARTESIAN_POINT('',(-0.0123248640544323,-0.0191821467932449,0.00451909862314386));
#1748=CARTESIAN_POINT('',(-0.0129456255568877,-0.0183207362436236,0.00526028442016916));
#1749=CARTESIAN_POINT('',(-0.0133324795703692,-0.0187641035565195,0.00539859198201712));
#1750=CARTESIAN_POINT('',(-0.0134229339343669,-0.0187170404995921,0.00482171720371));
#1751=CARTESIAN_POINT('',(-0.0136171575107202,-0.01726148568096,0.00559825668900458));
#1752=CARTESIAN_POINT('',(-0.0142425368222338,-0.0175721238677927,0.00593183948936583));
#1753=CARTESIAN_POINT('',(-0.0142867516178471,-0.01745187034975,0.00518629045117931));
#1754=CARTESIAN_POINT('',(-0.0137423500908502,-0.016612902101807,0.00567263798484214));
#1755=CARTESIAN_POINT('',(-0.0144427005410491,-0.0167392232461917,0.00607524790962056));
#1756=CARTESIAN_POINT('',(-0.0144495788507346,-0.0166772013349714,0.00526744954560586));
#1757=CARTESIAN_POINT('',(-0.0137423500967166,-0.0162821467932449,0.0056726379882146));
#1758=CARTESIAN_POINT('',(-0.014442700551014,-0.0162821467932449,0.0060752479165064));
#1759=CARTESIAN_POINT('',(-0.0144495788507038,-0.0162821467932449,0.00526744954922219));
#1760=CARTESIAN_POINT('',(-0.0139775908158768,-0.0162821467932449,0.00526343063152561));
#1761=CARTESIAN_POINT('',(-0.0115571468780081,-0.0187101416484431,0.00436630214212738));
#1762=CARTESIAN_POINT('',(0.00635275238107798,-0.0187101416484431,0.00472743295089));
#1763=CARTESIAN_POINT('',(0.00635275238107798,-0.0191821467932449,0.00472743295088999));
#1764=CARTESIAN_POINT('',(0.00644970418226215,-0.0191821467932449,0.00426549225668077));
#1765=CARTESIAN_POINT('',(0.00490605003229721,-0.0187101416484273,0.00442380003815913));
#1766=CARTESIAN_POINT('',(0.00490605002981564,-0.0191821467930829,0.00442380004969971));
#1767=CARTESIAN_POINT('',(0.00496437320762318,-0.0191821467932449,0.00395375200709256));
#1768=CARTESIAN_POINT('',(0.00193631362059663,-0.018710141648451,0.00411216635788232));
#1769=CARTESIAN_POINT('',(0.0019363136216302,-0.0191821467933253,0.0041121663520355));
#1770=CARTESIAN_POINT('',(0.00196801143755873,-0.0191821467932449,0.00364151199919025));
#1771=CARTESIAN_POINT('',(-0.00256439563546549,-0.0187101416484391,0.00397366226334922));
#1772=CARTESIAN_POINT('',(-0.00256439563536066,-0.0191821467932064,0.00397366226650224));
#1773=CARTESIAN_POINT('',(-0.00256586094845706,-0.0191821467932449,0.00350085113927005));
#1774=CARTESIAN_POINT('',(-0.00704748842979189,-0.018710141648451,0.00414569944289821));
#1775=CARTESIAN_POINT('',(-0.0070474884312448,-0.0191821467933183,0.00414569943613296));
#1776=CARTESIAN_POINT('',(-0.00708369604076347,-0.0191821467932449,0.00367558641881777));
#1777=CARTESIAN_POINT('',(-0.0100120901260374,-0.0187101416484273,0.0044864467940048));
#1778=CARTESIAN_POINT('',(-0.0100120901227171,-0.0191821467930992,0.00448644680768838));
#1779=CARTESIAN_POINT('',(-0.0100755536067607,-0.0191821467932449,0.00401644668834047));
#1780=CARTESIAN_POINT('',(-0.0114486733183722,-0.0187101416484431,0.00482567382560305));
#1781=CARTESIAN_POINT('',(-0.0114486733183722,-0.0191821467932449,0.00482567382560304));
#1782=CARTESIAN_POINT('',(-0.0115571468780081,-0.0191821467932449,0.00436630214212738));
#1783=CARTESIAN_POINT('',(0.00644970418226215,-0.0191821467932449,0.00426549225668077));
#1784=CARTESIAN_POINT('',(0.00496437320875219,-0.0191821467932449,0.00395375199425822));
#1785=CARTESIAN_POINT('',(0.00196801143708016,-0.0191821467932449,0.00364151200570472));
#1786=CARTESIAN_POINT('',(-0.00256586094847558,-0.0191821467932449,0.00350085113572093));
#1787=CARTESIAN_POINT('',(-0.00708369604021084,-0.0191821467932449,0.00367558642649978));
#1788=CARTESIAN_POINT('',(-0.0100755536080368,-0.0191821467932449,0.00401644667278178));
#1789=CARTESIAN_POINT('',(-0.0115571468780081,-0.0191821467932449,0.00436630214212738));
#1790=CARTESIAN_POINT('',(0.00644970418226213,-0.0187101416484431,0.00426549225668076));
#1791=CARTESIAN_POINT('',(-0.0139775908158768,-0.0162821467932449,0.00526343063152561));
#1792=CARTESIAN_POINT('',(-0.0139775908158768,0.00291785320675511,0.00526343063152561));
#1793=CARTESIAN_POINT('',(0.00866736212911743,-0.0162821467932449,0.00548507503279196));
#1794=CARTESIAN_POINT('',(0.00936326584901482,-0.0162821467932449,0.00584584945539895));
#1795=CARTESIAN_POINT('',(0.00935659160346247,-0.0162821467932449,0.00506201552794956));
#1796=CARTESIAN_POINT('',(0.00866736211872917,-0.0166113516616406,0.00548507502740642));
#1797=CARTESIAN_POINT('',(0.00936326583169093,-0.0167316018943595,0.00584584944453222));
#1798=CARTESIAN_POINT('',(0.00935659160341183,-0.0166753494873571,0.00506201552200258));
#1799=CARTESIAN_POINT('',(0.00854252221266876,-0.0172564019444627,0.00541804759310559));
#1800=CARTESIAN_POINT('',(0.00916719079059978,-0.0175547051105489,0.00571812145742004));
#1801=CARTESIAN_POINT('',(0.00919482444113969,-0.0174457983284823,0.00498940448633395));
#1802=CARTESIAN_POINT('',(0.00786703725383454,-0.0183208137470207,0.00511309546051145));
#1803=CARTESIAN_POINT('',(0.00825335267055287,-0.0187580290193092,0.00523282995702336));
#1804=CARTESIAN_POINT('',(0.00832530562186282,-0.0187171330708874,0.00466230035884231));
#1805=CARTESIAN_POINT('',(0.00697942138986848,-0.018710141631211,0.00485895781958022));
#1806=CARTESIAN_POINT('',(0.00712048728997252,-0.0192096071355592,0.00488856463129109));
#1807=CARTESIAN_POINT('',(0.00721795148973643,-0.0191821467932449,0.00439946594452448));
#1808=CARTESIAN_POINT('',(0.00635275238107798,-0.0187101416484431,0.00472743295089));
#1809=CARTESIAN_POINT('',(0.00635275238107798,-0.0191821467932449,0.00472743295088999));
#1810=CARTESIAN_POINT('',(0.00644970418226215,-0.0191821467932449,0.00426549225668077));
#1811=CARTESIAN_POINT('',(0.0088846035686354,-0.0162821467932449,0.00506603444564614));
#1812=CARTESIAN_POINT('',(-0.0137423500967166,0.0029178532067551,0.0056726379882146));
#1813=CARTESIAN_POINT('',(-0.014442700551014,0.00291785320675508,0.00607524791650642));
#1814=CARTESIAN_POINT('',(-0.0144495788507038,0.00291785320675511,0.00526744954922219));
#1815=CARTESIAN_POINT('',(-0.0137423500861798,0.00324824181774895,0.00567263798215727));
#1816=CARTESIAN_POINT('',(-0.0144427005330958,0.00337442291318777,0.00607524790413802));
#1817=CARTESIAN_POINT('',(-0.0144495788507591,0.00331246976444893,0.00526744954273768));
#1818=CARTESIAN_POINT('',(-0.0136179163445347,0.00389519508157176,0.00559867588264964));
#1819=CARTESIAN_POINT('',(-0.0142437242875989,0.00420532161001136,0.00593261694908361));
#1820=CARTESIAN_POINT('',(-0.0142877342754476,0.00408519152846663,0.0051867454118713));
#1821=CARTESIAN_POINT('',(-0.012945761931828,0.00495712141423896,0.00526026629953321));
#1822=CARTESIAN_POINT('',(-0.0133327588203736,0.00540039784214525,0.00539859449410309));
#1823=CARTESIAN_POINT('',(-0.013423093492815,0.00535355762226402,0.00482169308343618));
#1824=CARTESIAN_POINT('',(-0.0120712181007473,0.0053458480436599,0.00497267820355269));
#1825=CARTESIAN_POINT('',(-0.0122123190970085,0.00584639435159766,0.0050059970294184));
#1826=CARTESIAN_POINT('',(-0.0123242540054244,0.00581785320675511,0.00451897720636544));
#1827=CARTESIAN_POINT('',(-0.0114486733183722,0.0053458480619533,0.00482567382560305));
#1828=CARTESIAN_POINT('',(-0.0114486733183722,0.00581785320675511,0.00482567382560307));
#1829=CARTESIAN_POINT('',(-0.0115571468780081,0.00581785320675511,0.00436630214212738));
#1830=CARTESIAN_POINT('',(-0.0115571468780081,0.00534584806195332,0.00436630214212738));
#1831=CARTESIAN_POINT('',(0.00888460356863541,0.00291785320675511,0.00506603444564614));
#1832=CARTESIAN_POINT('',(0.00888460356863542,0.00291785320675511,0.00506603444564614));
#1833=CARTESIAN_POINT('',(-0.0114486733183722,0.0053458480619533,0.00482567382560305));
#1834=CARTESIAN_POINT('',(-0.0114486733183722,0.00581785320675511,0.00482567382560307));
#1835=CARTESIAN_POINT('',(-0.0115571468780081,0.00581785320675511,0.00436630214212738));
#1836=CARTESIAN_POINT('',(-0.0100145297239955,0.00534584806200866,0.00448702286755072));
#1837=CARTESIAN_POINT('',(-0.0100145297214527,0.00581785320709346,0.00448702288135068));
#1838=CARTESIAN_POINT('',(-0.0100780696405941,0.00581785320675511,0.00401704081089645));
#1839=CARTESIAN_POINT('',(-0.00704984140329719,0.00534584806192566,0.00414546303484548));
#1840=CARTESIAN_POINT('',(-0.00704984140440365,0.00581785320658605,0.00414546302801394));
#1841=CARTESIAN_POINT('',(-0.0070860369502303,0.00581785320675513,0.00367534214066758));
#1842=CARTESIAN_POINT('',(-0.00255244966613768,0.00534584806196715,0.00397362153276227));
#1843=CARTESIAN_POINT('',(-0.00255244966607924,0.00581785320683935,0.00397362153597276));
#1844=CARTESIAN_POINT('',(-0.00255384205720528,0.00581785320675511,0.00350081084156006));
#1845=CARTESIAN_POINT('',(0.00193454645821697,0.00534584806192565,0.00411240819634785));
#1846=CARTESIAN_POINT('',(0.00193454645908966,0.00581785320658725,0.00411240819033747));
#1847=CARTESIAN_POINT('',(0.00196625288906879,0.00581785320675512,0.00364175884956528));
#1848=CARTESIAN_POINT('',(0.00490412817124036,0.00534584806200866,0.00442339667925742));
#1849=CARTESIAN_POINT('',(0.00490412816916519,0.00581785320709066,0.00442339669114133));
#1850=CARTESIAN_POINT('',(0.00496240003067294,0.00581785320675511,0.00395333787814882));
#1851=CARTESIAN_POINT('',(0.00635275238107798,0.0053458480619533,0.00472743295088999));
#1852=CARTESIAN_POINT('',(0.00635275238107797,0.00581785320675511,0.00472743295089002));
#1853=CARTESIAN_POINT('',(0.00644970418226214,0.00581785320675511,0.00426549225668076));
#1854=CARTESIAN_POINT('',(0.00644970418226215,0.00534584806195332,0.00426549225668076));
#1855=CARTESIAN_POINT('',(0.00635275238107798,0.0053458480619533,0.00472743295088999));
#1856=CARTESIAN_POINT('',(0.00635275238107797,0.00581785320675511,0.00472743295089002));
#1857=CARTESIAN_POINT('',(0.00644970418226215,0.00581785320675511,0.00426549225668076));
#1858=CARTESIAN_POINT('',(0.00697988573815143,0.00534584804124237,0.0048590552766845));
#1859=CARTESIAN_POINT('',(0.00712107272508089,0.00584533448486599,0.0048886875026817));
#1860=CARTESIAN_POINT('',(0.00721852074450058,0.00581785320675511,0.00439956521665861));
#1861=CARTESIAN_POINT('',(0.00786666153337293,0.00495601728596347,0.00511302822171321));
#1862=CARTESIAN_POINT('',(0.00825277462425447,0.00539332332414877,0.00523271299974821));
#1863=CARTESIAN_POINT('',(0.00832484317047204,0.00535223884945629,0.00466223439263333));
#1864=CARTESIAN_POINT('',(0.00854174007420036,0.00389426041760946,0.00541765369356585));
#1865=CARTESIAN_POINT('',(0.00916598602706083,0.00419310157776913,0.00571739506745213));
#1866=CARTESIAN_POINT('',(0.00919381239268816,0.00408407516482767,0.0049889794977413));
#1867=CARTESIAN_POINT('',(0.00866736212324747,0.00324737060468103,0.00548507502974884));
#1868=CARTESIAN_POINT('',(0.00936326583922851,0.00336773499729037,0.00584584944924714));
#1869=CARTESIAN_POINT('',(0.00935659160343383,0.00331142918650383,0.0050620155245858));
#1870=CARTESIAN_POINT('',(0.00866736212911743,0.0029178532067551,0.00548507503279196));
#1871=CARTESIAN_POINT('',(0.00936326584901482,0.00291785320675508,0.00584584945539895));
#1872=CARTESIAN_POINT('',(0.00935659160346247,0.00291785320675511,0.00506201552794956));
#1873=CARTESIAN_POINT('',(0.0119860835966008,-0.0191821467932449,0.0061060173136132));
#1874=CARTESIAN_POINT('',(0.0119849223851782,-0.0191821467932449,0.00596964281213401));
#1875=CARTESIAN_POINT('',(0.0119860835966008,-0.0191821467932449,0.0061060173136132));
#1876=CARTESIAN_POINT('',(0.0119849223851782,-0.0191821467932449,0.00596964281213401));
#1877=CARTESIAN_POINT('',(0.0119860835966008,-0.0191821467932449,0.0061060173136132));
#1878=CARTESIAN_POINT('',(0.0119849223851782,-0.0191821467932449,0.00596964281213401));
#1879=CARTESIAN_POINT('',(0.0120550264953771,-0.0230804362204061,0.0146725634553327));
#1880=CARTESIAN_POINT('',(-0.0169617901072502,-0.0230804362204061,0.0149196379342132));
#1881=CARTESIAN_POINT('',(0.012054727198273,-0.0227296472578642,0.0146374135312311));
#1882=CARTESIAN_POINT('',(-0.0169620894043543,-0.0227296472578642,0.0148844880101117));
#1883=CARTESIAN_POINT('',(0.0120547827668892,-0.0221519169882663,0.0146439395971913));
#1884=CARTESIAN_POINT('',(-0.0169620338357381,-0.0221519169882663,0.0148910140760718));
#1885=CARTESIAN_POINT('',(0.0120476514566039,-0.0215807638634946,0.0138064272664055));
#1886=CARTESIAN_POINT('',(-0.0169691651460234,-0.0215807638634946,0.014053501745286));
#1887=CARTESIAN_POINT('',(0.0120355339985351,-0.0211305665616808,0.0123833338734104));
#1888=CARTESIAN_POINT('',(-0.0169812826040922,-0.0211305665616808,0.0126304083522909));
#1889=CARTESIAN_POINT('',(0.0120143399643707,-0.020611955984392,0.00989427306387644));
#1890=CARTESIAN_POINT('',(-0.0170024766382566,-0.020611955984392,0.0101413475427569));
#1891=CARTESIAN_POINT('',(0.0119965046702992,-0.019919384245774,0.00779966798983563));
#1892=CARTESIAN_POINT('',(-0.0170203119323281,-0.019919384245774,0.00804674246871614));
#1893=CARTESIAN_POINT('',(0.0119888042336119,-0.0194205203170131,0.00689531655650761));
#1894=CARTESIAN_POINT('',(-0.0170280123690154,-0.0194205203170131,0.00714239103538812));
#1895=CARTESIAN_POINT('',(0.0111544214205412,-0.0194205203170348,0.00690242121938938));
#1896=CARTESIAN_POINT('',(0.012059026350378,-0.0230804362204061,0.0146725293970794));
#1897=CARTESIAN_POINT('',(0.0119462785108126,-0.0191821467932449,0.0019010285792478));
#1898=CARTESIAN_POINT('',(-0.0170705380918155,-0.0191821467932449,0.00214810305812832));
#1899=CARTESIAN_POINT('',(0.0119464151157074,-0.0193013367272631,0.00191707167361123));
#1900=CARTESIAN_POINT('',(-0.0170704014869207,-0.0193013367272631,0.00216414615249175));
#1901=CARTESIAN_POINT('',(0.0119462876340639,-0.0195589677077419,0.00190210002827249));
#1902=CARTESIAN_POINT('',(-0.0170705289685643,-0.0195589677077419,0.00214917450715301));
#1903=CARTESIAN_POINT('',(0.0119510818250162,-0.0200340836925393,0.0024651373773784));
#1904=CARTESIAN_POINT('',(-0.017065734777612,-0.0200340836925393,0.00271221185625891));
#1905=CARTESIAN_POINT('',(0.0119626520191387,-0.020589305008165,0.00382395922911217));
#1906=CARTESIAN_POINT('',(-0.0170541645834895,-0.020589305008165,0.00407103370799269));
#1907=CARTESIAN_POINT('',(0.0119840016260984,-0.0213756080318809,0.00633129075317903));
#1908=CARTESIAN_POINT('',(-0.0170328149765297,-0.0213756080318809,0.00657836523205954));
#1909=CARTESIAN_POINT('',(0.0120180847741171,-0.022349843719654,0.0103340694285817));
#1910=CARTESIAN_POINT('',(-0.016998731828511,-0.022349843719654,0.0105811439074622));
#1911=CARTESIAN_POINT('',(0.0120443434963179,-0.0229087007270938,0.0134179351915343));
#1912=CARTESIAN_POINT('',(-0.0169724731063103,-0.0229087007270938,0.0136650096704148));
#1913=CARTESIAN_POINT('',(0.0120550264953771,-0.0230804362204061,0.0146725634553327));
#1914=CARTESIAN_POINT('',(-0.0169617901072511,-0.0230804362204061,0.0149196379342132));
#1915=CARTESIAN_POINT('',(-0.0165887581018795,-0.0210986618326432,0.00621294404371704));
#1916=CARTESIAN_POINT('',(0.0119787860267005,-0.0183239887249923,0.00382541086509521));
#1917=CARTESIAN_POINT('',(0.0119787860267005,-0.0183239887249923,0.00202541086509521));
#1918=CARTESIAN_POINT('',(0.0119787860267005,-0.0191821467932449,0.00202541086509521));
#1919=CARTESIAN_POINT('',(0.0119787860267006,-0.0174658306567397,0.00202541086509521));
#1920=CARTESIAN_POINT('',(0.0119787860267006,-0.0174658306567397,0.00382541086509521));
#1921=CARTESIAN_POINT('',(0.0119787860267006,-0.0174658306567397,0.00382541086509521));
#1922=CARTESIAN_POINT('',(0.0119787860267005,-0.0183239887249923,0.00382541086509521));
#1923=CARTESIAN_POINT('',(0.0119787860267005,-0.0191821467932449,0.00382541086509521));
#1924=CARTESIAN_POINT('',(0.0119787860267005,-0.0191821467932449,0.00382541086509521));
#1925=CARTESIAN_POINT('',(0.0109756165715495,0.00581785320675511,0.00382541086509521));
#1926=CARTESIAN_POINT('',(0.0109756165715495,0.00581785320675511,0.00202541086509521));
#1927=CARTESIAN_POINT('',(0.00997244711639853,0.00581785320675511,0.00202541086509521));
#1928=CARTESIAN_POINT('',(0.0119787860267005,0.00581785320675511,0.00202541086509521));
#1929=CARTESIAN_POINT('',(0.00997244711639853,0.00581785320675511,0.00382541086509521));
#1930=CARTESIAN_POINT('',(0.00997244711639853,0.00581785320675511,0.00382541086509521));
#1931=CARTESIAN_POINT('',(0.0109756165715495,0.00581785320675511,0.00382541086509521));
#1932=CARTESIAN_POINT('',(0.0119787860267005,0.00581785320675511,0.00382541086509521));
#1933=CARTESIAN_POINT('',(0.0119787860267005,0.00581785320675511,0.00382541086509521));
#1934=CARTESIAN_POINT('',(-0.00252973096960828,-0.00668214679324489,0.00382541086509521));
#1935=CARTESIAN_POINT('',(0.00472452752854614,-0.0129321467932449,0.00382541086509521));
#1936=CARTESIAN_POINT('',(0.00522255156529663,-0.011644909690866,0.00382541086509521));
#1937=CARTESIAN_POINT('',(-0.00252973096960828,-0.00668214679324489,0.00382541086509521));
#1938=CARTESIAN_POINT('',(0.00522255156529663,-3.067759118589E-6,0.00382541086509521));
#1939=CARTESIAN_POINT('',(0.00371779738257012,0.000429079034126296,0.00382541086509521));
#1940=CARTESIAN_POINT('',(-0.00252973096960828,-0.00668214679324489,0.00202541086509521));
#1941=CARTESIAN_POINT('',(0.00472452752854614,-0.0129321467932449,0.00202541086509521));
#1942=CARTESIAN_POINT('',(0.00371779738257012,0.000429079034126296,0.00202541086509521));
#1943=CARTESIAN_POINT('',(0.00522255156529663,-3.067759118589E-6,0.00202541086509521));
#1944=CARTESIAN_POINT('',(-0.0015336828961073,-0.0058239887249923,0.00202541086509521));
#1945=CARTESIAN_POINT('',(0.00522255156529663,-0.011644909690866,0.00202541086509521));
#1946=CARTESIAN_POINT('',(0.00371779738257012,0.000429079034126296,0.00382541086509521));
#1947=CARTESIAN_POINT('',(0.00522255156529663,-3.067759118589E-6,0.00382541086509521));
#1948=CARTESIAN_POINT('',(-0.0015336828961073,-0.0058239887249923,0.00382541086509521));
#1949=CARTESIAN_POINT('',(0.00522255156529663,-0.011644909690866,0.00382541086509521));
#1950=CARTESIAN_POINT('',(0.00472452752854614,-0.0129321467932449,0.00382541086509521));
#1951=CARTESIAN_POINT('',(-0.0102855741953382,1.7347234759768E-18,0.00382541086509521));
#1952=CARTESIAN_POINT('',(-0.00353290042475928,-0.00581785320675511,0.00382541086509521));
#1953=CARTESIAN_POINT('',(-0.00353290042475928,-0.00581785320675511,0.00202541086509521));
#1954=CARTESIAN_POINT('',(-0.0102855741953382,1.7347234759768E-18,0.00382541086509521));
#1955=CARTESIAN_POINT('',(-0.0170382479659171,0.00581785320675511,0.00382541086509521));
#1956=CARTESIAN_POINT('',(-0.0170382479659171,0.00581785320675511,0.00382541086509521));
#1957=CARTESIAN_POINT('',(-0.0170382479659171,0.00581785320675511,0.00202541086509521));
#1958=CARTESIAN_POINT('',(-0.0102855741953382,1.7347234759768E-18,0.00202541086509521));
#1959=CARTESIAN_POINT('',(-0.0102855741953382,-0.0116357064135102,0.00382541086509521));
#1960=CARTESIAN_POINT('',(-0.0102855741953382,-0.0116357064135102,0.00382541086509521));
#1961=CARTESIAN_POINT('',(-0.0170382479659171,-0.0174535596202653,0.00382541086509521));
#1962=CARTESIAN_POINT('',(-0.0102855741953382,-0.0116357064135102,0.00202541086509521));
#1963=CARTESIAN_POINT('',(-0.0170382479659171,-0.0174535596202653,0.00202541086509521));
#1964=CARTESIAN_POINT('',(-0.0170382479659171,-0.0174535596202653,0.00382541086509521));
#1965=CARTESIAN_POINT('',(-0.00978398946776269,-0.0129321467932449,0.00382541086509521));
#1966=CARTESIAN_POINT('',(-0.00978398946776269,-0.0129321467932449,0.00202541086509521));
#1967=CARTESIAN_POINT('',(-0.0170382479659171,-0.0191821467932449,0.00202541086509521));
#1968=CARTESIAN_POINT('',(-0.00978398946776269,-0.0129321467932449,0.00382541086509521));
#1969=CARTESIAN_POINT('',(-0.0170382479659171,-0.0191821467932449,0.00382541086509521));
#1970=CARTESIAN_POINT('',(-0.0170382479659171,-0.0191821467932449,0.00382541086509521));
#1971=CARTESIAN_POINT('',(-0.00879150208508672,0.000429079034126299,0.00382541086509521));
#1972=CARTESIAN_POINT('',(-0.00879150208508672,0.000429079034126299,0.00382541086509521));
#1973=CARTESIAN_POINT('',(-0.0150461518189151,0.00581785320675512,0.00382541086509521));
#1974=CARTESIAN_POINT('',(-0.00879150208508672,0.000429079034126299,0.00202541086509521));
#1975=CARTESIAN_POINT('',(-0.0150461518189151,0.00581785320675512,0.00202541086509521));
#1976=CARTESIAN_POINT('',(-0.0150461518189151,0.00581785320675512,0.00382541086509521));
#1977=CARTESIAN_POINT('',(-0.00252973096960828,-0.00668214679324489,0.00382541086509521));
#1978=CARTESIAN_POINT('',(-0.0160421998924161,0.00581785320675511,0.00382541086509521));
#1979=CARTESIAN_POINT('',(-0.00252973096960828,-0.00668214679324489,0.00382541086509521));
#1980=CARTESIAN_POINT('',(-0.0170382479659171,-0.0183178532067551,0.00382541086509521));
#1981=CARTESIAN_POINT('',(-0.00252973096960828,-0.00668214679324489,0.00202541086509521));
#1982=CARTESIAN_POINT('',(-0.0170382479659171,-0.0183178532067551,0.00202541086509521));
#1983=CARTESIAN_POINT('',(-0.0160421998924161,0.00581785320675511,0.00202541086509521));
#1984=CARTESIAN_POINT('',(-0.0160421998924161,0.00581785320675511,0.00382541086509521));
#1985=CARTESIAN_POINT('',(-0.0170382479659171,-0.0183178532067551,0.00382541086509521));
#1986=MECHANICAL_DESIGN_GEOMETRIC_PRESENTATION_REPRESENTATION('',(#869,
#780,#781,#782,#783,#784,#785,#786,#787,#788,#789,#790,#791,#792,#793,#794,
#795,#796,#797,#798,#799,#800,#801,#802,#803,#804,#805,#806,#807,#808,#809,
#810,#811,#812,#813,#814,#815,#816,#817,#818,#819,#820),#1987);
#1987=(
GEOMETRIC_REPRESENTATION_CONTEXT(3)
GLOBAL_UNCERTAINTY_ASSIGNED_CONTEXT((#1988))
GLOBAL_UNIT_ASSIGNED_CONTEXT((#1991,#1990,#1989))
REPRESENTATION_CONTEXT('Part 1','TOP_LEVEL_ASSEMBLY_PART')
);
#1988=UNCERTAINTY_MEASURE_WITH_UNIT(LENGTH_MEASURE(2.E-5),#1991,
'DISTANCE_ACCURACY_VALUE','Maximum Tolerance applied to model');
#1989=(
NAMED_UNIT(*)
SI_UNIT($,.STERADIAN.)
SOLID_ANGLE_UNIT()
);
#1990=(
NAMED_UNIT(*)
PLANE_ANGLE_UNIT()
SI_UNIT($,.RADIAN.)
);
#1991=(
LENGTH_UNIT()
NAMED_UNIT(*)
SI_UNIT($,.METRE.)
);
#1992=PRODUCT_DEFINITION_SHAPE('','',#1993);
#1993=PRODUCT_DEFINITION('','',#1995,#1994);
#1994=PRODUCT_DEFINITION_CONTEXT('',#2001,'design');
#1995=PRODUCT_DEFINITION_FORMATION_WITH_SPECIFIED_SOURCE('','',#1997,
 .NOT_KNOWN.);
#1996=PRODUCT_RELATED_PRODUCT_CATEGORY('','',(#1997));
#1997=PRODUCT('Part 1','Part 1','Part 1',(#1999));
#1998=PRODUCT_CATEGORY('','');
#1999=PRODUCT_CONTEXT('',#2001,'mechanical');
#2000=APPLICATION_PROTOCOL_DEFINITION('international standard',
'ap242_managed_model_based_3d_engineering',2020,#2001);
#2001=APPLICATION_CONTEXT('managed model based 3d engineering');
ENDSEC;
END-ISO-10303-21;
