ISO-10303-21;
HEADER;
/* Generated by software containing ST-Developer
 * from STEP Tools, Inc. (www.steptools.com) 
 */
/* OPTION: using custom renumber hook */

FILE_DESCRIPTION(
/* description */ ('STEP AP242 Edition 2',
'CAx-IF Rec.Pracs.---Representation and Presentation of Product Manufa
cturing Information (PMI)---4.0---2014-10-13',
'CAx-IF Rec.Pracs.---3D Tessellated Geometry---0.4---2014-09-14','2;1',
'CAx-IF Rec.Pracs.---User Defined Attributes---1.5---2016-08-15'),
/* implementation_level */ '2;1');

FILE_NAME(
/* name */ 'Assembly 1 - Part 1 (14)',
/* time_stamp */ '2026-09-04T12:17:08Z',
/* author */ (''),
/* organization */ (''),
/* preprocessor_version */ 'ST-DEVELOPER v20',
/* originating_system */ 'ONSHAPE BY PTC INC, 1.220',
/* authorisation */ '  ');

FILE_SCHEMA (('AP242_MANAGED_MODEL_BASED_3D_ENGINEERING_MIM_LF { 1 0 10303 442 3 1 4 }'));
ENDSEC;

DATA;
#10=SHAPE_REPRESENTATION_RELATIONSHIP('','',#3107,#11);
#11=ADVANCED_BREP_SHAPE_REPRESENTATION('',(#3105),#4843);
#12=B_SPLINE_SURFACE_WITH_KNOTS('',3,1,((#4504,#4505),(#4506,#4507),(#4508,
#4509),(#4510,#4511)),.SURF_OF_LINEAR_EXTRUSION.,.F.,.F.,.F.,(4,4),(2,2),
(0.,1.),(0.,1.),.PIECEWISE_BEZIER_KNOTS.);
#13=CYLINDRICAL_SURFACE('',#3120,0.000531126983722081);
#14=CYLINDRICAL_SURFACE('',#3127,0.002);
#15=CYLINDRICAL_SURFACE('',#3128,0.00050698);
#16=CYLINDRICAL_SURFACE('',#3147,0.000531126983722081);
#17=CYLINDRICAL_SURFACE('',#3154,0.002);
#18=CYLINDRICAL_SURFACE('',#3155,0.00050698);
#19=CYLINDRICAL_SURFACE('',#3174,0.000531126983722081);
#20=CYLINDRICAL_SURFACE('',#3181,0.002);
#21=CYLINDRICAL_SURFACE('',#3182,0.00050698);
#22=CYLINDRICAL_SURFACE('',#3217,0.018059862615459);
#23=CYLINDRICAL_SURFACE('',#3221,0.0045);
#24=CYLINDRICAL_SURFACE('',#3231,0.0026556349186104);
#25=CYLINDRICAL_SURFACE('',#3234,0.0026556349186104);
#26=CYLINDRICAL_SURFACE('',#3237,0.0026556349186104);
#27=CYLINDRICAL_SURFACE('',#3240,0.0026556349186104);
#28=CYLINDRICAL_SURFACE('',#3248,0.0026556349186104);
#29=CYLINDRICAL_SURFACE('',#3251,0.0026556349186104);
#30=CYLINDRICAL_SURFACE('',#3254,0.0026556349186104);
#31=CYLINDRICAL_SURFACE('',#3257,0.00265563491861039);
#32=CYLINDRICAL_SURFACE('',#3265,0.0026556349186104);
#33=CYLINDRICAL_SURFACE('',#3268,0.0026556349186104);
#34=CYLINDRICAL_SURFACE('',#3271,0.0026556349186104);
#35=CYLINDRICAL_SURFACE('',#3274,0.0026556349186104);
#36=CYLINDRICAL_SURFACE('',#3282,0.0026556349186104);
#37=CYLINDRICAL_SURFACE('',#3285,0.0026556349186104);
#38=CYLINDRICAL_SURFACE('',#3288,0.0026556349186104);
#39=CYLINDRICAL_SURFACE('',#3291,0.0026556349186104);
#40=CYLINDRICAL_SURFACE('',#3303,0.0001);
#41=CYLINDRICAL_SURFACE('',#3305,0.0001);
#42=CYLINDRICAL_SURFACE('',#3311,0.0001);
#43=CYLINDRICAL_SURFACE('',#3313,0.0001);
#44=CYLINDRICAL_SURFACE('',#3319,0.0001);
#45=CYLINDRICAL_SURFACE('',#3321,0.0001);
#46=CYLINDRICAL_SURFACE('',#3327,0.0001);
#47=CYLINDRICAL_SURFACE('',#3329,0.0001);
#48=CYLINDRICAL_SURFACE('',#3335,0.0001);
#49=CYLINDRICAL_SURFACE('',#3337,0.0001);
#50=CYLINDRICAL_SURFACE('',#3343,0.0001);
#51=CYLINDRICAL_SURFACE('',#3345,0.0001);
#52=CYLINDRICAL_SURFACE('',#3351,0.0001);
#53=CYLINDRICAL_SURFACE('',#3353,0.0001);
#54=CYLINDRICAL_SURFACE('',#3359,0.0001);
#55=CYLINDRICAL_SURFACE('',#3361,0.0001);
#56=CYLINDRICAL_SURFACE('',#3364,0.002);
#57=CYLINDRICAL_SURFACE('',#3378,0.000531126983722081);
#58=CYLINDRICAL_SURFACE('',#3381,0.00050698);
#59=B_SPLINE_CURVE_WITH_KNOTS('',3,(#4131,#4132,#4133,#4134),
 .UNSPECIFIED.,.F.,.F.,(4,4),(0.,0.000105649361837091),.UNSPECIFIED.);
#60=B_SPLINE_CURVE_WITH_KNOTS('',3,(#4153,#4154,#4155,#4156),
 .UNSPECIFIED.,.F.,.F.,(4,4),(0.,9.18472152113443E-5),.UNSPECIFIED.);
#61=B_SPLINE_CURVE_WITH_KNOTS('',3,(#4210,#4211,#4212,#4213),
 .UNSPECIFIED.,.F.,.F.,(4,4),(0.,0.000105649361837043),.UNSPECIFIED.);
#62=B_SPLINE_CURVE_WITH_KNOTS('',3,(#4232,#4233,#4234,#4235),
 .UNSPECIFIED.,.F.,.F.,(4,4),(0.,9.18472152113443E-5),.UNSPECIFIED.);
#63=B_SPLINE_CURVE_WITH_KNOTS('',3,(#4289,#4290,#4291,#4292),
 .UNSPECIFIED.,.F.,.F.,(4,4),(0.,0.000105649361837043),.UNSPECIFIED.);
#64=B_SPLINE_CURVE_WITH_KNOTS('',3,(#4311,#4312,#4313,#4314),
 .UNSPECIFIED.,.F.,.F.,(4,4),(0.,9.18472152113478E-5),.UNSPECIFIED.);
#65=B_SPLINE_CURVE_WITH_KNOTS('',3,(#4377,#4378,#4379,#4380),
 .UNSPECIFIED.,.F.,.F.,(4,4),(0.,1.),.PIECEWISE_BEZIER_KNOTS.);
#66=B_SPLINE_CURVE_WITH_KNOTS('',3,(#4456,#4457,#4458,#4459,#4460,#4461,
#4462,#4463),.UNSPECIFIED.,.F.,.F.,(4,1,1,1,1,4),(1.96538945958238E-7,0.000330590621485278,
0.000660984704024598,0.00132177286910324,0.00198256103418188,0.00264334919926052),
 .UNSPECIFIED.);
#67=B_SPLINE_CURVE_WITH_KNOTS('',3,(#4468,#4469,#4470,#4471,#4472,#4473,
#4474,#4475),.UNSPECIFIED.,.F.,.F.,(4,1,1,1,1,4),(2.09084670737705E-7,0.000650801367507042,
0.00130139365034335,0.00195198593317965,0.0022772820745978,0.00260257821601596),
 .UNSPECIFIED.);
#68=B_SPLINE_CURVE_WITH_KNOTS('',3,(#4482,#4483,#4484,#4485,#4486,#4487,
#4488,#4489),.UNSPECIFIED.,.F.,.F.,(4,1,1,1,1,4),(0.00509477780261496,0.00578395481748938,
0.0064731318323638,0.00716230884723822,0.00750689735467543,0.00785148586211263),
 .UNSPECIFIED.);
#69=B_SPLINE_CURVE_WITH_KNOTS('',3,(#4494,#4495,#4496,#4497,#4498,#4499,
#4500,#4501),.UNSPECIFIED.,.F.,.F.,(4,1,1,1,1,4),(0.00741229368079647,0.00775509527996763,
0.0080978968791388,0.00878350007748113,0.00946910327582347,0.0101547064741658),
 .UNSPECIFIED.);
#70=B_SPLINE_CURVE_WITH_KNOTS('',3,(#4512,#4513,#4514,#4515),
 .UNSPECIFIED.,.F.,.F.,(4,4),(0.,1.),.PIECEWISE_BEZIER_KNOTS.);
#71=B_SPLINE_CURVE_WITH_KNOTS('',3,(#4832,#4833,#4834,#4835),
 .UNSPECIFIED.,.F.,.F.,(4,4),(0.,0.000105649361837053),.UNSPECIFIED.);
#72=B_SPLINE_CURVE_WITH_KNOTS('',3,(#4837,#4838,#4839,#4840),
 .UNSPECIFIED.,.F.,.F.,(4,4),(0.,9.18472152113081E-5),.UNSPECIFIED.);
#73=TOROIDAL_SURFACE('',#3116,0.00142058874503046,0.000579411254969543);
#74=TOROIDAL_SURFACE('',#3123,0.00149302,0.00050698);
#75=TOROIDAL_SURFACE('',#3143,0.00142058874503046,0.000579411254969543);
#76=TOROIDAL_SURFACE('',#3150,0.00149302,0.00050698);
#77=TOROIDAL_SURFACE('',#3170,0.00142058874503046,0.000579411254969543);
#78=TOROIDAL_SURFACE('',#3177,0.00149302,0.00050698);
#79=TOROIDAL_SURFACE('',#3228,0.00353431,0.00096569);
#80=TOROIDAL_SURFACE('',#3229,0.00353431,0.00096569);
#81=TOROIDAL_SURFACE('',#3300,0.0025556349186104,0.0001);
#82=TOROIDAL_SURFACE('',#3307,0.0025556349186104,0.0001);
#83=TOROIDAL_SURFACE('',#3309,0.0025556349186104,0.0001);
#84=TOROIDAL_SURFACE('',#3315,0.0025556349186104,0.0001);
#85=TOROIDAL_SURFACE('',#3316,0.0025556349186104,0.0001);
#86=TOROIDAL_SURFACE('',#3323,0.00255563491861039,0.0001);
#87=TOROIDAL_SURFACE('',#3325,0.0025556349186104,0.0001);
#88=TOROIDAL_SURFACE('',#3331,0.0025556349186104,0.0001);
#89=TOROIDAL_SURFACE('',#3332,0.0025556349186104,0.0001);
#90=TOROIDAL_SURFACE('',#3339,0.0025556349186104,0.0001);
#91=TOROIDAL_SURFACE('',#3341,0.0025556349186104,0.0001);
#92=TOROIDAL_SURFACE('',#3347,0.0025556349186104,0.0001);
#93=TOROIDAL_SURFACE('',#3348,0.0025556349186104,0.0001);
#94=TOROIDAL_SURFACE('',#3355,0.0025556349186104,0.0001);
#95=TOROIDAL_SURFACE('',#3357,0.0025556349186104,0.0001);
#96=TOROIDAL_SURFACE('',#3363,0.0025556349186104,0.0001);
#97=TOROIDAL_SURFACE('',#3379,0.00142058874503046,0.000579411254969543);
#98=TOROIDAL_SURFACE('',#3380,0.00149302,0.00050698);
#99=CIRCLE('',#3110,0.00050698);
#100=CIRCLE('',#3111,0.000579411254969543);
#101=CIRCLE('',#3113,0.00149302);
#102=CIRCLE('',#3115,0.00142058874503046);
#103=CIRCLE('',#3117,0.00199038208096972);
#104=CIRCLE('',#3118,0.000579411254969543);
#105=CIRCLE('',#3119,0.002);
#106=CIRCLE('',#3121,0.000531126983722081);
#107=CIRCLE('',#3122,0.000531126983722081);
#108=CIRCLE('',#3124,0.00199169214314681);
#109=CIRCLE('',#3125,0.002);
#110=CIRCLE('',#3126,0.00050698);
#111=CIRCLE('',#3129,0.00050698);
#112=CIRCLE('',#3130,0.00050698);
#113=CIRCLE('',#3137,0.00050698);
#114=CIRCLE('',#3138,0.000579411254969543);
#115=CIRCLE('',#3140,0.00149302);
#116=CIRCLE('',#3142,0.00142058874503046);
#117=CIRCLE('',#3144,0.00199038208096972);
#118=CIRCLE('',#3145,0.000579411254969543);
#119=CIRCLE('',#3146,0.002);
#120=CIRCLE('',#3148,0.000531126983722081);
#121=CIRCLE('',#3149,0.000531126983722081);
#122=CIRCLE('',#3151,0.00199169214314681);
#123=CIRCLE('',#3152,0.002);
#124=CIRCLE('',#3153,0.00050698);
#125=CIRCLE('',#3156,0.00050698);
#126=CIRCLE('',#3157,0.00050698);
#127=CIRCLE('',#3164,0.00050698);
#128=CIRCLE('',#3165,0.000579411254969543);
#129=CIRCLE('',#3167,0.00149302);
#130=CIRCLE('',#3169,0.00142058874503046);
#131=CIRCLE('',#3171,0.00199038208096972);
#132=CIRCLE('',#3172,0.000579411254969543);
#133=CIRCLE('',#3173,0.002);
#134=CIRCLE('',#3175,0.000531126983722081);
#135=CIRCLE('',#3176,0.000531126983722081);
#136=CIRCLE('',#3178,0.00199169214314681);
#137=CIRCLE('',#3179,0.002);
#138=CIRCLE('',#3180,0.00050698);
#139=CIRCLE('',#3183,0.00050698);
#140=CIRCLE('',#3184,0.00050698);
#141=CIRCLE('',#3191,0.00050698);
#142=CIRCLE('',#3192,0.000579411254969543);
#143=CIRCLE('',#3194,0.00142058874503046);
#144=CIRCLE('',#3196,0.00149302);
#145=CIRCLE('',#3198,0.018059862615459);
#146=CIRCLE('',#3199,0.0026556349186104);
#147=CIRCLE('',#3200,0.0026556349186104);
#148=CIRCLE('',#3201,0.0026556349186104);
#149=CIRCLE('',#3202,0.0026556349186104);
#150=CIRCLE('',#3203,0.0026556349186104);
#151=CIRCLE('',#3204,0.00265563491861039);
#152=CIRCLE('',#3205,0.0026556349186104);
#153=CIRCLE('',#3206,0.0026556349186104);
#154=CIRCLE('',#3207,0.0026556349186104);
#155=CIRCLE('',#3208,0.0026556349186104);
#156=CIRCLE('',#3209,0.0026556349186104);
#157=CIRCLE('',#3210,0.0026556349186104);
#158=CIRCLE('',#3211,0.0026556349186104);
#159=CIRCLE('',#3212,0.0026556349186104);
#160=CIRCLE('',#3213,0.0026556349186104);
#161=CIRCLE('',#3214,0.0026556349186104);
#162=CIRCLE('',#3218,0.018059862615459);
#163=CIRCLE('',#3222,0.0045);
#164=CIRCLE('',#3223,0.0045);
#165=CIRCLE('',#3225,0.00353431);
#166=CIRCLE('',#3227,0.00353431);
#167=CIRCLE('',#3232,0.0026556349186104);
#168=CIRCLE('',#3235,0.0026556349186104);
#169=CIRCLE('',#3238,0.0026556349186104);
#170=CIRCLE('',#3241,0.0026556349186104);
#171=CIRCLE('',#3243,0.0025556349186104);
#172=CIRCLE('',#3244,0.0025556349186104);
#173=CIRCLE('',#3245,0.0025556349186104);
#174=CIRCLE('',#3246,0.0025556349186104);
#175=CIRCLE('',#3249,0.0026556349186104);
#176=CIRCLE('',#3252,0.0026556349186104);
#177=CIRCLE('',#3255,0.0026556349186104);
#178=CIRCLE('',#3258,0.00265563491861039);
#179=CIRCLE('',#3260,0.0025556349186104);
#180=CIRCLE('',#3261,0.0025556349186104);
#181=CIRCLE('',#3262,0.0025556349186104);
#182=CIRCLE('',#3263,0.00255563491861039);
#183=CIRCLE('',#3266,0.0026556349186104);
#184=CIRCLE('',#3269,0.0026556349186104);
#185=CIRCLE('',#3272,0.0026556349186104);
#186=CIRCLE('',#3275,0.0026556349186104);
#187=CIRCLE('',#3277,0.0025556349186104);
#188=CIRCLE('',#3278,0.0025556349186104);
#189=CIRCLE('',#3279,0.0025556349186104);
#190=CIRCLE('',#3280,0.0025556349186104);
#191=CIRCLE('',#3283,0.0026556349186104);
#192=CIRCLE('',#3286,0.0026556349186104);
#193=CIRCLE('',#3289,0.0026556349186104);
#194=CIRCLE('',#3292,0.0026556349186104);
#195=CIRCLE('',#3294,0.000579411254969543);
#196=CIRCLE('',#3295,0.00050698);
#197=CIRCLE('',#3296,0.0025556349186104);
#198=CIRCLE('',#3297,0.0025556349186104);
#199=CIRCLE('',#3298,0.0025556349186104);
#200=CIRCLE('',#3299,0.0025556349186104);
#201=CIRCLE('',#3301,0.0001);
#202=CIRCLE('',#3302,0.0001);
#203=CIRCLE('',#3304,0.0001);
#204=CIRCLE('',#3306,0.0001);
#205=CIRCLE('',#3308,0.0001);
#206=CIRCLE('',#3310,0.0001);
#207=CIRCLE('',#3312,0.0001);
#208=CIRCLE('',#3314,0.0001);
#209=CIRCLE('',#3317,0.0001);
#210=CIRCLE('',#3318,0.0001);
#211=CIRCLE('',#3320,0.0001);
#212=CIRCLE('',#3322,0.0001);
#213=CIRCLE('',#3324,0.0001);
#214=CIRCLE('',#3326,0.0001);
#215=CIRCLE('',#3328,0.0001);
#216=CIRCLE('',#3330,0.0001);
#217=CIRCLE('',#3333,0.0001);
#218=CIRCLE('',#3334,0.0001);
#219=CIRCLE('',#3336,0.0001);
#220=CIRCLE('',#3338,0.0001);
#221=CIRCLE('',#3340,0.0001);
#222=CIRCLE('',#3342,0.0001);
#223=CIRCLE('',#3344,0.0001);
#224=CIRCLE('',#3346,0.0001);
#225=CIRCLE('',#3349,0.0001);
#226=CIRCLE('',#3350,0.0001);
#227=CIRCLE('',#3352,0.0001);
#228=CIRCLE('',#3354,0.0001);
#229=CIRCLE('',#3356,0.0001);
#230=CIRCLE('',#3358,0.0001);
#231=CIRCLE('',#3360,0.0001);
#232=CIRCLE('',#3362,0.0001);
#233=CIRCLE('',#3365,0.002);
#234=CIRCLE('',#3366,0.002);
#235=CIRCLE('',#3369,0.000531126983722081);
#236=CIRCLE('',#3370,0.00199038208096972);
#237=CIRCLE('',#3371,0.00050698);
#238=CIRCLE('',#3374,0.000531126983722081);
#239=CIRCLE('',#3375,0.00050698);
#240=CIRCLE('',#3376,0.00199169214314681);
#241=ORIENTED_EDGE('',*,*,#901,.T.);
#242=ORIENTED_EDGE('',*,*,#902,.T.);
#243=ORIENTED_EDGE('',*,*,#903,.T.);
#244=ORIENTED_EDGE('',*,*,#904,.F.);
#245=ORIENTED_EDGE('',*,*,#905,.F.);
#246=ORIENTED_EDGE('',*,*,#906,.T.);
#247=ORIENTED_EDGE('',*,*,#907,.F.);
#248=ORIENTED_EDGE('',*,*,#908,.T.);
#249=ORIENTED_EDGE('',*,*,#903,.F.);
#250=ORIENTED_EDGE('',*,*,#909,.T.);
#251=ORIENTED_EDGE('',*,*,#910,.F.);
#252=ORIENTED_EDGE('',*,*,#911,.T.);
#253=ORIENTED_EDGE('',*,*,#912,.T.);
#254=ORIENTED_EDGE('',*,*,#905,.T.);
#255=ORIENTED_EDGE('',*,*,#913,.T.);
#256=ORIENTED_EDGE('',*,*,#914,.T.);
#257=ORIENTED_EDGE('',*,*,#906,.F.);
#258=ORIENTED_EDGE('',*,*,#912,.F.);
#259=ORIENTED_EDGE('',*,*,#915,.F.);
#260=ORIENTED_EDGE('',*,*,#916,.F.);
#261=ORIENTED_EDGE('',*,*,#917,.F.);
#262=ORIENTED_EDGE('',*,*,#918,.F.);
#263=ORIENTED_EDGE('',*,*,#919,.F.);
#264=ORIENTED_EDGE('',*,*,#920,.F.);
#265=ORIENTED_EDGE('',*,*,#902,.F.);
#266=ORIENTED_EDGE('',*,*,#921,.T.);
#267=ORIENTED_EDGE('',*,*,#922,.T.);
#268=ORIENTED_EDGE('',*,*,#923,.F.);
#269=ORIENTED_EDGE('',*,*,#924,.F.);
#270=ORIENTED_EDGE('',*,*,#909,.F.);
#271=ORIENTED_EDGE('',*,*,#923,.T.);
#272=ORIENTED_EDGE('',*,*,#925,.T.);
#273=ORIENTED_EDGE('',*,*,#916,.T.);
#274=ORIENTED_EDGE('',*,*,#926,.T.);
#275=ORIENTED_EDGE('',*,*,#913,.F.);
#276=ORIENTED_EDGE('',*,*,#925,.F.);
#277=ORIENTED_EDGE('',*,*,#922,.F.);
#278=ORIENTED_EDGE('',*,*,#927,.F.);
#279=ORIENTED_EDGE('',*,*,#928,.F.);
#280=ORIENTED_EDGE('',*,*,#929,.F.);
#281=ORIENTED_EDGE('',*,*,#930,.F.);
#282=ORIENTED_EDGE('',*,*,#919,.T.);
#283=ORIENTED_EDGE('',*,*,#931,.T.);
#284=ORIENTED_EDGE('',*,*,#932,.T.);
#285=ORIENTED_EDGE('',*,*,#927,.T.);
#286=ORIENTED_EDGE('',*,*,#921,.F.);
#287=ORIENTED_EDGE('',*,*,#901,.F.);
#288=ORIENTED_EDGE('',*,*,#933,.F.);
#289=ORIENTED_EDGE('',*,*,#917,.T.);
#290=ORIENTED_EDGE('',*,*,#934,.T.);
#291=ORIENTED_EDGE('',*,*,#907,.T.);
#292=ORIENTED_EDGE('',*,*,#914,.F.);
#293=ORIENTED_EDGE('',*,*,#929,.T.);
#294=ORIENTED_EDGE('',*,*,#935,.F.);
#295=ORIENTED_EDGE('',*,*,#935,.T.);
#296=ORIENTED_EDGE('',*,*,#928,.T.);
#297=ORIENTED_EDGE('',*,*,#932,.F.);
#298=ORIENTED_EDGE('',*,*,#936,.F.);
#299=ORIENTED_EDGE('',*,*,#934,.F.);
#300=ORIENTED_EDGE('',*,*,#920,.T.);
#301=ORIENTED_EDGE('',*,*,#930,.T.);
#302=ORIENTED_EDGE('',*,*,#908,.F.);
#303=ORIENTED_EDGE('',*,*,#931,.F.);
#304=ORIENTED_EDGE('',*,*,#918,.T.);
#305=ORIENTED_EDGE('',*,*,#933,.T.);
#306=ORIENTED_EDGE('',*,*,#936,.T.);
#307=ORIENTED_EDGE('',*,*,#937,.T.);
#308=ORIENTED_EDGE('',*,*,#938,.T.);
#309=ORIENTED_EDGE('',*,*,#939,.T.);
#310=ORIENTED_EDGE('',*,*,#940,.F.);
#311=ORIENTED_EDGE('',*,*,#941,.F.);
#312=ORIENTED_EDGE('',*,*,#942,.T.);
#313=ORIENTED_EDGE('',*,*,#943,.F.);
#314=ORIENTED_EDGE('',*,*,#944,.T.);
#315=ORIENTED_EDGE('',*,*,#939,.F.);
#316=ORIENTED_EDGE('',*,*,#945,.T.);
#317=ORIENTED_EDGE('',*,*,#946,.F.);
#318=ORIENTED_EDGE('',*,*,#947,.T.);
#319=ORIENTED_EDGE('',*,*,#948,.T.);
#320=ORIENTED_EDGE('',*,*,#941,.T.);
#321=ORIENTED_EDGE('',*,*,#949,.T.);
#322=ORIENTED_EDGE('',*,*,#950,.T.);
#323=ORIENTED_EDGE('',*,*,#942,.F.);
#324=ORIENTED_EDGE('',*,*,#948,.F.);
#325=ORIENTED_EDGE('',*,*,#951,.F.);
#326=ORIENTED_EDGE('',*,*,#952,.F.);
#327=ORIENTED_EDGE('',*,*,#953,.F.);
#328=ORIENTED_EDGE('',*,*,#954,.F.);
#329=ORIENTED_EDGE('',*,*,#955,.F.);
#330=ORIENTED_EDGE('',*,*,#956,.F.);
#331=ORIENTED_EDGE('',*,*,#938,.F.);
#332=ORIENTED_EDGE('',*,*,#957,.T.);
#333=ORIENTED_EDGE('',*,*,#958,.T.);
#334=ORIENTED_EDGE('',*,*,#959,.F.);
#335=ORIENTED_EDGE('',*,*,#960,.F.);
#336=ORIENTED_EDGE('',*,*,#945,.F.);
#337=ORIENTED_EDGE('',*,*,#959,.T.);
#338=ORIENTED_EDGE('',*,*,#961,.T.);
#339=ORIENTED_EDGE('',*,*,#952,.T.);
#340=ORIENTED_EDGE('',*,*,#962,.T.);
#341=ORIENTED_EDGE('',*,*,#949,.F.);
#342=ORIENTED_EDGE('',*,*,#961,.F.);
#343=ORIENTED_EDGE('',*,*,#958,.F.);
#344=ORIENTED_EDGE('',*,*,#963,.F.);
#345=ORIENTED_EDGE('',*,*,#964,.F.);
#346=ORIENTED_EDGE('',*,*,#965,.F.);
#347=ORIENTED_EDGE('',*,*,#966,.F.);
#348=ORIENTED_EDGE('',*,*,#955,.T.);
#349=ORIENTED_EDGE('',*,*,#967,.T.);
#350=ORIENTED_EDGE('',*,*,#968,.T.);
#351=ORIENTED_EDGE('',*,*,#963,.T.);
#352=ORIENTED_EDGE('',*,*,#957,.F.);
#353=ORIENTED_EDGE('',*,*,#937,.F.);
#354=ORIENTED_EDGE('',*,*,#969,.F.);
#355=ORIENTED_EDGE('',*,*,#953,.T.);
#356=ORIENTED_EDGE('',*,*,#970,.T.);
#357=ORIENTED_EDGE('',*,*,#943,.T.);
#358=ORIENTED_EDGE('',*,*,#950,.F.);
#359=ORIENTED_EDGE('',*,*,#965,.T.);
#360=ORIENTED_EDGE('',*,*,#971,.F.);
#361=ORIENTED_EDGE('',*,*,#971,.T.);
#362=ORIENTED_EDGE('',*,*,#964,.T.);
#363=ORIENTED_EDGE('',*,*,#968,.F.);
#364=ORIENTED_EDGE('',*,*,#972,.F.);
#365=ORIENTED_EDGE('',*,*,#970,.F.);
#366=ORIENTED_EDGE('',*,*,#956,.T.);
#367=ORIENTED_EDGE('',*,*,#966,.T.);
#368=ORIENTED_EDGE('',*,*,#944,.F.);
#369=ORIENTED_EDGE('',*,*,#967,.F.);
#370=ORIENTED_EDGE('',*,*,#954,.T.);
#371=ORIENTED_EDGE('',*,*,#969,.T.);
#372=ORIENTED_EDGE('',*,*,#972,.T.);
#373=ORIENTED_EDGE('',*,*,#973,.T.);
#374=ORIENTED_EDGE('',*,*,#974,.T.);
#375=ORIENTED_EDGE('',*,*,#975,.T.);
#376=ORIENTED_EDGE('',*,*,#976,.F.);
#377=ORIENTED_EDGE('',*,*,#977,.F.);
#378=ORIENTED_EDGE('',*,*,#978,.T.);
#379=ORIENTED_EDGE('',*,*,#979,.F.);
#380=ORIENTED_EDGE('',*,*,#980,.T.);
#381=ORIENTED_EDGE('',*,*,#975,.F.);
#382=ORIENTED_EDGE('',*,*,#981,.T.);
#383=ORIENTED_EDGE('',*,*,#982,.F.);
#384=ORIENTED_EDGE('',*,*,#983,.T.);
#385=ORIENTED_EDGE('',*,*,#984,.T.);
#386=ORIENTED_EDGE('',*,*,#977,.T.);
#387=ORIENTED_EDGE('',*,*,#985,.T.);
#388=ORIENTED_EDGE('',*,*,#986,.T.);
#389=ORIENTED_EDGE('',*,*,#978,.F.);
#390=ORIENTED_EDGE('',*,*,#984,.F.);
#391=ORIENTED_EDGE('',*,*,#987,.F.);
#392=ORIENTED_EDGE('',*,*,#988,.F.);
#393=ORIENTED_EDGE('',*,*,#989,.F.);
#394=ORIENTED_EDGE('',*,*,#990,.F.);
#395=ORIENTED_EDGE('',*,*,#991,.F.);
#396=ORIENTED_EDGE('',*,*,#992,.F.);
#397=ORIENTED_EDGE('',*,*,#974,.F.);
#398=ORIENTED_EDGE('',*,*,#993,.T.);
#399=ORIENTED_EDGE('',*,*,#994,.T.);
#400=ORIENTED_EDGE('',*,*,#995,.F.);
#401=ORIENTED_EDGE('',*,*,#996,.F.);
#402=ORIENTED_EDGE('',*,*,#981,.F.);
#403=ORIENTED_EDGE('',*,*,#995,.T.);
#404=ORIENTED_EDGE('',*,*,#997,.T.);
#405=ORIENTED_EDGE('',*,*,#988,.T.);
#406=ORIENTED_EDGE('',*,*,#998,.T.);
#407=ORIENTED_EDGE('',*,*,#985,.F.);
#408=ORIENTED_EDGE('',*,*,#997,.F.);
#409=ORIENTED_EDGE('',*,*,#994,.F.);
#410=ORIENTED_EDGE('',*,*,#999,.F.);
#411=ORIENTED_EDGE('',*,*,#1000,.F.);
#412=ORIENTED_EDGE('',*,*,#1001,.F.);
#413=ORIENTED_EDGE('',*,*,#1002,.F.);
#414=ORIENTED_EDGE('',*,*,#991,.T.);
#415=ORIENTED_EDGE('',*,*,#1003,.T.);
#416=ORIENTED_EDGE('',*,*,#1004,.T.);
#417=ORIENTED_EDGE('',*,*,#999,.T.);
#418=ORIENTED_EDGE('',*,*,#993,.F.);
#419=ORIENTED_EDGE('',*,*,#973,.F.);
#420=ORIENTED_EDGE('',*,*,#1005,.F.);
#421=ORIENTED_EDGE('',*,*,#989,.T.);
#422=ORIENTED_EDGE('',*,*,#1006,.T.);
#423=ORIENTED_EDGE('',*,*,#979,.T.);
#424=ORIENTED_EDGE('',*,*,#986,.F.);
#425=ORIENTED_EDGE('',*,*,#1001,.T.);
#426=ORIENTED_EDGE('',*,*,#1007,.F.);
#427=ORIENTED_EDGE('',*,*,#1007,.T.);
#428=ORIENTED_EDGE('',*,*,#1000,.T.);
#429=ORIENTED_EDGE('',*,*,#1004,.F.);
#430=ORIENTED_EDGE('',*,*,#1008,.F.);
#431=ORIENTED_EDGE('',*,*,#1006,.F.);
#432=ORIENTED_EDGE('',*,*,#992,.T.);
#433=ORIENTED_EDGE('',*,*,#1002,.T.);
#434=ORIENTED_EDGE('',*,*,#980,.F.);
#435=ORIENTED_EDGE('',*,*,#1003,.F.);
#436=ORIENTED_EDGE('',*,*,#990,.T.);
#437=ORIENTED_EDGE('',*,*,#1005,.T.);
#438=ORIENTED_EDGE('',*,*,#1008,.T.);
#439=ORIENTED_EDGE('',*,*,#1009,.T.);
#440=ORIENTED_EDGE('',*,*,#1010,.T.);
#441=ORIENTED_EDGE('',*,*,#1011,.T.);
#442=ORIENTED_EDGE('',*,*,#1012,.F.);
#443=ORIENTED_EDGE('',*,*,#1013,.F.);
#444=ORIENTED_EDGE('',*,*,#1014,.T.);
#445=ORIENTED_EDGE('',*,*,#1015,.F.);
#446=ORIENTED_EDGE('',*,*,#1016,.T.);
#447=ORIENTED_EDGE('',*,*,#1017,.T.);
#448=ORIENTED_EDGE('',*,*,#1018,.T.);
#449=ORIENTED_EDGE('',*,*,#1013,.T.);
#450=ORIENTED_EDGE('',*,*,#1011,.F.);
#451=ORIENTED_EDGE('',*,*,#1019,.T.);
#452=ORIENTED_EDGE('',*,*,#1020,.F.);
#453=ORIENTED_EDGE('',*,*,#1021,.T.);
#454=ORIENTED_EDGE('',*,*,#1022,.T.);
#455=ORIENTED_EDGE('',*,*,#1023,.F.);
#456=ORIENTED_EDGE('',*,*,#1024,.F.);
#457=ORIENTED_EDGE('',*,*,#1025,.T.);
#458=ORIENTED_EDGE('',*,*,#1026,.F.);
#459=ORIENTED_EDGE('',*,*,#1027,.T.);
#460=ORIENTED_EDGE('',*,*,#1028,.F.);
#461=ORIENTED_EDGE('',*,*,#1029,.T.);
#462=ORIENTED_EDGE('',*,*,#1030,.F.);
#463=ORIENTED_EDGE('',*,*,#1031,.F.);
#464=ORIENTED_EDGE('',*,*,#1032,.F.);
#465=ORIENTED_EDGE('',*,*,#1033,.F.);
#466=ORIENTED_EDGE('',*,*,#1034,.F.);
#467=ORIENTED_EDGE('',*,*,#1035,.T.);
#468=ORIENTED_EDGE('',*,*,#1036,.F.);
#469=ORIENTED_EDGE('',*,*,#1037,.T.);
#470=ORIENTED_EDGE('',*,*,#1038,.F.);
#471=ORIENTED_EDGE('',*,*,#1039,.F.);
#472=ORIENTED_EDGE('',*,*,#1040,.F.);
#473=ORIENTED_EDGE('',*,*,#1041,.F.);
#474=ORIENTED_EDGE('',*,*,#1042,.F.);
#475=ORIENTED_EDGE('',*,*,#1043,.T.);
#476=ORIENTED_EDGE('',*,*,#1044,.F.);
#477=ORIENTED_EDGE('',*,*,#1045,.T.);
#478=ORIENTED_EDGE('',*,*,#1046,.F.);
#479=ORIENTED_EDGE('',*,*,#1047,.F.);
#480=ORIENTED_EDGE('',*,*,#1048,.F.);
#481=ORIENTED_EDGE('',*,*,#1049,.F.);
#482=ORIENTED_EDGE('',*,*,#1050,.F.);
#483=ORIENTED_EDGE('',*,*,#1051,.T.);
#484=ORIENTED_EDGE('',*,*,#1052,.F.);
#485=ORIENTED_EDGE('',*,*,#1053,.T.);
#486=ORIENTED_EDGE('',*,*,#1054,.F.);
#487=ORIENTED_EDGE('',*,*,#1055,.F.);
#488=ORIENTED_EDGE('',*,*,#1056,.F.);
#489=ORIENTED_EDGE('',*,*,#1057,.F.);
#490=ORIENTED_EDGE('',*,*,#1058,.T.);
#491=ORIENTED_EDGE('',*,*,#1059,.F.);
#492=ORIENTED_EDGE('',*,*,#1021,.F.);
#493=ORIENTED_EDGE('',*,*,#1060,.T.);
#494=ORIENTED_EDGE('',*,*,#1061,.T.);
#495=ORIENTED_EDGE('',*,*,#1062,.F.);
#496=ORIENTED_EDGE('',*,*,#1022,.F.);
#497=ORIENTED_EDGE('',*,*,#1059,.T.);
#498=ORIENTED_EDGE('',*,*,#1063,.F.);
#499=ORIENTED_EDGE('',*,*,#1064,.T.);
#500=ORIENTED_EDGE('',*,*,#1065,.F.);
#501=ORIENTED_EDGE('',*,*,#1066,.F.);
#502=ORIENTED_EDGE('',*,*,#1023,.T.);
#503=ORIENTED_EDGE('',*,*,#1062,.T.);
#504=ORIENTED_EDGE('',*,*,#1067,.F.);
#505=ORIENTED_EDGE('',*,*,#1068,.F.);
#506=ORIENTED_EDGE('',*,*,#1069,.F.);
#507=ORIENTED_EDGE('',*,*,#1068,.T.);
#508=ORIENTED_EDGE('',*,*,#1070,.F.);
#509=ORIENTED_EDGE('',*,*,#1071,.F.);
#510=ORIENTED_EDGE('',*,*,#1024,.T.);
#511=ORIENTED_EDGE('',*,*,#1066,.T.);
#512=ORIENTED_EDGE('',*,*,#1072,.F.);
#513=ORIENTED_EDGE('',*,*,#1073,.T.);
#514=ORIENTED_EDGE('',*,*,#1074,.T.);
#515=ORIENTED_EDGE('',*,*,#1060,.F.);
#516=ORIENTED_EDGE('',*,*,#1025,.F.);
#517=ORIENTED_EDGE('',*,*,#1071,.T.);
#518=ORIENTED_EDGE('',*,*,#1058,.F.);
#519=ORIENTED_EDGE('',*,*,#1074,.F.);
#520=ORIENTED_EDGE('',*,*,#1070,.T.);
#521=ORIENTED_EDGE('',*,*,#1067,.T.);
#522=ORIENTED_EDGE('',*,*,#1061,.F.);
#523=ORIENTED_EDGE('',*,*,#1064,.F.);
#524=ORIENTED_EDGE('',*,*,#1075,.T.);
#525=ORIENTED_EDGE('',*,*,#1073,.F.);
#526=ORIENTED_EDGE('',*,*,#1076,.T.);
#527=ORIENTED_EDGE('',*,*,#1077,.T.);
#528=ORIENTED_EDGE('',*,*,#1078,.T.);
#529=ORIENTED_EDGE('',*,*,#1078,.F.);
#530=ORIENTED_EDGE('',*,*,#1075,.F.);
#531=ORIENTED_EDGE('',*,*,#1063,.T.);
#532=ORIENTED_EDGE('',*,*,#1069,.T.);
#533=ORIENTED_EDGE('',*,*,#1072,.T.);
#534=ORIENTED_EDGE('',*,*,#1065,.T.);
#535=ORIENTED_EDGE('',*,*,#1076,.F.);
#536=ORIENTED_EDGE('',*,*,#1077,.F.);
#537=ORIENTED_EDGE('',*,*,#1079,.F.);
#538=ORIENTED_EDGE('',*,*,#1080,.T.);
#539=ORIENTED_EDGE('',*,*,#1081,.T.);
#540=ORIENTED_EDGE('',*,*,#1027,.F.);
#541=ORIENTED_EDGE('',*,*,#1082,.F.);
#542=ORIENTED_EDGE('',*,*,#1083,.T.);
#543=ORIENTED_EDGE('',*,*,#1079,.T.);
#544=ORIENTED_EDGE('',*,*,#1026,.T.);
#545=ORIENTED_EDGE('',*,*,#1084,.F.);
#546=ORIENTED_EDGE('',*,*,#1085,.T.);
#547=ORIENTED_EDGE('',*,*,#1082,.T.);
#548=ORIENTED_EDGE('',*,*,#1033,.T.);
#549=ORIENTED_EDGE('',*,*,#1086,.F.);
#550=ORIENTED_EDGE('',*,*,#1087,.T.);
#551=ORIENTED_EDGE('',*,*,#1084,.T.);
#552=ORIENTED_EDGE('',*,*,#1032,.T.);
#553=ORIENTED_EDGE('',*,*,#1088,.F.);
#554=ORIENTED_EDGE('',*,*,#1089,.T.);
#555=ORIENTED_EDGE('',*,*,#1086,.T.);
#556=ORIENTED_EDGE('',*,*,#1031,.T.);
#557=ORIENTED_EDGE('',*,*,#1090,.F.);
#558=ORIENTED_EDGE('',*,*,#1091,.T.);
#559=ORIENTED_EDGE('',*,*,#1088,.T.);
#560=ORIENTED_EDGE('',*,*,#1030,.T.);
#561=ORIENTED_EDGE('',*,*,#1092,.F.);
#562=ORIENTED_EDGE('',*,*,#1093,.T.);
#563=ORIENTED_EDGE('',*,*,#1090,.T.);
#564=ORIENTED_EDGE('',*,*,#1029,.F.);
#565=ORIENTED_EDGE('',*,*,#1081,.F.);
#566=ORIENTED_EDGE('',*,*,#1094,.T.);
#567=ORIENTED_EDGE('',*,*,#1092,.T.);
#568=ORIENTED_EDGE('',*,*,#1028,.T.);
#569=ORIENTED_EDGE('',*,*,#926,.F.);
#570=ORIENTED_EDGE('',*,*,#915,.T.);
#571=ORIENTED_EDGE('',*,*,#911,.F.);
#572=ORIENTED_EDGE('',*,*,#904,.T.);
#573=ORIENTED_EDGE('',*,*,#910,.T.);
#574=ORIENTED_EDGE('',*,*,#924,.T.);
#575=ORIENTED_EDGE('',*,*,#1095,.T.);
#576=ORIENTED_EDGE('',*,*,#1096,.T.);
#577=ORIENTED_EDGE('',*,*,#1097,.T.);
#578=ORIENTED_EDGE('',*,*,#1098,.T.);
#579=ORIENTED_EDGE('',*,*,#1099,.T.);
#580=ORIENTED_EDGE('',*,*,#1100,.T.);
#581=ORIENTED_EDGE('',*,*,#1101,.T.);
#582=ORIENTED_EDGE('',*,*,#1102,.T.);
#583=ORIENTED_EDGE('',*,*,#1103,.F.);
#584=ORIENTED_EDGE('',*,*,#1104,.T.);
#585=ORIENTED_EDGE('',*,*,#1105,.T.);
#586=ORIENTED_EDGE('',*,*,#1035,.F.);
#587=ORIENTED_EDGE('',*,*,#1106,.F.);
#588=ORIENTED_EDGE('',*,*,#1107,.T.);
#589=ORIENTED_EDGE('',*,*,#1103,.T.);
#590=ORIENTED_EDGE('',*,*,#1034,.T.);
#591=ORIENTED_EDGE('',*,*,#1108,.F.);
#592=ORIENTED_EDGE('',*,*,#1109,.T.);
#593=ORIENTED_EDGE('',*,*,#1106,.T.);
#594=ORIENTED_EDGE('',*,*,#1041,.T.);
#595=ORIENTED_EDGE('',*,*,#1110,.F.);
#596=ORIENTED_EDGE('',*,*,#1111,.T.);
#597=ORIENTED_EDGE('',*,*,#1108,.T.);
#598=ORIENTED_EDGE('',*,*,#1040,.T.);
#599=ORIENTED_EDGE('',*,*,#1112,.F.);
#600=ORIENTED_EDGE('',*,*,#1113,.T.);
#601=ORIENTED_EDGE('',*,*,#1110,.T.);
#602=ORIENTED_EDGE('',*,*,#1039,.T.);
#603=ORIENTED_EDGE('',*,*,#1114,.F.);
#604=ORIENTED_EDGE('',*,*,#1115,.T.);
#605=ORIENTED_EDGE('',*,*,#1112,.T.);
#606=ORIENTED_EDGE('',*,*,#1038,.T.);
#607=ORIENTED_EDGE('',*,*,#1116,.F.);
#608=ORIENTED_EDGE('',*,*,#1117,.T.);
#609=ORIENTED_EDGE('',*,*,#1114,.T.);
#610=ORIENTED_EDGE('',*,*,#1037,.F.);
#611=ORIENTED_EDGE('',*,*,#1105,.F.);
#612=ORIENTED_EDGE('',*,*,#1118,.T.);
#613=ORIENTED_EDGE('',*,*,#1116,.T.);
#614=ORIENTED_EDGE('',*,*,#1036,.T.);
#615=ORIENTED_EDGE('',*,*,#962,.F.);
#616=ORIENTED_EDGE('',*,*,#951,.T.);
#617=ORIENTED_EDGE('',*,*,#947,.F.);
#618=ORIENTED_EDGE('',*,*,#940,.T.);
#619=ORIENTED_EDGE('',*,*,#946,.T.);
#620=ORIENTED_EDGE('',*,*,#960,.T.);
#621=ORIENTED_EDGE('',*,*,#1119,.T.);
#622=ORIENTED_EDGE('',*,*,#1120,.T.);
#623=ORIENTED_EDGE('',*,*,#1121,.T.);
#624=ORIENTED_EDGE('',*,*,#1122,.T.);
#625=ORIENTED_EDGE('',*,*,#1123,.T.);
#626=ORIENTED_EDGE('',*,*,#1124,.T.);
#627=ORIENTED_EDGE('',*,*,#1125,.T.);
#628=ORIENTED_EDGE('',*,*,#1126,.T.);
#629=ORIENTED_EDGE('',*,*,#1127,.F.);
#630=ORIENTED_EDGE('',*,*,#1128,.T.);
#631=ORIENTED_EDGE('',*,*,#1129,.T.);
#632=ORIENTED_EDGE('',*,*,#1043,.F.);
#633=ORIENTED_EDGE('',*,*,#1130,.F.);
#634=ORIENTED_EDGE('',*,*,#1131,.T.);
#635=ORIENTED_EDGE('',*,*,#1127,.T.);
#636=ORIENTED_EDGE('',*,*,#1042,.T.);
#637=ORIENTED_EDGE('',*,*,#1132,.F.);
#638=ORIENTED_EDGE('',*,*,#1133,.T.);
#639=ORIENTED_EDGE('',*,*,#1130,.T.);
#640=ORIENTED_EDGE('',*,*,#1049,.T.);
#641=ORIENTED_EDGE('',*,*,#1134,.F.);
#642=ORIENTED_EDGE('',*,*,#1135,.T.);
#643=ORIENTED_EDGE('',*,*,#1132,.T.);
#644=ORIENTED_EDGE('',*,*,#1048,.T.);
#645=ORIENTED_EDGE('',*,*,#1136,.F.);
#646=ORIENTED_EDGE('',*,*,#1137,.T.);
#647=ORIENTED_EDGE('',*,*,#1134,.T.);
#648=ORIENTED_EDGE('',*,*,#1047,.T.);
#649=ORIENTED_EDGE('',*,*,#1138,.F.);
#650=ORIENTED_EDGE('',*,*,#1139,.T.);
#651=ORIENTED_EDGE('',*,*,#1136,.T.);
#652=ORIENTED_EDGE('',*,*,#1046,.T.);
#653=ORIENTED_EDGE('',*,*,#1140,.F.);
#654=ORIENTED_EDGE('',*,*,#1141,.T.);
#655=ORIENTED_EDGE('',*,*,#1138,.T.);
#656=ORIENTED_EDGE('',*,*,#1045,.F.);
#657=ORIENTED_EDGE('',*,*,#1129,.F.);
#658=ORIENTED_EDGE('',*,*,#1142,.T.);
#659=ORIENTED_EDGE('',*,*,#1140,.T.);
#660=ORIENTED_EDGE('',*,*,#1044,.T.);
#661=ORIENTED_EDGE('',*,*,#998,.F.);
#662=ORIENTED_EDGE('',*,*,#987,.T.);
#663=ORIENTED_EDGE('',*,*,#983,.F.);
#664=ORIENTED_EDGE('',*,*,#976,.T.);
#665=ORIENTED_EDGE('',*,*,#982,.T.);
#666=ORIENTED_EDGE('',*,*,#996,.T.);
#667=ORIENTED_EDGE('',*,*,#1143,.T.);
#668=ORIENTED_EDGE('',*,*,#1144,.T.);
#669=ORIENTED_EDGE('',*,*,#1145,.T.);
#670=ORIENTED_EDGE('',*,*,#1146,.T.);
#671=ORIENTED_EDGE('',*,*,#1147,.T.);
#672=ORIENTED_EDGE('',*,*,#1148,.T.);
#673=ORIENTED_EDGE('',*,*,#1149,.T.);
#674=ORIENTED_EDGE('',*,*,#1150,.T.);
#675=ORIENTED_EDGE('',*,*,#1151,.F.);
#676=ORIENTED_EDGE('',*,*,#1152,.T.);
#677=ORIENTED_EDGE('',*,*,#1153,.T.);
#678=ORIENTED_EDGE('',*,*,#1051,.F.);
#679=ORIENTED_EDGE('',*,*,#1154,.F.);
#680=ORIENTED_EDGE('',*,*,#1155,.T.);
#681=ORIENTED_EDGE('',*,*,#1151,.T.);
#682=ORIENTED_EDGE('',*,*,#1050,.T.);
#683=ORIENTED_EDGE('',*,*,#1156,.F.);
#684=ORIENTED_EDGE('',*,*,#1157,.T.);
#685=ORIENTED_EDGE('',*,*,#1154,.T.);
#686=ORIENTED_EDGE('',*,*,#1057,.T.);
#687=ORIENTED_EDGE('',*,*,#1158,.F.);
#688=ORIENTED_EDGE('',*,*,#1159,.T.);
#689=ORIENTED_EDGE('',*,*,#1156,.T.);
#690=ORIENTED_EDGE('',*,*,#1056,.T.);
#691=ORIENTED_EDGE('',*,*,#1160,.F.);
#692=ORIENTED_EDGE('',*,*,#1161,.T.);
#693=ORIENTED_EDGE('',*,*,#1158,.T.);
#694=ORIENTED_EDGE('',*,*,#1055,.T.);
#695=ORIENTED_EDGE('',*,*,#1162,.F.);
#696=ORIENTED_EDGE('',*,*,#1163,.T.);
#697=ORIENTED_EDGE('',*,*,#1160,.T.);
#698=ORIENTED_EDGE('',*,*,#1054,.T.);
#699=ORIENTED_EDGE('',*,*,#1164,.F.);
#700=ORIENTED_EDGE('',*,*,#1165,.T.);
#701=ORIENTED_EDGE('',*,*,#1162,.T.);
#702=ORIENTED_EDGE('',*,*,#1053,.F.);
#703=ORIENTED_EDGE('',*,*,#1153,.F.);
#704=ORIENTED_EDGE('',*,*,#1166,.T.);
#705=ORIENTED_EDGE('',*,*,#1164,.T.);
#706=ORIENTED_EDGE('',*,*,#1052,.T.);
#707=ORIENTED_EDGE('',*,*,#1167,.F.);
#708=ORIENTED_EDGE('',*,*,#1168,.T.);
#709=ORIENTED_EDGE('',*,*,#1017,.F.);
#710=ORIENTED_EDGE('',*,*,#1012,.T.);
#711=ORIENTED_EDGE('',*,*,#1020,.T.);
#712=ORIENTED_EDGE('',*,*,#1169,.T.);
#713=ORIENTED_EDGE('',*,*,#1170,.T.);
#714=ORIENTED_EDGE('',*,*,#1171,.T.);
#715=ORIENTED_EDGE('',*,*,#1172,.T.);
#716=ORIENTED_EDGE('',*,*,#1173,.T.);
#717=ORIENTED_EDGE('',*,*,#1174,.T.);
#718=ORIENTED_EDGE('',*,*,#1175,.T.);
#719=ORIENTED_EDGE('',*,*,#1176,.T.);
#720=ORIENTED_EDGE('',*,*,#1177,.T.);
#721=ORIENTED_EDGE('',*,*,#1178,.F.);
#722=ORIENTED_EDGE('',*,*,#1091,.F.);
#723=ORIENTED_EDGE('',*,*,#1179,.F.);
#724=ORIENTED_EDGE('',*,*,#1100,.F.);
#725=ORIENTED_EDGE('',*,*,#1179,.T.);
#726=ORIENTED_EDGE('',*,*,#1093,.F.);
#727=ORIENTED_EDGE('',*,*,#1180,.F.);
#728=ORIENTED_EDGE('',*,*,#1101,.F.);
#729=ORIENTED_EDGE('',*,*,#1178,.T.);
#730=ORIENTED_EDGE('',*,*,#1099,.F.);
#731=ORIENTED_EDGE('',*,*,#1181,.F.);
#732=ORIENTED_EDGE('',*,*,#1089,.F.);
#733=ORIENTED_EDGE('',*,*,#1180,.T.);
#734=ORIENTED_EDGE('',*,*,#1094,.F.);
#735=ORIENTED_EDGE('',*,*,#1182,.F.);
#736=ORIENTED_EDGE('',*,*,#1102,.F.);
#737=ORIENTED_EDGE('',*,*,#1181,.T.);
#738=ORIENTED_EDGE('',*,*,#1098,.F.);
#739=ORIENTED_EDGE('',*,*,#1183,.F.);
#740=ORIENTED_EDGE('',*,*,#1087,.F.);
#741=ORIENTED_EDGE('',*,*,#1182,.T.);
#742=ORIENTED_EDGE('',*,*,#1080,.F.);
#743=ORIENTED_EDGE('',*,*,#1184,.F.);
#744=ORIENTED_EDGE('',*,*,#1095,.F.);
#745=ORIENTED_EDGE('',*,*,#1183,.T.);
#746=ORIENTED_EDGE('',*,*,#1097,.F.);
#747=ORIENTED_EDGE('',*,*,#1185,.F.);
#748=ORIENTED_EDGE('',*,*,#1085,.F.);
#749=ORIENTED_EDGE('',*,*,#1184,.T.);
#750=ORIENTED_EDGE('',*,*,#1083,.F.);
#751=ORIENTED_EDGE('',*,*,#1185,.T.);
#752=ORIENTED_EDGE('',*,*,#1096,.F.);
#753=ORIENTED_EDGE('',*,*,#1186,.F.);
#754=ORIENTED_EDGE('',*,*,#1115,.F.);
#755=ORIENTED_EDGE('',*,*,#1187,.F.);
#756=ORIENTED_EDGE('',*,*,#1124,.F.);
#757=ORIENTED_EDGE('',*,*,#1187,.T.);
#758=ORIENTED_EDGE('',*,*,#1117,.F.);
#759=ORIENTED_EDGE('',*,*,#1188,.F.);
#760=ORIENTED_EDGE('',*,*,#1125,.F.);
#761=ORIENTED_EDGE('',*,*,#1186,.T.);
#762=ORIENTED_EDGE('',*,*,#1123,.F.);
#763=ORIENTED_EDGE('',*,*,#1189,.F.);
#764=ORIENTED_EDGE('',*,*,#1113,.F.);
#765=ORIENTED_EDGE('',*,*,#1188,.T.);
#766=ORIENTED_EDGE('',*,*,#1118,.F.);
#767=ORIENTED_EDGE('',*,*,#1190,.F.);
#768=ORIENTED_EDGE('',*,*,#1126,.F.);
#769=ORIENTED_EDGE('',*,*,#1189,.T.);
#770=ORIENTED_EDGE('',*,*,#1122,.F.);
#771=ORIENTED_EDGE('',*,*,#1191,.F.);
#772=ORIENTED_EDGE('',*,*,#1111,.F.);
#773=ORIENTED_EDGE('',*,*,#1190,.T.);
#774=ORIENTED_EDGE('',*,*,#1104,.F.);
#775=ORIENTED_EDGE('',*,*,#1192,.F.);
#776=ORIENTED_EDGE('',*,*,#1119,.F.);
#777=ORIENTED_EDGE('',*,*,#1191,.T.);
#778=ORIENTED_EDGE('',*,*,#1121,.F.);
#779=ORIENTED_EDGE('',*,*,#1193,.F.);
#780=ORIENTED_EDGE('',*,*,#1109,.F.);
#781=ORIENTED_EDGE('',*,*,#1192,.T.);
#782=ORIENTED_EDGE('',*,*,#1107,.F.);
#783=ORIENTED_EDGE('',*,*,#1193,.T.);
#784=ORIENTED_EDGE('',*,*,#1120,.F.);
#785=ORIENTED_EDGE('',*,*,#1194,.F.);
#786=ORIENTED_EDGE('',*,*,#1139,.F.);
#787=ORIENTED_EDGE('',*,*,#1195,.F.);
#788=ORIENTED_EDGE('',*,*,#1148,.F.);
#789=ORIENTED_EDGE('',*,*,#1195,.T.);
#790=ORIENTED_EDGE('',*,*,#1141,.F.);
#791=ORIENTED_EDGE('',*,*,#1196,.F.);
#792=ORIENTED_EDGE('',*,*,#1149,.F.);
#793=ORIENTED_EDGE('',*,*,#1194,.T.);
#794=ORIENTED_EDGE('',*,*,#1147,.F.);
#795=ORIENTED_EDGE('',*,*,#1197,.F.);
#796=ORIENTED_EDGE('',*,*,#1137,.F.);
#797=ORIENTED_EDGE('',*,*,#1196,.T.);
#798=ORIENTED_EDGE('',*,*,#1142,.F.);
#799=ORIENTED_EDGE('',*,*,#1198,.F.);
#800=ORIENTED_EDGE('',*,*,#1150,.F.);
#801=ORIENTED_EDGE('',*,*,#1197,.T.);
#802=ORIENTED_EDGE('',*,*,#1146,.F.);
#803=ORIENTED_EDGE('',*,*,#1199,.F.);
#804=ORIENTED_EDGE('',*,*,#1135,.F.);
#805=ORIENTED_EDGE('',*,*,#1198,.T.);
#806=ORIENTED_EDGE('',*,*,#1128,.F.);
#807=ORIENTED_EDGE('',*,*,#1200,.F.);
#808=ORIENTED_EDGE('',*,*,#1143,.F.);
#809=ORIENTED_EDGE('',*,*,#1199,.T.);
#810=ORIENTED_EDGE('',*,*,#1145,.F.);
#811=ORIENTED_EDGE('',*,*,#1201,.F.);
#812=ORIENTED_EDGE('',*,*,#1133,.F.);
#813=ORIENTED_EDGE('',*,*,#1200,.T.);
#814=ORIENTED_EDGE('',*,*,#1131,.F.);
#815=ORIENTED_EDGE('',*,*,#1201,.T.);
#816=ORIENTED_EDGE('',*,*,#1144,.F.);
#817=ORIENTED_EDGE('',*,*,#1202,.F.);
#818=ORIENTED_EDGE('',*,*,#1163,.F.);
#819=ORIENTED_EDGE('',*,*,#1203,.F.);
#820=ORIENTED_EDGE('',*,*,#1175,.F.);
#821=ORIENTED_EDGE('',*,*,#1203,.T.);
#822=ORIENTED_EDGE('',*,*,#1165,.F.);
#823=ORIENTED_EDGE('',*,*,#1204,.F.);
#824=ORIENTED_EDGE('',*,*,#1176,.F.);
#825=ORIENTED_EDGE('',*,*,#1202,.T.);
#826=ORIENTED_EDGE('',*,*,#1174,.F.);
#827=ORIENTED_EDGE('',*,*,#1205,.F.);
#828=ORIENTED_EDGE('',*,*,#1161,.F.);
#829=ORIENTED_EDGE('',*,*,#1204,.T.);
#830=ORIENTED_EDGE('',*,*,#1166,.F.);
#831=ORIENTED_EDGE('',*,*,#1206,.F.);
#832=ORIENTED_EDGE('',*,*,#1177,.F.);
#833=ORIENTED_EDGE('',*,*,#1205,.T.);
#834=ORIENTED_EDGE('',*,*,#1173,.F.);
#835=ORIENTED_EDGE('',*,*,#1207,.F.);
#836=ORIENTED_EDGE('',*,*,#1159,.F.);
#837=ORIENTED_EDGE('',*,*,#1206,.T.);
#838=ORIENTED_EDGE('',*,*,#1152,.F.);
#839=ORIENTED_EDGE('',*,*,#1208,.F.);
#840=ORIENTED_EDGE('',*,*,#1170,.F.);
#841=ORIENTED_EDGE('',*,*,#1207,.T.);
#842=ORIENTED_EDGE('',*,*,#1172,.F.);
#843=ORIENTED_EDGE('',*,*,#1209,.F.);
#844=ORIENTED_EDGE('',*,*,#1157,.F.);
#845=ORIENTED_EDGE('',*,*,#1208,.T.);
#846=ORIENTED_EDGE('',*,*,#1155,.F.);
#847=ORIENTED_EDGE('',*,*,#1209,.T.);
#848=ORIENTED_EDGE('',*,*,#1171,.F.);
#849=ORIENTED_EDGE('',*,*,#1210,.T.);
#850=ORIENTED_EDGE('',*,*,#1211,.T.);
#851=ORIENTED_EDGE('',*,*,#1212,.T.);
#852=ORIENTED_EDGE('',*,*,#1167,.T.);
#853=ORIENTED_EDGE('',*,*,#1213,.F.);
#854=ORIENTED_EDGE('',*,*,#1214,.T.);
#855=ORIENTED_EDGE('',*,*,#1215,.T.);
#856=ORIENTED_EDGE('',*,*,#1016,.F.);
#857=ORIENTED_EDGE('',*,*,#1216,.F.);
#858=ORIENTED_EDGE('',*,*,#1217,.T.);
#859=ORIENTED_EDGE('',*,*,#1213,.T.);
#860=ORIENTED_EDGE('',*,*,#1015,.T.);
#861=ORIENTED_EDGE('',*,*,#1218,.F.);
#862=ORIENTED_EDGE('',*,*,#1219,.T.);
#863=ORIENTED_EDGE('',*,*,#1220,.F.);
#864=ORIENTED_EDGE('',*,*,#1220,.T.);
#865=ORIENTED_EDGE('',*,*,#1221,.T.);
#866=ORIENTED_EDGE('',*,*,#1222,.F.);
#867=ORIENTED_EDGE('',*,*,#1223,.F.);
#868=ORIENTED_EDGE('',*,*,#1215,.F.);
#869=ORIENTED_EDGE('',*,*,#1224,.T.);
#870=ORIENTED_EDGE('',*,*,#1225,.T.);
#871=ORIENTED_EDGE('',*,*,#1222,.T.);
#872=ORIENTED_EDGE('',*,*,#1226,.T.);
#873=ORIENTED_EDGE('',*,*,#1227,.F.);
#874=ORIENTED_EDGE('',*,*,#1009,.F.);
#875=ORIENTED_EDGE('',*,*,#1225,.F.);
#876=ORIENTED_EDGE('',*,*,#1228,.T.);
#877=ORIENTED_EDGE('',*,*,#1216,.T.);
#878=ORIENTED_EDGE('',*,*,#1223,.T.);
#879=ORIENTED_EDGE('',*,*,#1217,.F.);
#880=ORIENTED_EDGE('',*,*,#1228,.F.);
#881=ORIENTED_EDGE('',*,*,#1224,.F.);
#882=ORIENTED_EDGE('',*,*,#1214,.F.);
#883=ORIENTED_EDGE('',*,*,#1229,.T.);
#884=ORIENTED_EDGE('',*,*,#1218,.T.);
#885=ORIENTED_EDGE('',*,*,#1014,.F.);
#886=ORIENTED_EDGE('',*,*,#1018,.F.);
#887=ORIENTED_EDGE('',*,*,#1168,.F.);
#888=ORIENTED_EDGE('',*,*,#1212,.F.);
#889=ORIENTED_EDGE('',*,*,#1010,.F.);
#890=ORIENTED_EDGE('',*,*,#1227,.T.);
#891=ORIENTED_EDGE('',*,*,#1230,.T.);
#892=ORIENTED_EDGE('',*,*,#1210,.F.);
#893=ORIENTED_EDGE('',*,*,#1169,.F.);
#894=ORIENTED_EDGE('',*,*,#1019,.F.);
#895=ORIENTED_EDGE('',*,*,#1229,.F.);
#896=ORIENTED_EDGE('',*,*,#1211,.F.);
#897=ORIENTED_EDGE('',*,*,#1230,.F.);
#898=ORIENTED_EDGE('',*,*,#1226,.F.);
#899=ORIENTED_EDGE('',*,*,#1221,.F.);
#900=ORIENTED_EDGE('',*,*,#1219,.F.);
#901=EDGE_CURVE('',#1231,#1232,#1441,.T.);
#902=EDGE_CURVE('',#1232,#1233,#99,.T.);
#903=EDGE_CURVE('',#1233,#1234,#1442,.T.);
#904=EDGE_CURVE('',#1235,#1234,#1443,.T.);
#905=EDGE_CURVE('',#1236,#1235,#1444,.T.);
#906=EDGE_CURVE('',#1236,#1237,#100,.T.);
#907=EDGE_CURVE('',#1238,#1237,#1445,.T.);
#908=EDGE_CURVE('',#1238,#1231,#1446,.T.);
#909=EDGE_CURVE('',#1233,#1239,#101,.T.);
#910=EDGE_CURVE('',#1234,#1239,#1447,.T.);
#911=EDGE_CURVE('',#1235,#1240,#1448,.T.);
#912=EDGE_CURVE('',#1240,#1236,#102,.F.);
#913=EDGE_CURVE('',#1241,#1242,#59,.T.);
#914=EDGE_CURVE('',#1242,#1237,#103,.F.);
#915=EDGE_CURVE('',#1243,#1240,#104,.F.);
#916=EDGE_CURVE('',#1241,#1243,#105,.T.);
#917=EDGE_CURVE('',#1244,#1245,#106,.F.);
#918=EDGE_CURVE('',#1246,#1244,#1449,.F.);
#919=EDGE_CURVE('',#1247,#1246,#107,.T.);
#920=EDGE_CURVE('',#1245,#1247,#1450,.T.);
#921=EDGE_CURVE('',#1232,#1248,#108,.T.);
#922=EDGE_CURVE('',#1248,#1249,#60,.T.);
#923=EDGE_CURVE('',#1250,#1249,#109,.F.);
#924=EDGE_CURVE('',#1239,#1250,#110,.F.);
#925=EDGE_CURVE('',#1249,#1241,#1451,.T.);
#926=EDGE_CURVE('',#1243,#1250,#1452,.T.);
#927=EDGE_CURVE('',#1251,#1248,#111,.F.);
#928=EDGE_CURVE('',#1252,#1251,#1453,.T.);
#929=EDGE_CURVE('',#1242,#1252,#112,.T.);
#930=EDGE_CURVE('',#1247,#1231,#1454,.T.);
#931=EDGE_CURVE('',#1246,#1253,#1455,.T.);
#932=EDGE_CURVE('',#1253,#1251,#1456,.T.);
#933=EDGE_CURVE('',#1244,#1254,#1457,.T.);
#934=EDGE_CURVE('',#1245,#1238,#1458,.T.);
#935=EDGE_CURVE('',#1254,#1252,#1459,.T.);
#936=EDGE_CURVE('',#1254,#1253,#1460,.T.);
#937=EDGE_CURVE('',#1255,#1256,#1461,.T.);
#938=EDGE_CURVE('',#1256,#1257,#113,.T.);
#939=EDGE_CURVE('',#1257,#1258,#1462,.T.);
#940=EDGE_CURVE('',#1259,#1258,#1463,.T.);
#941=EDGE_CURVE('',#1260,#1259,#1464,.T.);
#942=EDGE_CURVE('',#1260,#1261,#114,.T.);
#943=EDGE_CURVE('',#1262,#1261,#1465,.T.);
#944=EDGE_CURVE('',#1262,#1255,#1466,.T.);
#945=EDGE_CURVE('',#1257,#1263,#115,.T.);
#946=EDGE_CURVE('',#1258,#1263,#1467,.T.);
#947=EDGE_CURVE('',#1259,#1264,#1468,.T.);
#948=EDGE_CURVE('',#1264,#1260,#116,.F.);
#949=EDGE_CURVE('',#1265,#1266,#61,.T.);
#950=EDGE_CURVE('',#1266,#1261,#117,.F.);
#951=EDGE_CURVE('',#1267,#1264,#118,.F.);
#952=EDGE_CURVE('',#1265,#1267,#119,.T.);
#953=EDGE_CURVE('',#1268,#1269,#120,.F.);
#954=EDGE_CURVE('',#1270,#1268,#1469,.F.);
#955=EDGE_CURVE('',#1271,#1270,#121,.T.);
#956=EDGE_CURVE('',#1269,#1271,#1470,.T.);
#957=EDGE_CURVE('',#1256,#1272,#122,.T.);
#958=EDGE_CURVE('',#1272,#1273,#62,.T.);
#959=EDGE_CURVE('',#1274,#1273,#123,.F.);
#960=EDGE_CURVE('',#1263,#1274,#124,.F.);
#961=EDGE_CURVE('',#1273,#1265,#1471,.T.);
#962=EDGE_CURVE('',#1267,#1274,#1472,.T.);
#963=EDGE_CURVE('',#1275,#1272,#125,.F.);
#964=EDGE_CURVE('',#1276,#1275,#1473,.T.);
#965=EDGE_CURVE('',#1266,#1276,#126,.T.);
#966=EDGE_CURVE('',#1271,#1255,#1474,.T.);
#967=EDGE_CURVE('',#1270,#1277,#1475,.T.);
#968=EDGE_CURVE('',#1277,#1275,#1476,.T.);
#969=EDGE_CURVE('',#1268,#1278,#1477,.T.);
#970=EDGE_CURVE('',#1269,#1262,#1478,.T.);
#971=EDGE_CURVE('',#1278,#1276,#1479,.T.);
#972=EDGE_CURVE('',#1278,#1277,#1480,.T.);
#973=EDGE_CURVE('',#1279,#1280,#1481,.T.);
#974=EDGE_CURVE('',#1280,#1281,#127,.T.);
#975=EDGE_CURVE('',#1281,#1282,#1482,.T.);
#976=EDGE_CURVE('',#1283,#1282,#1483,.T.);
#977=EDGE_CURVE('',#1284,#1283,#1484,.T.);
#978=EDGE_CURVE('',#1284,#1285,#128,.T.);
#979=EDGE_CURVE('',#1286,#1285,#1485,.T.);
#980=EDGE_CURVE('',#1286,#1279,#1486,.T.);
#981=EDGE_CURVE('',#1281,#1287,#129,.T.);
#982=EDGE_CURVE('',#1282,#1287,#1487,.T.);
#983=EDGE_CURVE('',#1283,#1288,#1488,.T.);
#984=EDGE_CURVE('',#1288,#1284,#130,.F.);
#985=EDGE_CURVE('',#1289,#1290,#63,.T.);
#986=EDGE_CURVE('',#1290,#1285,#131,.F.);
#987=EDGE_CURVE('',#1291,#1288,#132,.F.);
#988=EDGE_CURVE('',#1289,#1291,#133,.T.);
#989=EDGE_CURVE('',#1292,#1293,#134,.F.);
#990=EDGE_CURVE('',#1294,#1292,#1489,.F.);
#991=EDGE_CURVE('',#1295,#1294,#135,.T.);
#992=EDGE_CURVE('',#1293,#1295,#1490,.T.);
#993=EDGE_CURVE('',#1280,#1296,#136,.T.);
#994=EDGE_CURVE('',#1296,#1297,#64,.T.);
#995=EDGE_CURVE('',#1298,#1297,#137,.F.);
#996=EDGE_CURVE('',#1287,#1298,#138,.F.);
#997=EDGE_CURVE('',#1297,#1289,#1491,.T.);
#998=EDGE_CURVE('',#1291,#1298,#1492,.T.);
#999=EDGE_CURVE('',#1299,#1296,#139,.F.);
#1000=EDGE_CURVE('',#1300,#1299,#1493,.T.);
#1001=EDGE_CURVE('',#1290,#1300,#140,.T.);
#1002=EDGE_CURVE('',#1295,#1279,#1494,.T.);
#1003=EDGE_CURVE('',#1294,#1301,#1495,.T.);
#1004=EDGE_CURVE('',#1301,#1299,#1496,.T.);
#1005=EDGE_CURVE('',#1292,#1302,#1497,.T.);
#1006=EDGE_CURVE('',#1293,#1286,#1498,.T.);
#1007=EDGE_CURVE('',#1302,#1300,#1499,.T.);
#1008=EDGE_CURVE('',#1302,#1301,#1500,.T.);
#1009=EDGE_CURVE('',#1303,#1304,#1501,.T.);
#1010=EDGE_CURVE('',#1304,#1305,#141,.T.);
#1011=EDGE_CURVE('',#1305,#1306,#1502,.T.);
#1012=EDGE_CURVE('',#1307,#1306,#1503,.T.);
#1013=EDGE_CURVE('',#1308,#1307,#1504,.T.);
#1014=EDGE_CURVE('',#1308,#1309,#142,.T.);
#1015=EDGE_CURVE('',#1310,#1309,#1505,.T.);
#1016=EDGE_CURVE('',#1310,#1303,#1506,.T.);
#1017=EDGE_CURVE('',#1307,#1311,#1507,.T.);
#1018=EDGE_CURVE('',#1311,#1308,#143,.F.);
#1019=EDGE_CURVE('',#1305,#1312,#144,.T.);
#1020=EDGE_CURVE('',#1306,#1312,#1508,.T.);
#1021=EDGE_CURVE('',#1313,#1314,#1509,.T.);
#1022=EDGE_CURVE('',#1314,#1315,#1510,.T.);
#1023=EDGE_CURVE('',#1316,#1315,#145,.T.);
#1024=EDGE_CURVE('',#1317,#1316,#1511,.T.);
#1025=EDGE_CURVE('',#1317,#1313,#65,.T.);
#1026=EDGE_CURVE('',#1318,#1319,#146,.T.);
#1027=EDGE_CURVE('',#1318,#1320,#1512,.T.);
#1028=EDGE_CURVE('',#1321,#1320,#147,.T.);
#1029=EDGE_CURVE('',#1321,#1322,#1513,.T.);
#1030=EDGE_CURVE('',#1323,#1322,#148,.T.);
#1031=EDGE_CURVE('',#1324,#1323,#1514,.T.);
#1032=EDGE_CURVE('',#1325,#1324,#149,.T.);
#1033=EDGE_CURVE('',#1319,#1325,#1515,.T.);
#1034=EDGE_CURVE('',#1326,#1327,#150,.T.);
#1035=EDGE_CURVE('',#1326,#1328,#1516,.T.);
#1036=EDGE_CURVE('',#1329,#1328,#151,.T.);
#1037=EDGE_CURVE('',#1329,#1330,#1517,.T.);
#1038=EDGE_CURVE('',#1331,#1330,#152,.T.);
#1039=EDGE_CURVE('',#1332,#1331,#1518,.T.);
#1040=EDGE_CURVE('',#1333,#1332,#153,.T.);
#1041=EDGE_CURVE('',#1327,#1333,#1519,.T.);
#1042=EDGE_CURVE('',#1334,#1335,#154,.T.);
#1043=EDGE_CURVE('',#1334,#1336,#1520,.T.);
#1044=EDGE_CURVE('',#1337,#1336,#155,.T.);
#1045=EDGE_CURVE('',#1337,#1338,#1521,.T.);
#1046=EDGE_CURVE('',#1339,#1338,#156,.T.);
#1047=EDGE_CURVE('',#1340,#1339,#1522,.T.);
#1048=EDGE_CURVE('',#1341,#1340,#157,.T.);
#1049=EDGE_CURVE('',#1335,#1341,#1523,.T.);
#1050=EDGE_CURVE('',#1342,#1343,#158,.T.);
#1051=EDGE_CURVE('',#1342,#1344,#1524,.T.);
#1052=EDGE_CURVE('',#1345,#1344,#159,.T.);
#1053=EDGE_CURVE('',#1345,#1346,#1525,.T.);
#1054=EDGE_CURVE('',#1347,#1346,#160,.T.);
#1055=EDGE_CURVE('',#1348,#1347,#1526,.T.);
#1056=EDGE_CURVE('',#1349,#1348,#161,.T.);
#1057=EDGE_CURVE('',#1343,#1349,#1527,.T.);
#1058=EDGE_CURVE('',#1350,#1351,#1528,.T.);
#1059=EDGE_CURVE('',#1314,#1351,#1529,.T.);
#1060=EDGE_CURVE('',#1313,#1350,#1530,.T.);
#1061=EDGE_CURVE('',#1351,#1352,#1531,.T.);
#1062=EDGE_CURVE('',#1315,#1352,#1532,.T.);
#1063=EDGE_CURVE('',#1353,#1354,#66,.T.);
#1064=EDGE_CURVE('',#1353,#1355,#1533,.F.);
#1065=EDGE_CURVE('',#1356,#1355,#67,.T.);
#1066=EDGE_CURVE('',#1316,#1356,#1534,.T.);
#1067=EDGE_CURVE('',#1357,#1352,#162,.T.);
#1068=EDGE_CURVE('',#1354,#1357,#1535,.T.);
#1069=EDGE_CURVE('',#1354,#1358,#68,.T.);
#1070=EDGE_CURVE('',#1359,#1357,#1536,.T.);
#1071=EDGE_CURVE('',#1317,#1359,#1537,.T.);
#1072=EDGE_CURVE('',#1360,#1356,#69,.T.);
#1073=EDGE_CURVE('',#1360,#1358,#1538,.T.);
#1074=EDGE_CURVE('',#1359,#1350,#70,.T.);
#1075=EDGE_CURVE('',#1353,#1358,#163,.T.);
#1076=EDGE_CURVE('',#1360,#1355,#164,.F.);
#1077=EDGE_CURVE('',#1361,#1361,#165,.T.);
#1078=EDGE_CURVE('',#1362,#1362,#166,.F.);
#1079=EDGE_CURVE('',#1363,#1318,#1539,.T.);
#1080=EDGE_CURVE('',#1363,#1364,#1540,.T.);
#1081=EDGE_CURVE('',#1364,#1320,#1541,.T.);
#1082=EDGE_CURVE('',#1365,#1319,#1542,.T.);
#1083=EDGE_CURVE('',#1365,#1363,#167,.F.);
#1084=EDGE_CURVE('',#1366,#1325,#1543,.T.);
#1085=EDGE_CURVE('',#1366,#1365,#1544,.F.);
#1086=EDGE_CURVE('',#1367,#1324,#1545,.T.);
#1087=EDGE_CURVE('',#1367,#1366,#168,.F.);
#1088=EDGE_CURVE('',#1368,#1323,#1546,.T.);
#1089=EDGE_CURVE('',#1368,#1367,#1547,.F.);
#1090=EDGE_CURVE('',#1369,#1322,#1548,.T.);
#1091=EDGE_CURVE('',#1369,#1368,#169,.F.);
#1092=EDGE_CURVE('',#1370,#1321,#1549,.T.);
#1093=EDGE_CURVE('',#1370,#1369,#1550,.T.);
#1094=EDGE_CURVE('',#1364,#1370,#170,.F.);
#1095=EDGE_CURVE('',#1371,#1372,#1551,.F.);
#1096=EDGE_CURVE('',#1372,#1373,#171,.T.);
#1097=EDGE_CURVE('',#1373,#1374,#1552,.T.);
#1098=EDGE_CURVE('',#1374,#1375,#172,.T.);
#1099=EDGE_CURVE('',#1375,#1376,#1553,.T.);
#1100=EDGE_CURVE('',#1376,#1377,#173,.T.);
#1101=EDGE_CURVE('',#1377,#1378,#1554,.F.);
#1102=EDGE_CURVE('',#1378,#1371,#174,.T.);
#1103=EDGE_CURVE('',#1379,#1326,#1555,.T.);
#1104=EDGE_CURVE('',#1379,#1380,#1556,.T.);
#1105=EDGE_CURVE('',#1380,#1328,#1557,.T.);
#1106=EDGE_CURVE('',#1381,#1327,#1558,.T.);
#1107=EDGE_CURVE('',#1381,#1379,#175,.F.);
#1108=EDGE_CURVE('',#1382,#1333,#1559,.T.);
#1109=EDGE_CURVE('',#1382,#1381,#1560,.F.);
#1110=EDGE_CURVE('',#1383,#1332,#1561,.T.);
#1111=EDGE_CURVE('',#1383,#1382,#176,.F.);
#1112=EDGE_CURVE('',#1384,#1331,#1562,.T.);
#1113=EDGE_CURVE('',#1384,#1383,#1563,.F.);
#1114=EDGE_CURVE('',#1385,#1330,#1564,.T.);
#1115=EDGE_CURVE('',#1385,#1384,#177,.F.);
#1116=EDGE_CURVE('',#1386,#1329,#1565,.T.);
#1117=EDGE_CURVE('',#1386,#1385,#1566,.T.);
#1118=EDGE_CURVE('',#1380,#1386,#178,.F.);
#1119=EDGE_CURVE('',#1387,#1388,#1567,.F.);
#1120=EDGE_CURVE('',#1388,#1389,#179,.T.);
#1121=EDGE_CURVE('',#1389,#1390,#1568,.T.);
#1122=EDGE_CURVE('',#1390,#1391,#180,.T.);
#1123=EDGE_CURVE('',#1391,#1392,#1569,.T.);
#1124=EDGE_CURVE('',#1392,#1393,#181,.T.);
#1125=EDGE_CURVE('',#1393,#1394,#1570,.F.);
#1126=EDGE_CURVE('',#1394,#1387,#182,.T.);
#1127=EDGE_CURVE('',#1395,#1334,#1571,.T.);
#1128=EDGE_CURVE('',#1395,#1396,#1572,.T.);
#1129=EDGE_CURVE('',#1396,#1336,#1573,.T.);
#1130=EDGE_CURVE('',#1397,#1335,#1574,.T.);
#1131=EDGE_CURVE('',#1397,#1395,#183,.F.);
#1132=EDGE_CURVE('',#1398,#1341,#1575,.T.);
#1133=EDGE_CURVE('',#1398,#1397,#1576,.F.);
#1134=EDGE_CURVE('',#1399,#1340,#1577,.T.);
#1135=EDGE_CURVE('',#1399,#1398,#184,.F.);
#1136=EDGE_CURVE('',#1400,#1339,#1578,.T.);
#1137=EDGE_CURVE('',#1400,#1399,#1579,.F.);
#1138=EDGE_CURVE('',#1401,#1338,#1580,.T.);
#1139=EDGE_CURVE('',#1401,#1400,#185,.F.);
#1140=EDGE_CURVE('',#1402,#1337,#1581,.T.);
#1141=EDGE_CURVE('',#1402,#1401,#1582,.T.);
#1142=EDGE_CURVE('',#1396,#1402,#186,.F.);
#1143=EDGE_CURVE('',#1403,#1404,#1583,.F.);
#1144=EDGE_CURVE('',#1404,#1405,#187,.T.);
#1145=EDGE_CURVE('',#1405,#1406,#1584,.T.);
#1146=EDGE_CURVE('',#1406,#1407,#188,.T.);
#1147=EDGE_CURVE('',#1407,#1408,#1585,.T.);
#1148=EDGE_CURVE('',#1408,#1409,#189,.T.);
#1149=EDGE_CURVE('',#1409,#1410,#1586,.F.);
#1150=EDGE_CURVE('',#1410,#1403,#190,.T.);
#1151=EDGE_CURVE('',#1411,#1342,#1587,.T.);
#1152=EDGE_CURVE('',#1411,#1412,#1588,.T.);
#1153=EDGE_CURVE('',#1412,#1344,#1589,.T.);
#1154=EDGE_CURVE('',#1413,#1343,#1590,.T.);
#1155=EDGE_CURVE('',#1413,#1411,#191,.F.);
#1156=EDGE_CURVE('',#1414,#1349,#1591,.T.);
#1157=EDGE_CURVE('',#1414,#1413,#1592,.F.);
#1158=EDGE_CURVE('',#1415,#1348,#1593,.T.);
#1159=EDGE_CURVE('',#1415,#1414,#192,.F.);
#1160=EDGE_CURVE('',#1416,#1347,#1594,.T.);
#1161=EDGE_CURVE('',#1416,#1415,#1595,.F.);
#1162=EDGE_CURVE('',#1417,#1346,#1596,.T.);
#1163=EDGE_CURVE('',#1417,#1416,#193,.F.);
#1164=EDGE_CURVE('',#1418,#1345,#1597,.T.);
#1165=EDGE_CURVE('',#1418,#1417,#1598,.T.);
#1166=EDGE_CURVE('',#1412,#1418,#194,.F.);
#1167=EDGE_CURVE('',#1419,#1420,#1599,.T.);
#1168=EDGE_CURVE('',#1419,#1311,#195,.F.);
#1169=EDGE_CURVE('',#1312,#1420,#196,.F.);
#1170=EDGE_CURVE('',#1421,#1422,#1600,.F.);
#1171=EDGE_CURVE('',#1422,#1423,#197,.T.);
#1172=EDGE_CURVE('',#1423,#1424,#1601,.T.);
#1173=EDGE_CURVE('',#1424,#1425,#198,.T.);
#1174=EDGE_CURVE('',#1425,#1426,#1602,.T.);
#1175=EDGE_CURVE('',#1426,#1427,#199,.T.);
#1176=EDGE_CURVE('',#1427,#1428,#1603,.F.);
#1177=EDGE_CURVE('',#1428,#1421,#200,.T.);
#1178=EDGE_CURVE('',#1368,#1376,#201,.T.);
#1179=EDGE_CURVE('',#1377,#1369,#202,.T.);
#1180=EDGE_CURVE('',#1378,#1370,#203,.T.);
#1181=EDGE_CURVE('',#1367,#1375,#204,.T.);
#1182=EDGE_CURVE('',#1371,#1364,#205,.T.);
#1183=EDGE_CURVE('',#1366,#1374,#206,.T.);
#1184=EDGE_CURVE('',#1372,#1363,#207,.T.);
#1185=EDGE_CURVE('',#1365,#1373,#208,.T.);
#1186=EDGE_CURVE('',#1384,#1392,#209,.T.);
#1187=EDGE_CURVE('',#1393,#1385,#210,.T.);
#1188=EDGE_CURVE('',#1394,#1386,#211,.T.);
#1189=EDGE_CURVE('',#1383,#1391,#212,.T.);
#1190=EDGE_CURVE('',#1387,#1380,#213,.T.);
#1191=EDGE_CURVE('',#1382,#1390,#214,.T.);
#1192=EDGE_CURVE('',#1388,#1379,#215,.T.);
#1193=EDGE_CURVE('',#1381,#1389,#216,.T.);
#1194=EDGE_CURVE('',#1400,#1408,#217,.T.);
#1195=EDGE_CURVE('',#1409,#1401,#218,.T.);
#1196=EDGE_CURVE('',#1410,#1402,#219,.T.);
#1197=EDGE_CURVE('',#1399,#1407,#220,.T.);
#1198=EDGE_CURVE('',#1403,#1396,#221,.T.);
#1199=EDGE_CURVE('',#1398,#1406,#222,.T.);
#1200=EDGE_CURVE('',#1404,#1395,#223,.T.);
#1201=EDGE_CURVE('',#1397,#1405,#224,.T.);
#1202=EDGE_CURVE('',#1416,#1426,#225,.T.);
#1203=EDGE_CURVE('',#1427,#1417,#226,.T.);
#1204=EDGE_CURVE('',#1428,#1418,#227,.T.);
#1205=EDGE_CURVE('',#1415,#1425,#228,.T.);
#1206=EDGE_CURVE('',#1421,#1412,#229,.T.);
#1207=EDGE_CURVE('',#1414,#1424,#230,.T.);
#1208=EDGE_CURVE('',#1422,#1411,#231,.T.);
#1209=EDGE_CURVE('',#1413,#1423,#232,.T.);
#1210=EDGE_CURVE('',#1420,#1429,#233,.F.);
#1211=EDGE_CURVE('',#1429,#1430,#1604,.T.);
#1212=EDGE_CURVE('',#1430,#1419,#234,.T.);
#1213=EDGE_CURVE('',#1431,#1310,#1605,.T.);
#1214=EDGE_CURVE('',#1431,#1432,#1606,.T.);
#1215=EDGE_CURVE('',#1432,#1303,#1607,.T.);
#1216=EDGE_CURVE('',#1433,#1434,#1608,.T.);
#1217=EDGE_CURVE('',#1433,#1431,#235,.F.);
#1218=EDGE_CURVE('',#1435,#1309,#236,.F.);
#1219=EDGE_CURVE('',#1435,#1436,#237,.T.);
#1220=EDGE_CURVE('',#1434,#1436,#1609,.T.);
#1221=EDGE_CURVE('',#1436,#1437,#1610,.T.);
#1222=EDGE_CURVE('',#1438,#1437,#1611,.T.);
#1223=EDGE_CURVE('',#1434,#1438,#1612,.T.);
#1224=EDGE_CURVE('',#1432,#1439,#238,.T.);
#1225=EDGE_CURVE('',#1439,#1438,#1613,.T.);
#1226=EDGE_CURVE('',#1437,#1440,#239,.F.);
#1227=EDGE_CURVE('',#1304,#1440,#240,.T.);
#1228=EDGE_CURVE('',#1439,#1433,#1614,.F.);
#1229=EDGE_CURVE('',#1430,#1435,#71,.T.);
#1230=EDGE_CURVE('',#1440,#1429,#72,.T.);
#1231=VERTEX_POINT('',#4107);
#1232=VERTEX_POINT('',#4108);
#1233=VERTEX_POINT('',#4110);
#1234=VERTEX_POINT('',#4112);
#1235=VERTEX_POINT('',#4114);
#1236=VERTEX_POINT('',#4116);
#1237=VERTEX_POINT('',#4118);
#1238=VERTEX_POINT('',#4120);
#1239=VERTEX_POINT('',#4124);
#1240=VERTEX_POINT('',#4128);
#1241=VERTEX_POINT('',#4135);
#1242=VERTEX_POINT('',#4136);
#1243=VERTEX_POINT('',#4139);
#1244=VERTEX_POINT('',#4143);
#1245=VERTEX_POINT('',#4144);
#1246=VERTEX_POINT('',#4146);
#1247=VERTEX_POINT('',#4148);
#1248=VERTEX_POINT('',#4152);
#1249=VERTEX_POINT('',#4157);
#1250=VERTEX_POINT('',#4159);
#1251=VERTEX_POINT('',#4166);
#1252=VERTEX_POINT('',#4168);
#1253=VERTEX_POINT('',#4173);
#1254=VERTEX_POINT('',#4177);
#1255=VERTEX_POINT('',#4186);
#1256=VERTEX_POINT('',#4187);
#1257=VERTEX_POINT('',#4189);
#1258=VERTEX_POINT('',#4191);
#1259=VERTEX_POINT('',#4193);
#1260=VERTEX_POINT('',#4195);
#1261=VERTEX_POINT('',#4197);
#1262=VERTEX_POINT('',#4199);
#1263=VERTEX_POINT('',#4203);
#1264=VERTEX_POINT('',#4207);
#1265=VERTEX_POINT('',#4214);
#1266=VERTEX_POINT('',#4215);
#1267=VERTEX_POINT('',#4218);
#1268=VERTEX_POINT('',#4222);
#1269=VERTEX_POINT('',#4223);
#1270=VERTEX_POINT('',#4225);
#1271=VERTEX_POINT('',#4227);
#1272=VERTEX_POINT('',#4231);
#1273=VERTEX_POINT('',#4236);
#1274=VERTEX_POINT('',#4238);
#1275=VERTEX_POINT('',#4245);
#1276=VERTEX_POINT('',#4247);
#1277=VERTEX_POINT('',#4252);
#1278=VERTEX_POINT('',#4256);
#1279=VERTEX_POINT('',#4265);
#1280=VERTEX_POINT('',#4266);
#1281=VERTEX_POINT('',#4268);
#1282=VERTEX_POINT('',#4270);
#1283=VERTEX_POINT('',#4272);
#1284=VERTEX_POINT('',#4274);
#1285=VERTEX_POINT('',#4276);
#1286=VERTEX_POINT('',#4278);
#1287=VERTEX_POINT('',#4282);
#1288=VERTEX_POINT('',#4286);
#1289=VERTEX_POINT('',#4293);
#1290=VERTEX_POINT('',#4294);
#1291=VERTEX_POINT('',#4297);
#1292=VERTEX_POINT('',#4301);
#1293=VERTEX_POINT('',#4302);
#1294=VERTEX_POINT('',#4304);
#1295=VERTEX_POINT('',#4306);
#1296=VERTEX_POINT('',#4310);
#1297=VERTEX_POINT('',#4315);
#1298=VERTEX_POINT('',#4317);
#1299=VERTEX_POINT('',#4324);
#1300=VERTEX_POINT('',#4326);
#1301=VERTEX_POINT('',#4331);
#1302=VERTEX_POINT('',#4335);
#1303=VERTEX_POINT('',#4344);
#1304=VERTEX_POINT('',#4345);
#1305=VERTEX_POINT('',#4347);
#1306=VERTEX_POINT('',#4349);
#1307=VERTEX_POINT('',#4351);
#1308=VERTEX_POINT('',#4353);
#1309=VERTEX_POINT('',#4355);
#1310=VERTEX_POINT('',#4357);
#1311=VERTEX_POINT('',#4361);
#1312=VERTEX_POINT('',#4365);
#1313=VERTEX_POINT('',#4369);
#1314=VERTEX_POINT('',#4370);
#1315=VERTEX_POINT('',#4372);
#1316=VERTEX_POINT('',#4374);
#1317=VERTEX_POINT('',#4376);
#1318=VERTEX_POINT('',#4382);
#1319=VERTEX_POINT('',#4383);
#1320=VERTEX_POINT('',#4385);
#1321=VERTEX_POINT('',#4387);
#1322=VERTEX_POINT('',#4389);
#1323=VERTEX_POINT('',#4391);
#1324=VERTEX_POINT('',#4393);
#1325=VERTEX_POINT('',#4395);
#1326=VERTEX_POINT('',#4398);
#1327=VERTEX_POINT('',#4399);
#1328=VERTEX_POINT('',#4401);
#1329=VERTEX_POINT('',#4403);
#1330=VERTEX_POINT('',#4405);
#1331=VERTEX_POINT('',#4407);
#1332=VERTEX_POINT('',#4409);
#1333=VERTEX_POINT('',#4411);
#1334=VERTEX_POINT('',#4414);
#1335=VERTEX_POINT('',#4415);
#1336=VERTEX_POINT('',#4417);
#1337=VERTEX_POINT('',#4419);
#1338=VERTEX_POINT('',#4421);
#1339=VERTEX_POINT('',#4423);
#1340=VERTEX_POINT('',#4425);
#1341=VERTEX_POINT('',#4427);
#1342=VERTEX_POINT('',#4430);
#1343=VERTEX_POINT('',#4431);
#1344=VERTEX_POINT('',#4433);
#1345=VERTEX_POINT('',#4435);
#1346=VERTEX_POINT('',#4437);
#1347=VERTEX_POINT('',#4439);
#1348=VERTEX_POINT('',#4441);
#1349=VERTEX_POINT('',#4443);
#1350=VERTEX_POINT('',#4447);
#1351=VERTEX_POINT('',#4448);
#1352=VERTEX_POINT('',#4453);
#1353=VERTEX_POINT('',#4464);
#1354=VERTEX_POINT('',#4465);
#1355=VERTEX_POINT('',#4467);
#1356=VERTEX_POINT('',#4476);
#1357=VERTEX_POINT('',#4479);
#1358=VERTEX_POINT('',#4490);
#1359=VERTEX_POINT('',#4492);
#1360=VERTEX_POINT('',#4502);
#1361=VERTEX_POINT('',#4522);
#1362=VERTEX_POINT('',#4525);
#1363=VERTEX_POINT('',#4530);
#1364=VERTEX_POINT('',#4532);
#1365=VERTEX_POINT('',#4536);
#1366=VERTEX_POINT('',#4540);
#1367=VERTEX_POINT('',#4544);
#1368=VERTEX_POINT('',#4548);
#1369=VERTEX_POINT('',#4552);
#1370=VERTEX_POINT('',#4556);
#1371=VERTEX_POINT('',#4562);
#1372=VERTEX_POINT('',#4563);
#1373=VERTEX_POINT('',#4565);
#1374=VERTEX_POINT('',#4567);
#1375=VERTEX_POINT('',#4569);
#1376=VERTEX_POINT('',#4571);
#1377=VERTEX_POINT('',#4573);
#1378=VERTEX_POINT('',#4575);
#1379=VERTEX_POINT('',#4579);
#1380=VERTEX_POINT('',#4581);
#1381=VERTEX_POINT('',#4585);
#1382=VERTEX_POINT('',#4589);
#1383=VERTEX_POINT('',#4593);
#1384=VERTEX_POINT('',#4597);
#1385=VERTEX_POINT('',#4601);
#1386=VERTEX_POINT('',#4605);
#1387=VERTEX_POINT('',#4611);
#1388=VERTEX_POINT('',#4612);
#1389=VERTEX_POINT('',#4614);
#1390=VERTEX_POINT('',#4616);
#1391=VERTEX_POINT('',#4618);
#1392=VERTEX_POINT('',#4620);
#1393=VERTEX_POINT('',#4622);
#1394=VERTEX_POINT('',#4624);
#1395=VERTEX_POINT('',#4628);
#1396=VERTEX_POINT('',#4630);
#1397=VERTEX_POINT('',#4634);
#1398=VERTEX_POINT('',#4638);
#1399=VERTEX_POINT('',#4642);
#1400=VERTEX_POINT('',#4646);
#1401=VERTEX_POINT('',#4650);
#1402=VERTEX_POINT('',#4654);
#1403=VERTEX_POINT('',#4660);
#1404=VERTEX_POINT('',#4661);
#1405=VERTEX_POINT('',#4663);
#1406=VERTEX_POINT('',#4665);
#1407=VERTEX_POINT('',#4667);
#1408=VERTEX_POINT('',#4669);
#1409=VERTEX_POINT('',#4671);
#1410=VERTEX_POINT('',#4673);
#1411=VERTEX_POINT('',#4677);
#1412=VERTEX_POINT('',#4679);
#1413=VERTEX_POINT('',#4683);
#1414=VERTEX_POINT('',#4687);
#1415=VERTEX_POINT('',#4691);
#1416=VERTEX_POINT('',#4695);
#1417=VERTEX_POINT('',#4699);
#1418=VERTEX_POINT('',#4703);
#1419=VERTEX_POINT('',#4709);
#1420=VERTEX_POINT('',#4710);
#1421=VERTEX_POINT('',#4714);
#1422=VERTEX_POINT('',#4715);
#1423=VERTEX_POINT('',#4717);
#1424=VERTEX_POINT('',#4719);
#1425=VERTEX_POINT('',#4721);
#1426=VERTEX_POINT('',#4723);
#1427=VERTEX_POINT('',#4725);
#1428=VERTEX_POINT('',#4727);
#1429=VERTEX_POINT('',#4795);
#1430=VERTEX_POINT('',#4797);
#1431=VERTEX_POINT('',#4801);
#1432=VERTEX_POINT('',#4803);
#1433=VERTEX_POINT('',#4807);
#1434=VERTEX_POINT('',#4808);
#1435=VERTEX_POINT('',#4811);
#1436=VERTEX_POINT('',#4813);
#1437=VERTEX_POINT('',#4817);
#1438=VERTEX_POINT('',#4819);
#1439=VERTEX_POINT('',#4823);
#1440=VERTEX_POINT('',#4826);
#1441=LINE('',#4106,#1615);
#1442=LINE('',#4111,#1616);
#1443=LINE('',#4113,#1617);
#1444=LINE('',#4115,#1618);
#1445=LINE('',#4119,#1619);
#1446=LINE('',#4121,#1620);
#1447=LINE('',#4125,#1621);
#1448=LINE('',#4127,#1622);
#1449=LINE('',#4145,#1623);
#1450=LINE('',#4149,#1624);
#1451=LINE('',#4162,#1625);
#1452=LINE('',#4163,#1626);
#1453=LINE('',#4167,#1627);
#1454=LINE('',#4171,#1628);
#1455=LINE('',#4172,#1629);
#1456=LINE('',#4174,#1630);
#1457=LINE('',#4176,#1631);
#1458=LINE('',#4178,#1632);
#1459=LINE('',#4179,#1633);
#1460=LINE('',#4181,#1634);
#1461=LINE('',#4185,#1635);
#1462=LINE('',#4190,#1636);
#1463=LINE('',#4192,#1637);
#1464=LINE('',#4194,#1638);
#1465=LINE('',#4198,#1639);
#1466=LINE('',#4200,#1640);
#1467=LINE('',#4204,#1641);
#1468=LINE('',#4206,#1642);
#1469=LINE('',#4224,#1643);
#1470=LINE('',#4228,#1644);
#1471=LINE('',#4241,#1645);
#1472=LINE('',#4242,#1646);
#1473=LINE('',#4246,#1647);
#1474=LINE('',#4250,#1648);
#1475=LINE('',#4251,#1649);
#1476=LINE('',#4253,#1650);
#1477=LINE('',#4255,#1651);
#1478=LINE('',#4257,#1652);
#1479=LINE('',#4258,#1653);
#1480=LINE('',#4260,#1654);
#1481=LINE('',#4264,#1655);
#1482=LINE('',#4269,#1656);
#1483=LINE('',#4271,#1657);
#1484=LINE('',#4273,#1658);
#1485=LINE('',#4277,#1659);
#1486=LINE('',#4279,#1660);
#1487=LINE('',#4283,#1661);
#1488=LINE('',#4285,#1662);
#1489=LINE('',#4303,#1663);
#1490=LINE('',#4307,#1664);
#1491=LINE('',#4320,#1665);
#1492=LINE('',#4321,#1666);
#1493=LINE('',#4325,#1667);
#1494=LINE('',#4329,#1668);
#1495=LINE('',#4330,#1669);
#1496=LINE('',#4332,#1670);
#1497=LINE('',#4334,#1671);
#1498=LINE('',#4336,#1672);
#1499=LINE('',#4337,#1673);
#1500=LINE('',#4339,#1674);
#1501=LINE('',#4343,#1675);
#1502=LINE('',#4348,#1676);
#1503=LINE('',#4350,#1677);
#1504=LINE('',#4352,#1678);
#1505=LINE('',#4356,#1679);
#1506=LINE('',#4358,#1680);
#1507=LINE('',#4360,#1681);
#1508=LINE('',#4366,#1682);
#1509=LINE('',#4368,#1683);
#1510=LINE('',#4371,#1684);
#1511=LINE('',#4375,#1685);
#1512=LINE('',#4384,#1686);
#1513=LINE('',#4388,#1687);
#1514=LINE('',#4392,#1688);
#1515=LINE('',#4396,#1689);
#1516=LINE('',#4400,#1690);
#1517=LINE('',#4404,#1691);
#1518=LINE('',#4408,#1692);
#1519=LINE('',#4412,#1693);
#1520=LINE('',#4416,#1694);
#1521=LINE('',#4420,#1695);
#1522=LINE('',#4424,#1696);
#1523=LINE('',#4428,#1697);
#1524=LINE('',#4432,#1698);
#1525=LINE('',#4436,#1699);
#1526=LINE('',#4440,#1700);
#1527=LINE('',#4444,#1701);
#1528=LINE('',#4446,#1702);
#1529=LINE('',#4449,#1703);
#1530=LINE('',#4450,#1704);
#1531=LINE('',#4452,#1705);
#1532=LINE('',#4454,#1706);
#1533=LINE('',#4466,#1707);
#1534=LINE('',#4477,#1708);
#1535=LINE('',#4480,#1709);
#1536=LINE('',#4491,#1710);
#1537=LINE('',#4493,#1711);
#1538=LINE('',#4503,#1712);
#1539=LINE('',#4529,#1713);
#1540=LINE('',#4531,#1714);
#1541=LINE('',#4533,#1715);
#1542=LINE('',#4535,#1716);
#1543=LINE('',#4539,#1717);
#1544=LINE('',#4541,#1718);
#1545=LINE('',#4543,#1719);
#1546=LINE('',#4547,#1720);
#1547=LINE('',#4549,#1721);
#1548=LINE('',#4551,#1722);
#1549=LINE('',#4555,#1723);
#1550=LINE('',#4557,#1724);
#1551=LINE('',#4561,#1725);
#1552=LINE('',#4566,#1726);
#1553=LINE('',#4570,#1727);
#1554=LINE('',#4574,#1728);
#1555=LINE('',#4578,#1729);
#1556=LINE('',#4580,#1730);
#1557=LINE('',#4582,#1731);
#1558=LINE('',#4584,#1732);
#1559=LINE('',#4588,#1733);
#1560=LINE('',#4590,#1734);
#1561=LINE('',#4592,#1735);
#1562=LINE('',#4596,#1736);
#1563=LINE('',#4598,#1737);
#1564=LINE('',#4600,#1738);
#1565=LINE('',#4604,#1739);
#1566=LINE('',#4606,#1740);
#1567=LINE('',#4610,#1741);
#1568=LINE('',#4615,#1742);
#1569=LINE('',#4619,#1743);
#1570=LINE('',#4623,#1744);
#1571=LINE('',#4627,#1745);
#1572=LINE('',#4629,#1746);
#1573=LINE('',#4631,#1747);
#1574=LINE('',#4633,#1748);
#1575=LINE('',#4637,#1749);
#1576=LINE('',#4639,#1750);
#1577=LINE('',#4641,#1751);
#1578=LINE('',#4645,#1752);
#1579=LINE('',#4647,#1753);
#1580=LINE('',#4649,#1754);
#1581=LINE('',#4653,#1755);
#1582=LINE('',#4655,#1756);
#1583=LINE('',#4659,#1757);
#1584=LINE('',#4664,#1758);
#1585=LINE('',#4668,#1759);
#1586=LINE('',#4672,#1760);
#1587=LINE('',#4676,#1761);
#1588=LINE('',#4678,#1762);
#1589=LINE('',#4680,#1763);
#1590=LINE('',#4682,#1764);
#1591=LINE('',#4686,#1765);
#1592=LINE('',#4688,#1766);
#1593=LINE('',#4690,#1767);
#1594=LINE('',#4694,#1768);
#1595=LINE('',#4696,#1769);
#1596=LINE('',#4698,#1770);
#1597=LINE('',#4702,#1771);
#1598=LINE('',#4704,#1772);
#1599=LINE('',#4708,#1773);
#1600=LINE('',#4713,#1774);
#1601=LINE('',#4718,#1775);
#1602=LINE('',#4722,#1776);
#1603=LINE('',#4726,#1777);
#1604=LINE('',#4796,#1778);
#1605=LINE('',#4800,#1779);
#1606=LINE('',#4802,#1780);
#1607=LINE('',#4804,#1781);
#1608=LINE('',#4806,#1782);
#1609=LINE('',#4814,#1783);
#1610=LINE('',#4816,#1784);
#1611=LINE('',#4818,#1785);
#1612=LINE('',#4820,#1786);
#1613=LINE('',#4824,#1787);
#1614=LINE('',#4829,#1788);
#1615=VECTOR('',#3386,1.);
#1616=VECTOR('',#3389,1.);
#1617=VECTOR('',#3390,1.);
#1618=VECTOR('',#3391,1.);
#1619=VECTOR('',#3394,1.);
#1620=VECTOR('',#3395,1.);
#1621=VECTOR('',#3400,1.);
#1622=VECTOR('',#3403,1.);
#1623=VECTOR('',#3418,1.);
#1624=VECTOR('',#3421,1.);
#1625=VECTOR('',#3432,1.);
#1626=VECTOR('',#3433,1.);
#1627=VECTOR('',#3438,1.);
#1628=VECTOR('',#3443,1.);
#1629=VECTOR('',#3444,1.);
#1630=VECTOR('',#3445,1.);
#1631=VECTOR('',#3448,1.);
#1632=VECTOR('',#3449,1.);
#1633=VECTOR('',#3450,1.);
#1634=VECTOR('',#3453,1.);
#1635=VECTOR('',#3460,1.);
#1636=VECTOR('',#3463,1.);
#1637=VECTOR('',#3464,1.);
#1638=VECTOR('',#3465,1.);
#1639=VECTOR('',#3468,1.);
#1640=VECTOR('',#3469,1.);
#1641=VECTOR('',#3474,1.);
#1642=VECTOR('',#3477,1.);
#1643=VECTOR('',#3492,1.);
#1644=VECTOR('',#3495,1.);
#1645=VECTOR('',#3506,1.);
#1646=VECTOR('',#3507,1.);
#1647=VECTOR('',#3512,1.);
#1648=VECTOR('',#3517,1.);
#1649=VECTOR('',#3518,1.);
#1650=VECTOR('',#3519,1.);
#1651=VECTOR('',#3522,1.);
#1652=VECTOR('',#3523,1.);
#1653=VECTOR('',#3524,1.);
#1654=VECTOR('',#3527,1.);
#1655=VECTOR('',#3534,1.);
#1656=VECTOR('',#3537,1.);
#1657=VECTOR('',#3538,1.);
#1658=VECTOR('',#3539,1.);
#1659=VECTOR('',#3542,1.);
#1660=VECTOR('',#3543,1.);
#1661=VECTOR('',#3548,1.);
#1662=VECTOR('',#3551,1.);
#1663=VECTOR('',#3566,1.);
#1664=VECTOR('',#3569,1.);
#1665=VECTOR('',#3580,1.);
#1666=VECTOR('',#3581,1.);
#1667=VECTOR('',#3586,1.);
#1668=VECTOR('',#3591,1.);
#1669=VECTOR('',#3592,1.);
#1670=VECTOR('',#3593,1.);
#1671=VECTOR('',#3596,1.);
#1672=VECTOR('',#3597,1.);
#1673=VECTOR('',#3598,1.);
#1674=VECTOR('',#3601,1.);
#1675=VECTOR('',#3608,1.);
#1676=VECTOR('',#3611,1.);
#1677=VECTOR('',#3612,1.);
#1678=VECTOR('',#3613,1.);
#1679=VECTOR('',#3616,1.);
#1680=VECTOR('',#3617,1.);
#1681=VECTOR('',#3620,1.);
#1682=VECTOR('',#3627,1.);
#1683=VECTOR('',#3630,1.);
#1684=VECTOR('',#3631,1.);
#1685=VECTOR('',#3634,1.);
#1686=VECTOR('',#3637,1.);
#1687=VECTOR('',#3640,1.);
#1688=VECTOR('',#3643,1.);
#1689=VECTOR('',#3646,1.);
#1690=VECTOR('',#3649,1.);
#1691=VECTOR('',#3652,1.);
#1692=VECTOR('',#3655,1.);
#1693=VECTOR('',#3658,1.);
#1694=VECTOR('',#3661,1.);
#1695=VECTOR('',#3664,1.);
#1696=VECTOR('',#3667,1.);
#1697=VECTOR('',#3670,1.);
#1698=VECTOR('',#3673,1.);
#1699=VECTOR('',#3676,1.);
#1700=VECTOR('',#3679,1.);
#1701=VECTOR('',#3682,1.);
#1702=VECTOR('',#3685,1.);
#1703=VECTOR('',#3686,1.);
#1704=VECTOR('',#3687,1.);
#1705=VECTOR('',#3690,1.);
#1706=VECTOR('',#3691,1.);
#1707=VECTOR('',#3694,1.);
#1708=VECTOR('',#3695,1.);
#1709=VECTOR('',#3698,1.);
#1710=VECTOR('',#3701,1.);
#1711=VECTOR('',#3702,1.);
#1712=VECTOR('',#3703,1.);
#1713=VECTOR('',#3726,1.);
#1714=VECTOR('',#3727,1.);
#1715=VECTOR('',#3728,1.);
#1716=VECTOR('',#3731,1.);
#1717=VECTOR('',#3736,1.);
#1718=VECTOR('',#3737,1.);
#1719=VECTOR('',#3740,1.);
#1720=VECTOR('',#3745,1.);
#1721=VECTOR('',#3746,1.);
#1722=VECTOR('',#3749,1.);
#1723=VECTOR('',#3754,1.);
#1724=VECTOR('',#3755,1.);
#1725=VECTOR('',#3762,1.);
#1726=VECTOR('',#3765,1.);
#1727=VECTOR('',#3768,1.);
#1728=VECTOR('',#3771,1.);
#1729=VECTOR('',#3776,1.);
#1730=VECTOR('',#3777,1.);
#1731=VECTOR('',#3778,1.);
#1732=VECTOR('',#3781,1.);
#1733=VECTOR('',#3786,1.);
#1734=VECTOR('',#3787,1.);
#1735=VECTOR('',#3790,1.);
#1736=VECTOR('',#3795,1.);
#1737=VECTOR('',#3796,1.);
#1738=VECTOR('',#3799,1.);
#1739=VECTOR('',#3804,1.);
#1740=VECTOR('',#3805,1.);
#1741=VECTOR('',#3812,1.);
#1742=VECTOR('',#3815,1.);
#1743=VECTOR('',#3818,1.);
#1744=VECTOR('',#3821,1.);
#1745=VECTOR('',#3826,1.);
#1746=VECTOR('',#3827,1.);
#1747=VECTOR('',#3828,1.);
#1748=VECTOR('',#3831,1.);
#1749=VECTOR('',#3836,1.);
#1750=VECTOR('',#3837,1.);
#1751=VECTOR('',#3840,1.);
#1752=VECTOR('',#3845,1.);
#1753=VECTOR('',#3846,1.);
#1754=VECTOR('',#3849,1.);
#1755=VECTOR('',#3854,1.);
#1756=VECTOR('',#3855,1.);
#1757=VECTOR('',#3862,1.);
#1758=VECTOR('',#3865,1.);
#1759=VECTOR('',#3868,1.);
#1760=VECTOR('',#3871,1.);
#1761=VECTOR('',#3876,1.);
#1762=VECTOR('',#3877,1.);
#1763=VECTOR('',#3878,1.);
#1764=VECTOR('',#3881,1.);
#1765=VECTOR('',#3886,1.);
#1766=VECTOR('',#3887,1.);
#1767=VECTOR('',#3890,1.);
#1768=VECTOR('',#3895,1.);
#1769=VECTOR('',#3896,1.);
#1770=VECTOR('',#3899,1.);
#1771=VECTOR('',#3904,1.);
#1772=VECTOR('',#3905,1.);
#1773=VECTOR('',#3912,1.);
#1774=VECTOR('',#3917,1.);
#1775=VECTOR('',#3920,1.);
#1776=VECTOR('',#3923,1.);
#1777=VECTOR('',#3926,1.);
#1778=VECTOR('',#4061,1.);
#1779=VECTOR('',#4066,1.);
#1780=VECTOR('',#4067,1.);
#1781=VECTOR('',#4068,1.);
#1782=VECTOR('',#4071,1.);
#1783=VECTOR('',#4078,1.);
#1784=VECTOR('',#4081,1.);
#1785=VECTOR('',#4082,1.);
#1786=VECTOR('',#4083,1.);
#1787=VECTOR('',#4088,1.);
#1788=VECTOR('',#4095,1.);
#1789=EDGE_LOOP('',(#241,#242,#243,#244,#245,#246,#247,#248));
#1790=EDGE_LOOP('',(#249,#250,#251));
#1791=EDGE_LOOP('',(#252,#253,#254));
#1792=EDGE_LOOP('',(#255,#256,#257,#258,#259,#260));
#1793=EDGE_LOOP('',(#261,#262,#263,#264));
#1794=EDGE_LOOP('',(#265,#266,#267,#268,#269,#270));
#1795=EDGE_LOOP('',(#271,#272,#273,#274));
#1796=EDGE_LOOP('',(#275,#276,#277,#278,#279,#280));
#1797=EDGE_LOOP('',(#281,#282,#283,#284,#285,#286,#287));
#1798=EDGE_LOOP('',(#288,#289,#290,#291,#292,#293,#294));
#1799=EDGE_LOOP('',(#295,#296,#297,#298));
#1800=EDGE_LOOP('',(#299,#300,#301,#302));
#1801=EDGE_LOOP('',(#303,#304,#305,#306));
#1802=EDGE_LOOP('',(#307,#308,#309,#310,#311,#312,#313,#314));
#1803=EDGE_LOOP('',(#315,#316,#317));
#1804=EDGE_LOOP('',(#318,#319,#320));
#1805=EDGE_LOOP('',(#321,#322,#323,#324,#325,#326));
#1806=EDGE_LOOP('',(#327,#328,#329,#330));
#1807=EDGE_LOOP('',(#331,#332,#333,#334,#335,#336));
#1808=EDGE_LOOP('',(#337,#338,#339,#340));
#1809=EDGE_LOOP('',(#341,#342,#343,#344,#345,#346));
#1810=EDGE_LOOP('',(#347,#348,#349,#350,#351,#352,#353));
#1811=EDGE_LOOP('',(#354,#355,#356,#357,#358,#359,#360));
#1812=EDGE_LOOP('',(#361,#362,#363,#364));
#1813=EDGE_LOOP('',(#365,#366,#367,#368));
#1814=EDGE_LOOP('',(#369,#370,#371,#372));
#1815=EDGE_LOOP('',(#373,#374,#375,#376,#377,#378,#379,#380));
#1816=EDGE_LOOP('',(#381,#382,#383));
#1817=EDGE_LOOP('',(#384,#385,#386));
#1818=EDGE_LOOP('',(#387,#388,#389,#390,#391,#392));
#1819=EDGE_LOOP('',(#393,#394,#395,#396));
#1820=EDGE_LOOP('',(#397,#398,#399,#400,#401,#402));
#1821=EDGE_LOOP('',(#403,#404,#405,#406));
#1822=EDGE_LOOP('',(#407,#408,#409,#410,#411,#412));
#1823=EDGE_LOOP('',(#413,#414,#415,#416,#417,#418,#419));
#1824=EDGE_LOOP('',(#420,#421,#422,#423,#424,#425,#426));
#1825=EDGE_LOOP('',(#427,#428,#429,#430));
#1826=EDGE_LOOP('',(#431,#432,#433,#434));
#1827=EDGE_LOOP('',(#435,#436,#437,#438));
#1828=EDGE_LOOP('',(#439,#440,#441,#442,#443,#444,#445,#446));
#1829=EDGE_LOOP('',(#447,#448,#449));
#1830=EDGE_LOOP('',(#450,#451,#452));
#1831=EDGE_LOOP('',(#453,#454,#455,#456,#457));
#1832=EDGE_LOOP('',(#458,#459,#460,#461,#462,#463,#464,#465));
#1833=EDGE_LOOP('',(#466,#467,#468,#469,#470,#471,#472,#473));
#1834=EDGE_LOOP('',(#474,#475,#476,#477,#478,#479,#480,#481));
#1835=EDGE_LOOP('',(#482,#483,#484,#485,#486,#487,#488,#489));
#1836=EDGE_LOOP('',(#490,#491,#492,#493));
#1837=EDGE_LOOP('',(#494,#495,#496,#497));
#1838=EDGE_LOOP('',(#498,#499,#500,#501,#502,#503,#504,#505));
#1839=EDGE_LOOP('',(#506,#507,#508,#509,#510,#511,#512,#513));
#1840=EDGE_LOOP('',(#514,#515,#516,#517));
#1841=EDGE_LOOP('',(#518,#519,#520,#521,#522));
#1842=EDGE_LOOP('',(#523,#524,#525,#526));
#1843=EDGE_LOOP('',(#527));
#1844=EDGE_LOOP('',(#528));
#1845=EDGE_LOOP('',(#529));
#1846=EDGE_LOOP('',(#530,#531,#532));
#1847=EDGE_LOOP('',(#533,#534,#535));
#1848=EDGE_LOOP('',(#536));
#1849=EDGE_LOOP('',(#537,#538,#539,#540));
#1850=EDGE_LOOP('',(#541,#542,#543,#544));
#1851=EDGE_LOOP('',(#545,#546,#547,#548));
#1852=EDGE_LOOP('',(#549,#550,#551,#552));
#1853=EDGE_LOOP('',(#553,#554,#555,#556));
#1854=EDGE_LOOP('',(#557,#558,#559,#560));
#1855=EDGE_LOOP('',(#561,#562,#563,#564));
#1856=EDGE_LOOP('',(#565,#566,#567,#568));
#1857=EDGE_LOOP('',(#569,#570,#571,#572,#573,#574));
#1858=EDGE_LOOP('',(#575,#576,#577,#578,#579,#580,#581,#582));
#1859=EDGE_LOOP('',(#583,#584,#585,#586));
#1860=EDGE_LOOP('',(#587,#588,#589,#590));
#1861=EDGE_LOOP('',(#591,#592,#593,#594));
#1862=EDGE_LOOP('',(#595,#596,#597,#598));
#1863=EDGE_LOOP('',(#599,#600,#601,#602));
#1864=EDGE_LOOP('',(#603,#604,#605,#606));
#1865=EDGE_LOOP('',(#607,#608,#609,#610));
#1866=EDGE_LOOP('',(#611,#612,#613,#614));
#1867=EDGE_LOOP('',(#615,#616,#617,#618,#619,#620));
#1868=EDGE_LOOP('',(#621,#622,#623,#624,#625,#626,#627,#628));
#1869=EDGE_LOOP('',(#629,#630,#631,#632));
#1870=EDGE_LOOP('',(#633,#634,#635,#636));
#1871=EDGE_LOOP('',(#637,#638,#639,#640));
#1872=EDGE_LOOP('',(#641,#642,#643,#644));
#1873=EDGE_LOOP('',(#645,#646,#647,#648));
#1874=EDGE_LOOP('',(#649,#650,#651,#652));
#1875=EDGE_LOOP('',(#653,#654,#655,#656));
#1876=EDGE_LOOP('',(#657,#658,#659,#660));
#1877=EDGE_LOOP('',(#661,#662,#663,#664,#665,#666));
#1878=EDGE_LOOP('',(#667,#668,#669,#670,#671,#672,#673,#674));
#1879=EDGE_LOOP('',(#675,#676,#677,#678));
#1880=EDGE_LOOP('',(#679,#680,#681,#682));
#1881=EDGE_LOOP('',(#683,#684,#685,#686));
#1882=EDGE_LOOP('',(#687,#688,#689,#690));
#1883=EDGE_LOOP('',(#691,#692,#693,#694));
#1884=EDGE_LOOP('',(#695,#696,#697,#698));
#1885=EDGE_LOOP('',(#699,#700,#701,#702));
#1886=EDGE_LOOP('',(#703,#704,#705,#706));
#1887=EDGE_LOOP('',(#707,#708,#709,#710,#711,#712));
#1888=EDGE_LOOP('',(#713,#714,#715,#716,#717,#718,#719,#720));
#1889=EDGE_LOOP('',(#721,#722,#723,#724));
#1890=EDGE_LOOP('',(#725,#726,#727,#728));
#1891=EDGE_LOOP('',(#729,#730,#731,#732));
#1892=EDGE_LOOP('',(#733,#734,#735,#736));
#1893=EDGE_LOOP('',(#737,#738,#739,#740));
#1894=EDGE_LOOP('',(#741,#742,#743,#744));
#1895=EDGE_LOOP('',(#745,#746,#747,#748));
#1896=EDGE_LOOP('',(#749,#750,#751,#752));
#1897=EDGE_LOOP('',(#753,#754,#755,#756));
#1898=EDGE_LOOP('',(#757,#758,#759,#760));
#1899=EDGE_LOOP('',(#761,#762,#763,#764));
#1900=EDGE_LOOP('',(#765,#766,#767,#768));
#1901=EDGE_LOOP('',(#769,#770,#771,#772));
#1902=EDGE_LOOP('',(#773,#774,#775,#776));
#1903=EDGE_LOOP('',(#777,#778,#779,#780));
#1904=EDGE_LOOP('',(#781,#782,#783,#784));
#1905=EDGE_LOOP('',(#785,#786,#787,#788));
#1906=EDGE_LOOP('',(#789,#790,#791,#792));
#1907=EDGE_LOOP('',(#793,#794,#795,#796));
#1908=EDGE_LOOP('',(#797,#798,#799,#800));
#1909=EDGE_LOOP('',(#801,#802,#803,#804));
#1910=EDGE_LOOP('',(#805,#806,#807,#808));
#1911=EDGE_LOOP('',(#809,#810,#811,#812));
#1912=EDGE_LOOP('',(#813,#814,#815,#816));
#1913=EDGE_LOOP('',(#817,#818,#819,#820));
#1914=EDGE_LOOP('',(#821,#822,#823,#824));
#1915=EDGE_LOOP('',(#825,#826,#827,#828));
#1916=EDGE_LOOP('',(#829,#830,#831,#832));
#1917=EDGE_LOOP('',(#833,#834,#835,#836));
#1918=EDGE_LOOP('',(#837,#838,#839,#840));
#1919=EDGE_LOOP('',(#841,#842,#843,#844));
#1920=EDGE_LOOP('',(#845,#846,#847,#848));
#1921=EDGE_LOOP('',(#849,#850,#851,#852));
#1922=EDGE_LOOP('',(#853,#854,#855,#856));
#1923=EDGE_LOOP('',(#857,#858,#859,#860,#861,#862,#863));
#1924=EDGE_LOOP('',(#864,#865,#866,#867));
#1925=EDGE_LOOP('',(#868,#869,#870,#871,#872,#873,#874));
#1926=EDGE_LOOP('',(#875,#876,#877,#878));
#1927=EDGE_LOOP('',(#879,#880,#881,#882));
#1928=EDGE_LOOP('',(#883,#884,#885,#886,#887,#888));
#1929=EDGE_LOOP('',(#889,#890,#891,#892,#893,#894));
#1930=EDGE_LOOP('',(#895,#896,#897,#898,#899,#900));
#1931=FACE_BOUND('',#1789,.T.);
#1932=FACE_BOUND('',#1790,.T.);
#1933=FACE_BOUND('',#1791,.T.);
#1934=FACE_BOUND('',#1792,.T.);
#1935=FACE_BOUND('',#1793,.T.);
#1936=FACE_BOUND('',#1794,.T.);
#1937=FACE_BOUND('',#1795,.T.);
#1938=FACE_BOUND('',#1796,.T.);
#1939=FACE_BOUND('',#1797,.T.);
#1940=FACE_BOUND('',#1798,.T.);
#1941=FACE_BOUND('',#1799,.T.);
#1942=FACE_BOUND('',#1800,.T.);
#1943=FACE_BOUND('',#1801,.T.);
#1944=FACE_BOUND('',#1802,.T.);
#1945=FACE_BOUND('',#1803,.T.);
#1946=FACE_BOUND('',#1804,.T.);
#1947=FACE_BOUND('',#1805,.T.);
#1948=FACE_BOUND('',#1806,.T.);
#1949=FACE_BOUND('',#1807,.T.);
#1950=FACE_BOUND('',#1808,.T.);
#1951=FACE_BOUND('',#1809,.T.);
#1952=FACE_BOUND('',#1810,.T.);
#1953=FACE_BOUND('',#1811,.T.);
#1954=FACE_BOUND('',#1812,.T.);
#1955=FACE_BOUND('',#1813,.T.);
#1956=FACE_BOUND('',#1814,.T.);
#1957=FACE_BOUND('',#1815,.T.);
#1958=FACE_BOUND('',#1816,.T.);
#1959=FACE_BOUND('',#1817,.T.);
#1960=FACE_BOUND('',#1818,.T.);
#1961=FACE_BOUND('',#1819,.T.);
#1962=FACE_BOUND('',#1820,.T.);
#1963=FACE_BOUND('',#1821,.T.);
#1964=FACE_BOUND('',#1822,.T.);
#1965=FACE_BOUND('',#1823,.T.);
#1966=FACE_BOUND('',#1824,.T.);
#1967=FACE_BOUND('',#1825,.T.);
#1968=FACE_BOUND('',#1826,.T.);
#1969=FACE_BOUND('',#1827,.T.);
#1970=FACE_BOUND('',#1828,.T.);
#1971=FACE_BOUND('',#1829,.T.);
#1972=FACE_BOUND('',#1830,.T.);
#1973=FACE_BOUND('',#1831,.T.);
#1974=FACE_BOUND('',#1832,.T.);
#1975=FACE_BOUND('',#1833,.T.);
#1976=FACE_BOUND('',#1834,.T.);
#1977=FACE_BOUND('',#1835,.T.);
#1978=FACE_BOUND('',#1836,.T.);
#1979=FACE_BOUND('',#1837,.T.);
#1980=FACE_BOUND('',#1838,.T.);
#1981=FACE_BOUND('',#1839,.T.);
#1982=FACE_BOUND('',#1840,.T.);
#1983=FACE_BOUND('',#1841,.T.);
#1984=FACE_BOUND('',#1842,.T.);
#1985=FACE_BOUND('',#1843,.T.);
#1986=FACE_BOUND('',#1844,.T.);
#1987=FACE_BOUND('',#1845,.T.);
#1988=FACE_BOUND('',#1846,.T.);
#1989=FACE_BOUND('',#1847,.T.);
#1990=FACE_BOUND('',#1848,.T.);
#1991=FACE_BOUND('',#1849,.T.);
#1992=FACE_BOUND('',#1850,.T.);
#1993=FACE_BOUND('',#1851,.T.);
#1994=FACE_BOUND('',#1852,.T.);
#1995=FACE_BOUND('',#1853,.T.);
#1996=FACE_BOUND('',#1854,.T.);
#1997=FACE_BOUND('',#1855,.T.);
#1998=FACE_BOUND('',#1856,.T.);
#1999=FACE_BOUND('',#1857,.T.);
#2000=FACE_BOUND('',#1858,.T.);
#2001=FACE_BOUND('',#1859,.T.);
#2002=FACE_BOUND('',#1860,.T.);
#2003=FACE_BOUND('',#1861,.T.);
#2004=FACE_BOUND('',#1862,.T.);
#2005=FACE_BOUND('',#1863,.T.);
#2006=FACE_BOUND('',#1864,.T.);
#2007=FACE_BOUND('',#1865,.T.);
#2008=FACE_BOUND('',#1866,.T.);
#2009=FACE_BOUND('',#1867,.T.);
#2010=FACE_BOUND('',#1868,.T.);
#2011=FACE_BOUND('',#1869,.T.);
#2012=FACE_BOUND('',#1870,.T.);
#2013=FACE_BOUND('',#1871,.T.);
#2014=FACE_BOUND('',#1872,.T.);
#2015=FACE_BOUND('',#1873,.T.);
#2016=FACE_BOUND('',#1874,.T.);
#2017=FACE_BOUND('',#1875,.T.);
#2018=FACE_BOUND('',#1876,.T.);
#2019=FACE_BOUND('',#1877,.T.);
#2020=FACE_BOUND('',#1878,.T.);
#2021=FACE_BOUND('',#1879,.T.);
#2022=FACE_BOUND('',#1880,.T.);
#2023=FACE_BOUND('',#1881,.T.);
#2024=FACE_BOUND('',#1882,.T.);
#2025=FACE_BOUND('',#1883,.T.);
#2026=FACE_BOUND('',#1884,.T.);
#2027=FACE_BOUND('',#1885,.T.);
#2028=FACE_BOUND('',#1886,.T.);
#2029=FACE_BOUND('',#1887,.T.);
#2030=FACE_BOUND('',#1888,.T.);
#2031=FACE_BOUND('',#1889,.T.);
#2032=FACE_BOUND('',#1890,.T.);
#2033=FACE_BOUND('',#1891,.T.);
#2034=FACE_BOUND('',#1892,.T.);
#2035=FACE_BOUND('',#1893,.T.);
#2036=FACE_BOUND('',#1894,.T.);
#2037=FACE_BOUND('',#1895,.T.);
#2038=FACE_BOUND('',#1896,.T.);
#2039=FACE_BOUND('',#1897,.T.);
#2040=FACE_BOUND('',#1898,.T.);
#2041=FACE_BOUND('',#1899,.T.);
#2042=FACE_BOUND('',#1900,.T.);
#2043=FACE_BOUND('',#1901,.T.);
#2044=FACE_BOUND('',#1902,.T.);
#2045=FACE_BOUND('',#1903,.T.);
#2046=FACE_BOUND('',#1904,.T.);
#2047=FACE_BOUND('',#1905,.T.);
#2048=FACE_BOUND('',#1906,.T.);
#2049=FACE_BOUND('',#1907,.T.);
#2050=FACE_BOUND('',#1908,.T.);
#2051=FACE_BOUND('',#1909,.T.);
#2052=FACE_BOUND('',#1910,.T.);
#2053=FACE_BOUND('',#1911,.T.);
#2054=FACE_BOUND('',#1912,.T.);
#2055=FACE_BOUND('',#1913,.T.);
#2056=FACE_BOUND('',#1914,.T.);
#2057=FACE_BOUND('',#1915,.T.);
#2058=FACE_BOUND('',#1916,.T.);
#2059=FACE_BOUND('',#1917,.T.);
#2060=FACE_BOUND('',#1918,.T.);
#2061=FACE_BOUND('',#1919,.T.);
#2062=FACE_BOUND('',#1920,.T.);
#2063=FACE_BOUND('',#1921,.T.);
#2064=FACE_BOUND('',#1922,.T.);
#2065=FACE_BOUND('',#1923,.T.);
#2066=FACE_BOUND('',#1924,.T.);
#2067=FACE_BOUND('',#1925,.T.);
#2068=FACE_BOUND('',#1926,.T.);
#2069=FACE_BOUND('',#1927,.T.);
#2070=FACE_BOUND('',#1928,.T.);
#2071=FACE_BOUND('',#1929,.T.);
#2072=FACE_BOUND('',#1930,.T.);
#2073=PLANE('',#3109);
#2074=PLANE('',#3112);
#2075=PLANE('',#3114);
#2076=PLANE('',#3131);
#2077=PLANE('',#3132);
#2078=PLANE('',#3133);
#2079=PLANE('',#3134);
#2080=PLANE('',#3135);
#2081=PLANE('',#3136);
#2082=PLANE('',#3139);
#2083=PLANE('',#3141);
#2084=PLANE('',#3158);
#2085=PLANE('',#3159);
#2086=PLANE('',#3160);
#2087=PLANE('',#3161);
#2088=PLANE('',#3162);
#2089=PLANE('',#3163);
#2090=PLANE('',#3166);
#2091=PLANE('',#3168);
#2092=PLANE('',#3185);
#2093=PLANE('',#3186);
#2094=PLANE('',#3187);
#2095=PLANE('',#3188);
#2096=PLANE('',#3189);
#2097=PLANE('',#3190);
#2098=PLANE('',#3193);
#2099=PLANE('',#3195);
#2100=PLANE('',#3197);
#2101=PLANE('',#3215);
#2102=PLANE('',#3216);
#2103=PLANE('',#3219);
#2104=PLANE('',#3220);
#2105=PLANE('',#3224);
#2106=PLANE('',#3226);
#2107=PLANE('',#3230);
#2108=PLANE('',#3233);
#2109=PLANE('',#3236);
#2110=PLANE('',#3239);
#2111=PLANE('',#3242);
#2112=PLANE('',#3247);
#2113=PLANE('',#3250);
#2114=PLANE('',#3253);
#2115=PLANE('',#3256);
#2116=PLANE('',#3259);
#2117=PLANE('',#3264);
#2118=PLANE('',#3267);
#2119=PLANE('',#3270);
#2120=PLANE('',#3273);
#2121=PLANE('',#3276);
#2122=PLANE('',#3281);
#2123=PLANE('',#3284);
#2124=PLANE('',#3287);
#2125=PLANE('',#3290);
#2126=PLANE('',#3293);
#2127=PLANE('',#3367);
#2128=PLANE('',#3368);
#2129=PLANE('',#3372);
#2130=PLANE('',#3373);
#2131=PLANE('',#3377);
#2132=OVER_RIDING_STYLED_ITEM('',(#2391),#2256,#2389);
#2133=OVER_RIDING_STYLED_ITEM('',(#2392),#2257,#2389);
#2134=OVER_RIDING_STYLED_ITEM('',(#2393),#2258,#2389);
#2135=OVER_RIDING_STYLED_ITEM('',(#2394),#2259,#2389);
#2136=OVER_RIDING_STYLED_ITEM('',(#2395),#2260,#2389);
#2137=OVER_RIDING_STYLED_ITEM('',(#2396),#2261,#2389);
#2138=OVER_RIDING_STYLED_ITEM('',(#2397),#2262,#2389);
#2139=OVER_RIDING_STYLED_ITEM('',(#2398),#2263,#2389);
#2140=OVER_RIDING_STYLED_ITEM('',(#2399),#2264,#2389);
#2141=OVER_RIDING_STYLED_ITEM('',(#2400),#2267,#2389);
#2142=OVER_RIDING_STYLED_ITEM('',(#2401),#2268,#2389);
#2143=OVER_RIDING_STYLED_ITEM('',(#2402),#2269,#2389);
#2144=OVER_RIDING_STYLED_ITEM('',(#2403),#2270,#2389);
#2145=OVER_RIDING_STYLED_ITEM('',(#2404),#2271,#2389);
#2146=OVER_RIDING_STYLED_ITEM('',(#2405),#2272,#2389);
#2147=OVER_RIDING_STYLED_ITEM('',(#2406),#2273,#2389);
#2148=OVER_RIDING_STYLED_ITEM('',(#2407),#2274,#2389);
#2149=OVER_RIDING_STYLED_ITEM('',(#2408),#2275,#2389);
#2150=OVER_RIDING_STYLED_ITEM('',(#2409),#2276,#2389);
#2151=OVER_RIDING_STYLED_ITEM('',(#2410),#2277,#2389);
#2152=OVER_RIDING_STYLED_ITEM('',(#2411),#2280,#2389);
#2153=OVER_RIDING_STYLED_ITEM('',(#2412),#2281,#2389);
#2154=OVER_RIDING_STYLED_ITEM('',(#2413),#2282,#2389);
#2155=OVER_RIDING_STYLED_ITEM('',(#2414),#2283,#2389);
#2156=OVER_RIDING_STYLED_ITEM('',(#2415),#2284,#2389);
#2157=OVER_RIDING_STYLED_ITEM('',(#2416),#2285,#2389);
#2158=OVER_RIDING_STYLED_ITEM('',(#2417),#2286,#2389);
#2159=OVER_RIDING_STYLED_ITEM('',(#2418),#2287,#2389);
#2160=OVER_RIDING_STYLED_ITEM('',(#2419),#2288,#2389);
#2161=OVER_RIDING_STYLED_ITEM('',(#2420),#2289,#2389);
#2162=OVER_RIDING_STYLED_ITEM('',(#2421),#2290,#2389);
#2163=OVER_RIDING_STYLED_ITEM('',(#2422),#2293,#2389);
#2164=OVER_RIDING_STYLED_ITEM('',(#2423),#2294,#2389);
#2165=OVER_RIDING_STYLED_ITEM('',(#2424),#2295,#2389);
#2166=OVER_RIDING_STYLED_ITEM('',(#2425),#2296,#2389);
#2167=OVER_RIDING_STYLED_ITEM('',(#2426),#2297,#2389);
#2168=OVER_RIDING_STYLED_ITEM('',(#2427),#2298,#2389);
#2169=OVER_RIDING_STYLED_ITEM('',(#2428),#2301,#2389);
#2170=OVER_RIDING_STYLED_ITEM('',(#2429),#2302,#2389);
#2171=OVER_RIDING_STYLED_ITEM('',(#2430),#2303,#2389);
#2172=OVER_RIDING_STYLED_ITEM('',(#2431),#2308,#2389);
#2173=OVER_RIDING_STYLED_ITEM('',(#2432),#2309,#2389);
#2174=OVER_RIDING_STYLED_ITEM('',(#2433),#2310,#2389);
#2175=OVER_RIDING_STYLED_ITEM('',(#2434),#2311,#2389);
#2176=OVER_RIDING_STYLED_ITEM('',(#2435),#2312,#2389);
#2177=OVER_RIDING_STYLED_ITEM('',(#2436),#2313,#2389);
#2178=OVER_RIDING_STYLED_ITEM('',(#2437),#2314,#2389);
#2179=OVER_RIDING_STYLED_ITEM('',(#2438),#2315,#2389);
#2180=OVER_RIDING_STYLED_ITEM('',(#2439),#2316,#2389);
#2181=OVER_RIDING_STYLED_ITEM('',(#2440),#2317,#2389);
#2182=OVER_RIDING_STYLED_ITEM('',(#2441),#2318,#2389);
#2183=OVER_RIDING_STYLED_ITEM('',(#2442),#2319,#2389);
#2184=OVER_RIDING_STYLED_ITEM('',(#2443),#2320,#2389);
#2185=OVER_RIDING_STYLED_ITEM('',(#2444),#2321,#2389);
#2186=OVER_RIDING_STYLED_ITEM('',(#2445),#2322,#2389);
#2187=OVER_RIDING_STYLED_ITEM('',(#2446),#2323,#2389);
#2188=OVER_RIDING_STYLED_ITEM('',(#2447),#2324,#2389);
#2189=OVER_RIDING_STYLED_ITEM('',(#2448),#2325,#2389);
#2190=OVER_RIDING_STYLED_ITEM('',(#2449),#2326,#2389);
#2191=OVER_RIDING_STYLED_ITEM('',(#2450),#2327,#2389);
#2192=OVER_RIDING_STYLED_ITEM('',(#2451),#2328,#2389);
#2193=OVER_RIDING_STYLED_ITEM('',(#2452),#2329,#2389);
#2194=OVER_RIDING_STYLED_ITEM('',(#2453),#2330,#2389);
#2195=OVER_RIDING_STYLED_ITEM('',(#2454),#2331,#2389);
#2196=OVER_RIDING_STYLED_ITEM('',(#2455),#2332,#2389);
#2197=OVER_RIDING_STYLED_ITEM('',(#2456),#2333,#2389);
#2198=OVER_RIDING_STYLED_ITEM('',(#2457),#2334,#2389);
#2199=OVER_RIDING_STYLED_ITEM('',(#2458),#2335,#2389);
#2200=OVER_RIDING_STYLED_ITEM('',(#2459),#2336,#2389);
#2201=OVER_RIDING_STYLED_ITEM('',(#2460),#2337,#2389);
#2202=OVER_RIDING_STYLED_ITEM('',(#2461),#2338,#2389);
#2203=OVER_RIDING_STYLED_ITEM('',(#2462),#2339,#2389);
#2204=OVER_RIDING_STYLED_ITEM('',(#2463),#2340,#2389);
#2205=OVER_RIDING_STYLED_ITEM('',(#2464),#2341,#2389);
#2206=OVER_RIDING_STYLED_ITEM('',(#2465),#2342,#2389);
#2207=OVER_RIDING_STYLED_ITEM('',(#2466),#2343,#2389);
#2208=OVER_RIDING_STYLED_ITEM('',(#2467),#2344,#2389);
#2209=OVER_RIDING_STYLED_ITEM('',(#2468),#2345,#2389);
#2210=OVER_RIDING_STYLED_ITEM('',(#2469),#2346,#2389);
#2211=OVER_RIDING_STYLED_ITEM('',(#2470),#2347,#2389);
#2212=OVER_RIDING_STYLED_ITEM('',(#2471),#2348,#2389);
#2213=OVER_RIDING_STYLED_ITEM('',(#2472),#2349,#2389);
#2214=OVER_RIDING_STYLED_ITEM('',(#2473),#2350,#2389);
#2215=OVER_RIDING_STYLED_ITEM('',(#2474),#2351,#2389);
#2216=OVER_RIDING_STYLED_ITEM('',(#2475),#2352,#2389);
#2217=OVER_RIDING_STYLED_ITEM('',(#2476),#2353,#2389);
#2218=OVER_RIDING_STYLED_ITEM('',(#2477),#2354,#2389);
#2219=OVER_RIDING_STYLED_ITEM('',(#2478),#2355,#2389);
#2220=OVER_RIDING_STYLED_ITEM('',(#2479),#2356,#2389);
#2221=OVER_RIDING_STYLED_ITEM('',(#2480),#2357,#2389);
#2222=OVER_RIDING_STYLED_ITEM('',(#2481),#2358,#2389);
#2223=OVER_RIDING_STYLED_ITEM('',(#2482),#2359,#2389);
#2224=OVER_RIDING_STYLED_ITEM('',(#2483),#2360,#2389);
#2225=OVER_RIDING_STYLED_ITEM('',(#2484),#2361,#2389);
#2226=OVER_RIDING_STYLED_ITEM('',(#2485),#2362,#2389);
#2227=OVER_RIDING_STYLED_ITEM('',(#2486),#2363,#2389);
#2228=OVER_RIDING_STYLED_ITEM('',(#2487),#2364,#2389);
#2229=OVER_RIDING_STYLED_ITEM('',(#2488),#2365,#2389);
#2230=OVER_RIDING_STYLED_ITEM('',(#2489),#2366,#2389);
#2231=OVER_RIDING_STYLED_ITEM('',(#2490),#2367,#2389);
#2232=OVER_RIDING_STYLED_ITEM('',(#2491),#2368,#2389);
#2233=OVER_RIDING_STYLED_ITEM('',(#2492),#2369,#2389);
#2234=OVER_RIDING_STYLED_ITEM('',(#2493),#2370,#2389);
#2235=OVER_RIDING_STYLED_ITEM('',(#2494),#2371,#2389);
#2236=OVER_RIDING_STYLED_ITEM('',(#2495),#2372,#2389);
#2237=OVER_RIDING_STYLED_ITEM('',(#2496),#2373,#2389);
#2238=OVER_RIDING_STYLED_ITEM('',(#2497),#2374,#2389);
#2239=OVER_RIDING_STYLED_ITEM('',(#2498),#2375,#2389);
#2240=OVER_RIDING_STYLED_ITEM('',(#2499),#2376,#2389);
#2241=OVER_RIDING_STYLED_ITEM('',(#2500),#2377,#2389);
#2242=OVER_RIDING_STYLED_ITEM('',(#2501),#2378,#2389);
#2243=OVER_RIDING_STYLED_ITEM('',(#2502),#2379,#2389);
#2244=OVER_RIDING_STYLED_ITEM('',(#2503),#2382,#2389);
#2245=OVER_RIDING_STYLED_ITEM('',(#2504),#2383,#2389);
#2246=OVER_RIDING_STYLED_ITEM('',(#2505),#2384,#2389);
#2247=OVER_RIDING_STYLED_ITEM('',(#2506),#2385,#2389);
#2248=OVER_RIDING_STYLED_ITEM('',(#2507),#2386,#2389);
#2249=OVER_RIDING_STYLED_ITEM('',(#2508),#2387,#2389);
#2250=COLOUR_RGB('',0.4,0.4,0.4);
#2251=COLOUR_RGB('',0.984313725490196,0.937254901960784,0.803921568627451);
#2252=COLOUR_RGB('',0.901960784313726,0.901960784313726,0.901960784313726);
#2253=COLOUR_RGB('',0.501960784313726,0.501960784313726,0.501960784313726);
#2254=COLOUR_RGB('',0.992156862745098,0.72156862745098,0.329411764705883);
#2255=COLOUR_RGB('',0.301960784313725,0.301960784313725,0.301960784313725);
#2256=ADVANCED_FACE('',(#1931),#2073,.T.);
#2257=ADVANCED_FACE('',(#1932),#2074,.T.);
#2258=ADVANCED_FACE('',(#1933),#2075,.F.);
#2259=ADVANCED_FACE('',(#1934),#73,.T.);
#2260=ADVANCED_FACE('',(#1935),#13,.F.);
#2261=ADVANCED_FACE('',(#1936),#74,.T.);
#2262=ADVANCED_FACE('',(#1937),#14,.T.);
#2263=ADVANCED_FACE('',(#1938),#15,.T.);
#2264=ADVANCED_FACE('',(#1939),#2076,.T.);
#2265=ADVANCED_FACE('',(#1940),#2077,.F.);
#2266=ADVANCED_FACE('',(#1941),#2078,.F.);
#2267=ADVANCED_FACE('',(#1942),#2079,.T.);
#2268=ADVANCED_FACE('',(#1943),#2080,.T.);
#2269=ADVANCED_FACE('',(#1944),#2081,.T.);
#2270=ADVANCED_FACE('',(#1945),#2082,.T.);
#2271=ADVANCED_FACE('',(#1946),#2083,.F.);
#2272=ADVANCED_FACE('',(#1947),#75,.T.);
#2273=ADVANCED_FACE('',(#1948),#16,.F.);
#2274=ADVANCED_FACE('',(#1949),#76,.T.);
#2275=ADVANCED_FACE('',(#1950),#17,.T.);
#2276=ADVANCED_FACE('',(#1951),#18,.T.);
#2277=ADVANCED_FACE('',(#1952),#2084,.T.);
#2278=ADVANCED_FACE('',(#1953),#2085,.F.);
#2279=ADVANCED_FACE('',(#1954),#2086,.F.);
#2280=ADVANCED_FACE('',(#1955),#2087,.T.);
#2281=ADVANCED_FACE('',(#1956),#2088,.T.);
#2282=ADVANCED_FACE('',(#1957),#2089,.T.);
#2283=ADVANCED_FACE('',(#1958),#2090,.T.);
#2284=ADVANCED_FACE('',(#1959),#2091,.F.);
#2285=ADVANCED_FACE('',(#1960),#77,.T.);
#2286=ADVANCED_FACE('',(#1961),#19,.F.);
#2287=ADVANCED_FACE('',(#1962),#78,.T.);
#2288=ADVANCED_FACE('',(#1963),#20,.T.);
#2289=ADVANCED_FACE('',(#1964),#21,.T.);
#2290=ADVANCED_FACE('',(#1965),#2092,.T.);
#2291=ADVANCED_FACE('',(#1966),#2093,.F.);
#2292=ADVANCED_FACE('',(#1967),#2094,.F.);
#2293=ADVANCED_FACE('',(#1968),#2095,.T.);
#2294=ADVANCED_FACE('',(#1969),#2096,.T.);
#2295=ADVANCED_FACE('',(#1970),#2097,.T.);
#2296=ADVANCED_FACE('',(#1971),#2098,.F.);
#2297=ADVANCED_FACE('',(#1972),#2099,.T.);
#2298=ADVANCED_FACE('',(#1973,#1974,#1975,#1976,#1977),#2100,.T.);
#2299=ADVANCED_FACE('',(#1978),#2101,.F.);
#2300=ADVANCED_FACE('',(#1979),#2102,.F.);
#2301=ADVANCED_FACE('',(#1980),#22,.F.);
#2302=ADVANCED_FACE('',(#1981),#2103,.T.);
#2303=ADVANCED_FACE('',(#1982),#12,.F.);
#2304=ADVANCED_FACE('',(#1983),#2104,.F.);
#2305=ADVANCED_FACE('',(#1984),#23,.T.);
#2306=ADVANCED_FACE('',(#1985),#2105,.T.);
#2307=ADVANCED_FACE('',(#1986),#2106,.F.);
#2308=ADVANCED_FACE('',(#1987,#1988),#79,.T.);
#2309=ADVANCED_FACE('',(#1989,#1990),#80,.T.);
#2310=ADVANCED_FACE('',(#1991),#2107,.T.);
#2311=ADVANCED_FACE('',(#1992),#24,.T.);
#2312=ADVANCED_FACE('',(#1993),#2108,.F.);
#2313=ADVANCED_FACE('',(#1994),#25,.T.);
#2314=ADVANCED_FACE('',(#1995),#2109,.F.);
#2315=ADVANCED_FACE('',(#1996),#26,.T.);
#2316=ADVANCED_FACE('',(#1997),#2110,.T.);
#2317=ADVANCED_FACE('',(#1998),#27,.T.);
#2318=ADVANCED_FACE('',(#1999,#2000),#2111,.T.);
#2319=ADVANCED_FACE('',(#2001),#2112,.T.);
#2320=ADVANCED_FACE('',(#2002),#28,.T.);
#2321=ADVANCED_FACE('',(#2003),#2113,.F.);
#2322=ADVANCED_FACE('',(#2004),#29,.T.);
#2323=ADVANCED_FACE('',(#2005),#2114,.F.);
#2324=ADVANCED_FACE('',(#2006),#30,.T.);
#2325=ADVANCED_FACE('',(#2007),#2115,.T.);
#2326=ADVANCED_FACE('',(#2008),#31,.T.);
#2327=ADVANCED_FACE('',(#2009,#2010),#2116,.T.);
#2328=ADVANCED_FACE('',(#2011),#2117,.T.);
#2329=ADVANCED_FACE('',(#2012),#32,.T.);
#2330=ADVANCED_FACE('',(#2013),#2118,.F.);
#2331=ADVANCED_FACE('',(#2014),#33,.T.);
#2332=ADVANCED_FACE('',(#2015),#2119,.F.);
#2333=ADVANCED_FACE('',(#2016),#34,.T.);
#2334=ADVANCED_FACE('',(#2017),#2120,.T.);
#2335=ADVANCED_FACE('',(#2018),#35,.T.);
#2336=ADVANCED_FACE('',(#2019,#2020),#2121,.T.);
#2337=ADVANCED_FACE('',(#2021),#2122,.T.);
#2338=ADVANCED_FACE('',(#2022),#36,.T.);
#2339=ADVANCED_FACE('',(#2023),#2123,.F.);
#2340=ADVANCED_FACE('',(#2024),#37,.T.);
#2341=ADVANCED_FACE('',(#2025),#2124,.F.);
#2342=ADVANCED_FACE('',(#2026),#38,.T.);
#2343=ADVANCED_FACE('',(#2027),#2125,.T.);
#2344=ADVANCED_FACE('',(#2028),#39,.T.);
#2345=ADVANCED_FACE('',(#2029,#2030),#2126,.T.);
#2346=ADVANCED_FACE('',(#2031),#81,.T.);
#2347=ADVANCED_FACE('',(#2032),#40,.T.);
#2348=ADVANCED_FACE('',(#2033),#41,.T.);
#2349=ADVANCED_FACE('',(#2034),#82,.T.);
#2350=ADVANCED_FACE('',(#2035),#83,.T.);
#2351=ADVANCED_FACE('',(#2036),#42,.T.);
#2352=ADVANCED_FACE('',(#2037),#43,.T.);
#2353=ADVANCED_FACE('',(#2038),#84,.T.);
#2354=ADVANCED_FACE('',(#2039),#85,.T.);
#2355=ADVANCED_FACE('',(#2040),#44,.T.);
#2356=ADVANCED_FACE('',(#2041),#45,.T.);
#2357=ADVANCED_FACE('',(#2042),#86,.T.);
#2358=ADVANCED_FACE('',(#2043),#87,.T.);
#2359=ADVANCED_FACE('',(#2044),#46,.T.);
#2360=ADVANCED_FACE('',(#2045),#47,.T.);
#2361=ADVANCED_FACE('',(#2046),#88,.T.);
#2362=ADVANCED_FACE('',(#2047),#89,.T.);
#2363=ADVANCED_FACE('',(#2048),#48,.T.);
#2364=ADVANCED_FACE('',(#2049),#49,.T.);
#2365=ADVANCED_FACE('',(#2050),#90,.T.);
#2366=ADVANCED_FACE('',(#2051),#91,.T.);
#2367=ADVANCED_FACE('',(#2052),#50,.T.);
#2368=ADVANCED_FACE('',(#2053),#51,.T.);
#2369=ADVANCED_FACE('',(#2054),#92,.T.);
#2370=ADVANCED_FACE('',(#2055),#93,.T.);
#2371=ADVANCED_FACE('',(#2056),#52,.T.);
#2372=ADVANCED_FACE('',(#2057),#53,.T.);
#2373=ADVANCED_FACE('',(#2058),#94,.T.);
#2374=ADVANCED_FACE('',(#2059),#95,.T.);
#2375=ADVANCED_FACE('',(#2060),#54,.T.);
#2376=ADVANCED_FACE('',(#2061),#55,.T.);
#2377=ADVANCED_FACE('',(#2062),#96,.T.);
#2378=ADVANCED_FACE('',(#2063),#56,.T.);
#2379=ADVANCED_FACE('',(#2064),#2127,.T.);
#2380=ADVANCED_FACE('',(#2065),#2128,.F.);
#2381=ADVANCED_FACE('',(#2066),#2129,.F.);
#2382=ADVANCED_FACE('',(#2067),#2130,.T.);
#2383=ADVANCED_FACE('',(#2068),#2131,.T.);
#2384=ADVANCED_FACE('',(#2069),#57,.F.);
#2385=ADVANCED_FACE('',(#2070),#97,.T.);
#2386=ADVANCED_FACE('',(#2071),#98,.T.);
#2387=ADVANCED_FACE('',(#2072),#58,.T.);
#2388=CLOSED_SHELL('',(#2256,#2257,#2258,#2259,#2260,#2261,#2262,#2263,
#2264,#2265,#2266,#2267,#2268,#2269,#2270,#2271,#2272,#2273,#2274,#2275,
#2276,#2277,#2278,#2279,#2280,#2281,#2282,#2283,#2284,#2285,#2286,#2287,
#2288,#2289,#2290,#2291,#2292,#2293,#2294,#2295,#2296,#2297,#2298,#2299,
#2300,#2301,#2302,#2303,#2304,#2305,#2306,#2307,#2308,#2309,#2310,#2311,
#2312,#2313,#2314,#2315,#2316,#2317,#2318,#2319,#2320,#2321,#2322,#2323,
#2324,#2325,#2326,#2327,#2328,#2329,#2330,#2331,#2332,#2333,#2334,#2335,
#2336,#2337,#2338,#2339,#2340,#2341,#2342,#2343,#2344,#2345,#2346,#2347,
#2348,#2349,#2350,#2351,#2352,#2353,#2354,#2355,#2356,#2357,#2358,#2359,
#2360,#2361,#2362,#2363,#2364,#2365,#2366,#2367,#2368,#2369,#2370,#2371,
#2372,#2373,#2374,#2375,#2376,#2377,#2378,#2379,#2380,#2381,#2382,#2383,
#2384,#2385,#2386,#2387));
#2389=STYLED_ITEM('',(#2390),#3105);
#2390=PRESENTATION_STYLE_ASSIGNMENT((#2509));
#2391=PRESENTATION_STYLE_ASSIGNMENT((#2510));
#2392=PRESENTATION_STYLE_ASSIGNMENT((#2511));
#2393=PRESENTATION_STYLE_ASSIGNMENT((#2512));
#2394=PRESENTATION_STYLE_ASSIGNMENT((#2513));
#2395=PRESENTATION_STYLE_ASSIGNMENT((#2514));
#2396=PRESENTATION_STYLE_ASSIGNMENT((#2515));
#2397=PRESENTATION_STYLE_ASSIGNMENT((#2516));
#2398=PRESENTATION_STYLE_ASSIGNMENT((#2517));
#2399=PRESENTATION_STYLE_ASSIGNMENT((#2518));
#2400=PRESENTATION_STYLE_ASSIGNMENT((#2519));
#2401=PRESENTATION_STYLE_ASSIGNMENT((#2520));
#2402=PRESENTATION_STYLE_ASSIGNMENT((#2521));
#2403=PRESENTATION_STYLE_ASSIGNMENT((#2522));
#2404=PRESENTATION_STYLE_ASSIGNMENT((#2523));
#2405=PRESENTATION_STYLE_ASSIGNMENT((#2524));
#2406=PRESENTATION_STYLE_ASSIGNMENT((#2525));
#2407=PRESENTATION_STYLE_ASSIGNMENT((#2526));
#2408=PRESENTATION_STYLE_ASSIGNMENT((#2527));
#2409=PRESENTATION_STYLE_ASSIGNMENT((#2528));
#2410=PRESENTATION_STYLE_ASSIGNMENT((#2529));
#2411=PRESENTATION_STYLE_ASSIGNMENT((#2530));
#2412=PRESENTATION_STYLE_ASSIGNMENT((#2531));
#2413=PRESENTATION_STYLE_ASSIGNMENT((#2532));
#2414=PRESENTATION_STYLE_ASSIGNMENT((#2533));
#2415=PRESENTATION_STYLE_ASSIGNMENT((#2534));
#2416=PRESENTATION_STYLE_ASSIGNMENT((#2535));
#2417=PRESENTATION_STYLE_ASSIGNMENT((#2536));
#2418=PRESENTATION_STYLE_ASSIGNMENT((#2537));
#2419=PRESENTATION_STYLE_ASSIGNMENT((#2538));
#2420=PRESENTATION_STYLE_ASSIGNMENT((#2539));
#2421=PRESENTATION_STYLE_ASSIGNMENT((#2540));
#2422=PRESENTATION_STYLE_ASSIGNMENT((#2541));
#2423=PRESENTATION_STYLE_ASSIGNMENT((#2542));
#2424=PRESENTATION_STYLE_ASSIGNMENT((#2543));
#2425=PRESENTATION_STYLE_ASSIGNMENT((#2544));
#2426=PRESENTATION_STYLE_ASSIGNMENT((#2545));
#2427=PRESENTATION_STYLE_ASSIGNMENT((#2546));
#2428=PRESENTATION_STYLE_ASSIGNMENT((#2547));
#2429=PRESENTATION_STYLE_ASSIGNMENT((#2548));
#2430=PRESENTATION_STYLE_ASSIGNMENT((#2549));
#2431=PRESENTATION_STYLE_ASSIGNMENT((#2550));
#2432=PRESENTATION_STYLE_ASSIGNMENT((#2551));
#2433=PRESENTATION_STYLE_ASSIGNMENT((#2552));
#2434=PRESENTATION_STYLE_ASSIGNMENT((#2553));
#2435=PRESENTATION_STYLE_ASSIGNMENT((#2554));
#2436=PRESENTATION_STYLE_ASSIGNMENT((#2555));
#2437=PRESENTATION_STYLE_ASSIGNMENT((#2556));
#2438=PRESENTATION_STYLE_ASSIGNMENT((#2557));
#2439=PRESENTATION_STYLE_ASSIGNMENT((#2558));
#2440=PRESENTATION_STYLE_ASSIGNMENT((#2559));
#2441=PRESENTATION_STYLE_ASSIGNMENT((#2560));
#2442=PRESENTATION_STYLE_ASSIGNMENT((#2561));
#2443=PRESENTATION_STYLE_ASSIGNMENT((#2562));
#2444=PRESENTATION_STYLE_ASSIGNMENT((#2563));
#2445=PRESENTATION_STYLE_ASSIGNMENT((#2564));
#2446=PRESENTATION_STYLE_ASSIGNMENT((#2565));
#2447=PRESENTATION_STYLE_ASSIGNMENT((#2566));
#2448=PRESENTATION_STYLE_ASSIGNMENT((#2567));
#2449=PRESENTATION_STYLE_ASSIGNMENT((#2568));
#2450=PRESENTATION_STYLE_ASSIGNMENT((#2569));
#2451=PRESENTATION_STYLE_ASSIGNMENT((#2570));
#2452=PRESENTATION_STYLE_ASSIGNMENT((#2571));
#2453=PRESENTATION_STYLE_ASSIGNMENT((#2572));
#2454=PRESENTATION_STYLE_ASSIGNMENT((#2573));
#2455=PRESENTATION_STYLE_ASSIGNMENT((#2574));
#2456=PRESENTATION_STYLE_ASSIGNMENT((#2575));
#2457=PRESENTATION_STYLE_ASSIGNMENT((#2576));
#2458=PRESENTATION_STYLE_ASSIGNMENT((#2577));
#2459=PRESENTATION_STYLE_ASSIGNMENT((#2578));
#2460=PRESENTATION_STYLE_ASSIGNMENT((#2579));
#2461=PRESENTATION_STYLE_ASSIGNMENT((#2580));
#2462=PRESENTATION_STYLE_ASSIGNMENT((#2581));
#2463=PRESENTATION_STYLE_ASSIGNMENT((#2582));
#2464=PRESENTATION_STYLE_ASSIGNMENT((#2583));
#2465=PRESENTATION_STYLE_ASSIGNMENT((#2584));
#2466=PRESENTATION_STYLE_ASSIGNMENT((#2585));
#2467=PRESENTATION_STYLE_ASSIGNMENT((#2586));
#2468=PRESENTATION_STYLE_ASSIGNMENT((#2587));
#2469=PRESENTATION_STYLE_ASSIGNMENT((#2588));
#2470=PRESENTATION_STYLE_ASSIGNMENT((#2589));
#2471=PRESENTATION_STYLE_ASSIGNMENT((#2590));
#2472=PRESENTATION_STYLE_ASSIGNMENT((#2591));
#2473=PRESENTATION_STYLE_ASSIGNMENT((#2592));
#2474=PRESENTATION_STYLE_ASSIGNMENT((#2593));
#2475=PRESENTATION_STYLE_ASSIGNMENT((#2594));
#2476=PRESENTATION_STYLE_ASSIGNMENT((#2595));
#2477=PRESENTATION_STYLE_ASSIGNMENT((#2596));
#2478=PRESENTATION_STYLE_ASSIGNMENT((#2597));
#2479=PRESENTATION_STYLE_ASSIGNMENT((#2598));
#2480=PRESENTATION_STYLE_ASSIGNMENT((#2599));
#2481=PRESENTATION_STYLE_ASSIGNMENT((#2600));
#2482=PRESENTATION_STYLE_ASSIGNMENT((#2601));
#2483=PRESENTATION_STYLE_ASSIGNMENT((#2602));
#2484=PRESENTATION_STYLE_ASSIGNMENT((#2603));
#2485=PRESENTATION_STYLE_ASSIGNMENT((#2604));
#2486=PRESENTATION_STYLE_ASSIGNMENT((#2605));
#2487=PRESENTATION_STYLE_ASSIGNMENT((#2606));
#2488=PRESENTATION_STYLE_ASSIGNMENT((#2607));
#2489=PRESENTATION_STYLE_ASSIGNMENT((#2608));
#2490=PRESENTATION_STYLE_ASSIGNMENT((#2609));
#2491=PRESENTATION_STYLE_ASSIGNMENT((#2610));
#2492=PRESENTATION_STYLE_ASSIGNMENT((#2611));
#2493=PRESENTATION_STYLE_ASSIGNMENT((#2612));
#2494=PRESENTATION_STYLE_ASSIGNMENT((#2613));
#2495=PRESENTATION_STYLE_ASSIGNMENT((#2614));
#2496=PRESENTATION_STYLE_ASSIGNMENT((#2615));
#2497=PRESENTATION_STYLE_ASSIGNMENT((#2616));
#2498=PRESENTATION_STYLE_ASSIGNMENT((#2617));
#2499=PRESENTATION_STYLE_ASSIGNMENT((#2618));
#2500=PRESENTATION_STYLE_ASSIGNMENT((#2619));
#2501=PRESENTATION_STYLE_ASSIGNMENT((#2620));
#2502=PRESENTATION_STYLE_ASSIGNMENT((#2621));
#2503=PRESENTATION_STYLE_ASSIGNMENT((#2622));
#2504=PRESENTATION_STYLE_ASSIGNMENT((#2623));
#2505=PRESENTATION_STYLE_ASSIGNMENT((#2624));
#2506=PRESENTATION_STYLE_ASSIGNMENT((#2625));
#2507=PRESENTATION_STYLE_ASSIGNMENT((#2626));
#2508=PRESENTATION_STYLE_ASSIGNMENT((#2627));
#2509=SURFACE_STYLE_USAGE(.BOTH.,#2628);
#2510=SURFACE_STYLE_USAGE(.BOTH.,#2629);
#2511=SURFACE_STYLE_USAGE(.BOTH.,#2630);
#2512=SURFACE_STYLE_USAGE(.BOTH.,#2631);
#2513=SURFACE_STYLE_USAGE(.BOTH.,#2632);
#2514=SURFACE_STYLE_USAGE(.BOTH.,#2633);
#2515=SURFACE_STYLE_USAGE(.BOTH.,#2634);
#2516=SURFACE_STYLE_USAGE(.BOTH.,#2635);
#2517=SURFACE_STYLE_USAGE(.BOTH.,#2636);
#2518=SURFACE_STYLE_USAGE(.BOTH.,#2637);
#2519=SURFACE_STYLE_USAGE(.BOTH.,#2638);
#2520=SURFACE_STYLE_USAGE(.BOTH.,#2639);
#2521=SURFACE_STYLE_USAGE(.BOTH.,#2640);
#2522=SURFACE_STYLE_USAGE(.BOTH.,#2641);
#2523=SURFACE_STYLE_USAGE(.BOTH.,#2642);
#2524=SURFACE_STYLE_USAGE(.BOTH.,#2643);
#2525=SURFACE_STYLE_USAGE(.BOTH.,#2644);
#2526=SURFACE_STYLE_USAGE(.BOTH.,#2645);
#2527=SURFACE_STYLE_USAGE(.BOTH.,#2646);
#2528=SURFACE_STYLE_USAGE(.BOTH.,#2647);
#2529=SURFACE_STYLE_USAGE(.BOTH.,#2648);
#2530=SURFACE_STYLE_USAGE(.BOTH.,#2649);
#2531=SURFACE_STYLE_USAGE(.BOTH.,#2650);
#2532=SURFACE_STYLE_USAGE(.BOTH.,#2651);
#2533=SURFACE_STYLE_USAGE(.BOTH.,#2652);
#2534=SURFACE_STYLE_USAGE(.BOTH.,#2653);
#2535=SURFACE_STYLE_USAGE(.BOTH.,#2654);
#2536=SURFACE_STYLE_USAGE(.BOTH.,#2655);
#2537=SURFACE_STYLE_USAGE(.BOTH.,#2656);
#2538=SURFACE_STYLE_USAGE(.BOTH.,#2657);
#2539=SURFACE_STYLE_USAGE(.BOTH.,#2658);
#2540=SURFACE_STYLE_USAGE(.BOTH.,#2659);
#2541=SURFACE_STYLE_USAGE(.BOTH.,#2660);
#2542=SURFACE_STYLE_USAGE(.BOTH.,#2661);
#2543=SURFACE_STYLE_USAGE(.BOTH.,#2662);
#2544=SURFACE_STYLE_USAGE(.BOTH.,#2663);
#2545=SURFACE_STYLE_USAGE(.BOTH.,#2664);
#2546=SURFACE_STYLE_USAGE(.BOTH.,#2665);
#2547=SURFACE_STYLE_USAGE(.BOTH.,#2666);
#2548=SURFACE_STYLE_USAGE(.BOTH.,#2667);
#2549=SURFACE_STYLE_USAGE(.BOTH.,#2668);
#2550=SURFACE_STYLE_USAGE(.BOTH.,#2669);
#2551=SURFACE_STYLE_USAGE(.BOTH.,#2670);
#2552=SURFACE_STYLE_USAGE(.BOTH.,#2671);
#2553=SURFACE_STYLE_USAGE(.BOTH.,#2672);
#2554=SURFACE_STYLE_USAGE(.BOTH.,#2673);
#2555=SURFACE_STYLE_USAGE(.BOTH.,#2674);
#2556=SURFACE_STYLE_USAGE(.BOTH.,#2675);
#2557=SURFACE_STYLE_USAGE(.BOTH.,#2676);
#2558=SURFACE_STYLE_USAGE(.BOTH.,#2677);
#2559=SURFACE_STYLE_USAGE(.BOTH.,#2678);
#2560=SURFACE_STYLE_USAGE(.BOTH.,#2679);
#2561=SURFACE_STYLE_USAGE(.BOTH.,#2680);
#2562=SURFACE_STYLE_USAGE(.BOTH.,#2681);
#2563=SURFACE_STYLE_USAGE(.BOTH.,#2682);
#2564=SURFACE_STYLE_USAGE(.BOTH.,#2683);
#2565=SURFACE_STYLE_USAGE(.BOTH.,#2684);
#2566=SURFACE_STYLE_USAGE(.BOTH.,#2685);
#2567=SURFACE_STYLE_USAGE(.BOTH.,#2686);
#2568=SURFACE_STYLE_USAGE(.BOTH.,#2687);
#2569=SURFACE_STYLE_USAGE(.BOTH.,#2688);
#2570=SURFACE_STYLE_USAGE(.BOTH.,#2689);
#2571=SURFACE_STYLE_USAGE(.BOTH.,#2690);
#2572=SURFACE_STYLE_USAGE(.BOTH.,#2691);
#2573=SURFACE_STYLE_USAGE(.BOTH.,#2692);
#2574=SURFACE_STYLE_USAGE(.BOTH.,#2693);
#2575=SURFACE_STYLE_USAGE(.BOTH.,#2694);
#2576=SURFACE_STYLE_USAGE(.BOTH.,#2695);
#2577=SURFACE_STYLE_USAGE(.BOTH.,#2696);
#2578=SURFACE_STYLE_USAGE(.BOTH.,#2697);
#2579=SURFACE_STYLE_USAGE(.BOTH.,#2698);
#2580=SURFACE_STYLE_USAGE(.BOTH.,#2699);
#2581=SURFACE_STYLE_USAGE(.BOTH.,#2700);
#2582=SURFACE_STYLE_USAGE(.BOTH.,#2701);
#2583=SURFACE_STYLE_USAGE(.BOTH.,#2702);
#2584=SURFACE_STYLE_USAGE(.BOTH.,#2703);
#2585=SURFACE_STYLE_USAGE(.BOTH.,#2704);
#2586=SURFACE_STYLE_USAGE(.BOTH.,#2705);
#2587=SURFACE_STYLE_USAGE(.BOTH.,#2706);
#2588=SURFACE_STYLE_USAGE(.BOTH.,#2707);
#2589=SURFACE_STYLE_USAGE(.BOTH.,#2708);
#2590=SURFACE_STYLE_USAGE(.BOTH.,#2709);
#2591=SURFACE_STYLE_USAGE(.BOTH.,#2710);
#2592=SURFACE_STYLE_USAGE(.BOTH.,#2711);
#2593=SURFACE_STYLE_USAGE(.BOTH.,#2712);
#2594=SURFACE_STYLE_USAGE(.BOTH.,#2713);
#2595=SURFACE_STYLE_USAGE(.BOTH.,#2714);
#2596=SURFACE_STYLE_USAGE(.BOTH.,#2715);
#2597=SURFACE_STYLE_USAGE(.BOTH.,#2716);
#2598=SURFACE_STYLE_USAGE(.BOTH.,#2717);
#2599=SURFACE_STYLE_USAGE(.BOTH.,#2718);
#2600=SURFACE_STYLE_USAGE(.BOTH.,#2719);
#2601=SURFACE_STYLE_USAGE(.BOTH.,#2720);
#2602=SURFACE_STYLE_USAGE(.BOTH.,#2721);
#2603=SURFACE_STYLE_USAGE(.BOTH.,#2722);
#2604=SURFACE_STYLE_USAGE(.BOTH.,#2723);
#2605=SURFACE_STYLE_USAGE(.BOTH.,#2724);
#2606=SURFACE_STYLE_USAGE(.BOTH.,#2725);
#2607=SURFACE_STYLE_USAGE(.BOTH.,#2726);
#2608=SURFACE_STYLE_USAGE(.BOTH.,#2727);
#2609=SURFACE_STYLE_USAGE(.BOTH.,#2728);
#2610=SURFACE_STYLE_USAGE(.BOTH.,#2729);
#2611=SURFACE_STYLE_USAGE(.BOTH.,#2730);
#2612=SURFACE_STYLE_USAGE(.BOTH.,#2731);
#2613=SURFACE_STYLE_USAGE(.BOTH.,#2732);
#2614=SURFACE_STYLE_USAGE(.BOTH.,#2733);
#2615=SURFACE_STYLE_USAGE(.BOTH.,#2734);
#2616=SURFACE_STYLE_USAGE(.BOTH.,#2735);
#2617=SURFACE_STYLE_USAGE(.BOTH.,#2736);
#2618=SURFACE_STYLE_USAGE(.BOTH.,#2737);
#2619=SURFACE_STYLE_USAGE(.BOTH.,#2738);
#2620=SURFACE_STYLE_USAGE(.BOTH.,#2739);
#2621=SURFACE_STYLE_USAGE(.BOTH.,#2740);
#2622=SURFACE_STYLE_USAGE(.BOTH.,#2741);
#2623=SURFACE_STYLE_USAGE(.BOTH.,#2742);
#2624=SURFACE_STYLE_USAGE(.BOTH.,#2743);
#2625=SURFACE_STYLE_USAGE(.BOTH.,#2744);
#2626=SURFACE_STYLE_USAGE(.BOTH.,#2745);
#2627=SURFACE_STYLE_USAGE(.BOTH.,#2746);
#2628=SURFACE_SIDE_STYLE('',(#2747));
#2629=SURFACE_SIDE_STYLE('',(#2748));
#2630=SURFACE_SIDE_STYLE('',(#2749));
#2631=SURFACE_SIDE_STYLE('',(#2750));
#2632=SURFACE_SIDE_STYLE('',(#2751));
#2633=SURFACE_SIDE_STYLE('',(#2752));
#2634=SURFACE_SIDE_STYLE('',(#2753));
#2635=SURFACE_SIDE_STYLE('',(#2754));
#2636=SURFACE_SIDE_STYLE('',(#2755));
#2637=SURFACE_SIDE_STYLE('',(#2756));
#2638=SURFACE_SIDE_STYLE('',(#2757));
#2639=SURFACE_SIDE_STYLE('',(#2758));
#2640=SURFACE_SIDE_STYLE('',(#2759));
#2641=SURFACE_SIDE_STYLE('',(#2760));
#2642=SURFACE_SIDE_STYLE('',(#2761));
#2643=SURFACE_SIDE_STYLE('',(#2762));
#2644=SURFACE_SIDE_STYLE('',(#2763));
#2645=SURFACE_SIDE_STYLE('',(#2764));
#2646=SURFACE_SIDE_STYLE('',(#2765));
#2647=SURFACE_SIDE_STYLE('',(#2766));
#2648=SURFACE_SIDE_STYLE('',(#2767));
#2649=SURFACE_SIDE_STYLE('',(#2768));
#2650=SURFACE_SIDE_STYLE('',(#2769));
#2651=SURFACE_SIDE_STYLE('',(#2770));
#2652=SURFACE_SIDE_STYLE('',(#2771));
#2653=SURFACE_SIDE_STYLE('',(#2772));
#2654=SURFACE_SIDE_STYLE('',(#2773));
#2655=SURFACE_SIDE_STYLE('',(#2774));
#2656=SURFACE_SIDE_STYLE('',(#2775));
#2657=SURFACE_SIDE_STYLE('',(#2776));
#2658=SURFACE_SIDE_STYLE('',(#2777));
#2659=SURFACE_SIDE_STYLE('',(#2778));
#2660=SURFACE_SIDE_STYLE('',(#2779));
#2661=SURFACE_SIDE_STYLE('',(#2780));
#2662=SURFACE_SIDE_STYLE('',(#2781));
#2663=SURFACE_SIDE_STYLE('',(#2782));
#2664=SURFACE_SIDE_STYLE('',(#2783));
#2665=SURFACE_SIDE_STYLE('',(#2784));
#2666=SURFACE_SIDE_STYLE('',(#2785));
#2667=SURFACE_SIDE_STYLE('',(#2786));
#2668=SURFACE_SIDE_STYLE('',(#2787));
#2669=SURFACE_SIDE_STYLE('',(#2788));
#2670=SURFACE_SIDE_STYLE('',(#2789));
#2671=SURFACE_SIDE_STYLE('',(#2790));
#2672=SURFACE_SIDE_STYLE('',(#2791));
#2673=SURFACE_SIDE_STYLE('',(#2792));
#2674=SURFACE_SIDE_STYLE('',(#2793));
#2675=SURFACE_SIDE_STYLE('',(#2794));
#2676=SURFACE_SIDE_STYLE('',(#2795));
#2677=SURFACE_SIDE_STYLE('',(#2796));
#2678=SURFACE_SIDE_STYLE('',(#2797));
#2679=SURFACE_SIDE_STYLE('',(#2798));
#2680=SURFACE_SIDE_STYLE('',(#2799));
#2681=SURFACE_SIDE_STYLE('',(#2800));
#2682=SURFACE_SIDE_STYLE('',(#2801));
#2683=SURFACE_SIDE_STYLE('',(#2802));
#2684=SURFACE_SIDE_STYLE('',(#2803));
#2685=SURFACE_SIDE_STYLE('',(#2804));
#2686=SURFACE_SIDE_STYLE('',(#2805));
#2687=SURFACE_SIDE_STYLE('',(#2806));
#2688=SURFACE_SIDE_STYLE('',(#2807));
#2689=SURFACE_SIDE_STYLE('',(#2808));
#2690=SURFACE_SIDE_STYLE('',(#2809));
#2691=SURFACE_SIDE_STYLE('',(#2810));
#2692=SURFACE_SIDE_STYLE('',(#2811));
#2693=SURFACE_SIDE_STYLE('',(#2812));
#2694=SURFACE_SIDE_STYLE('',(#2813));
#2695=SURFACE_SIDE_STYLE('',(#2814));
#2696=SURFACE_SIDE_STYLE('',(#2815));
#2697=SURFACE_SIDE_STYLE('',(#2816));
#2698=SURFACE_SIDE_STYLE('',(#2817));
#2699=SURFACE_SIDE_STYLE('',(#2818));
#2700=SURFACE_SIDE_STYLE('',(#2819));
#2701=SURFACE_SIDE_STYLE('',(#2820));
#2702=SURFACE_SIDE_STYLE('',(#2821));
#2703=SURFACE_SIDE_STYLE('',(#2822));
#2704=SURFACE_SIDE_STYLE('',(#2823));
#2705=SURFACE_SIDE_STYLE('',(#2824));
#2706=SURFACE_SIDE_STYLE('',(#2825));
#2707=SURFACE_SIDE_STYLE('',(#2826));
#2708=SURFACE_SIDE_STYLE('',(#2827));
#2709=SURFACE_SIDE_STYLE('',(#2828));
#2710=SURFACE_SIDE_STYLE('',(#2829));
#2711=SURFACE_SIDE_STYLE('',(#2830));
#2712=SURFACE_SIDE_STYLE('',(#2831));
#2713=SURFACE_SIDE_STYLE('',(#2832));
#2714=SURFACE_SIDE_STYLE('',(#2833));
#2715=SURFACE_SIDE_STYLE('',(#2834));
#2716=SURFACE_SIDE_STYLE('',(#2835));
#2717=SURFACE_SIDE_STYLE('',(#2836));
#2718=SURFACE_SIDE_STYLE('',(#2837));
#2719=SURFACE_SIDE_STYLE('',(#2838));
#2720=SURFACE_SIDE_STYLE('',(#2839));
#2721=SURFACE_SIDE_STYLE('',(#2840));
#2722=SURFACE_SIDE_STYLE('',(#2841));
#2723=SURFACE_SIDE_STYLE('',(#2842));
#2724=SURFACE_SIDE_STYLE('',(#2843));
#2725=SURFACE_SIDE_STYLE('',(#2844));
#2726=SURFACE_SIDE_STYLE('',(#2845));
#2727=SURFACE_SIDE_STYLE('',(#2846));
#2728=SURFACE_SIDE_STYLE('',(#2847));
#2729=SURFACE_SIDE_STYLE('',(#2848));
#2730=SURFACE_SIDE_STYLE('',(#2849));
#2731=SURFACE_SIDE_STYLE('',(#2850));
#2732=SURFACE_SIDE_STYLE('',(#2851));
#2733=SURFACE_SIDE_STYLE('',(#2852));
#2734=SURFACE_SIDE_STYLE('',(#2853));
#2735=SURFACE_SIDE_STYLE('',(#2854));
#2736=SURFACE_SIDE_STYLE('',(#2855));
#2737=SURFACE_SIDE_STYLE('',(#2856));
#2738=SURFACE_SIDE_STYLE('',(#2857));
#2739=SURFACE_SIDE_STYLE('',(#2858));
#2740=SURFACE_SIDE_STYLE('',(#2859));
#2741=SURFACE_SIDE_STYLE('',(#2860));
#2742=SURFACE_SIDE_STYLE('',(#2861));
#2743=SURFACE_SIDE_STYLE('',(#2862));
#2744=SURFACE_SIDE_STYLE('',(#2863));
#2745=SURFACE_SIDE_STYLE('',(#2864));
#2746=SURFACE_SIDE_STYLE('',(#2865));
#2747=SURFACE_STYLE_FILL_AREA(#2866);
#2748=SURFACE_STYLE_FILL_AREA(#2867);
#2749=SURFACE_STYLE_FILL_AREA(#2868);
#2750=SURFACE_STYLE_FILL_AREA(#2869);
#2751=SURFACE_STYLE_FILL_AREA(#2870);
#2752=SURFACE_STYLE_FILL_AREA(#2871);
#2753=SURFACE_STYLE_FILL_AREA(#2872);
#2754=SURFACE_STYLE_FILL_AREA(#2873);
#2755=SURFACE_STYLE_FILL_AREA(#2874);
#2756=SURFACE_STYLE_FILL_AREA(#2875);
#2757=SURFACE_STYLE_FILL_AREA(#2876);
#2758=SURFACE_STYLE_FILL_AREA(#2877);
#2759=SURFACE_STYLE_FILL_AREA(#2878);
#2760=SURFACE_STYLE_FILL_AREA(#2879);
#2761=SURFACE_STYLE_FILL_AREA(#2880);
#2762=SURFACE_STYLE_FILL_AREA(#2881);
#2763=SURFACE_STYLE_FILL_AREA(#2882);
#2764=SURFACE_STYLE_FILL_AREA(#2883);
#2765=SURFACE_STYLE_FILL_AREA(#2884);
#2766=SURFACE_STYLE_FILL_AREA(#2885);
#2767=SURFACE_STYLE_FILL_AREA(#2886);
#2768=SURFACE_STYLE_FILL_AREA(#2887);
#2769=SURFACE_STYLE_FILL_AREA(#2888);
#2770=SURFACE_STYLE_FILL_AREA(#2889);
#2771=SURFACE_STYLE_FILL_AREA(#2890);
#2772=SURFACE_STYLE_FILL_AREA(#2891);
#2773=SURFACE_STYLE_FILL_AREA(#2892);
#2774=SURFACE_STYLE_FILL_AREA(#2893);
#2775=SURFACE_STYLE_FILL_AREA(#2894);
#2776=SURFACE_STYLE_FILL_AREA(#2895);
#2777=SURFACE_STYLE_FILL_AREA(#2896);
#2778=SURFACE_STYLE_FILL_AREA(#2897);
#2779=SURFACE_STYLE_FILL_AREA(#2898);
#2780=SURFACE_STYLE_FILL_AREA(#2899);
#2781=SURFACE_STYLE_FILL_AREA(#2900);
#2782=SURFACE_STYLE_FILL_AREA(#2901);
#2783=SURFACE_STYLE_FILL_AREA(#2902);
#2784=SURFACE_STYLE_FILL_AREA(#2903);
#2785=SURFACE_STYLE_FILL_AREA(#2904);
#2786=SURFACE_STYLE_FILL_AREA(#2905);
#2787=SURFACE_STYLE_FILL_AREA(#2906);
#2788=SURFACE_STYLE_FILL_AREA(#2907);
#2789=SURFACE_STYLE_FILL_AREA(#2908);
#2790=SURFACE_STYLE_FILL_AREA(#2909);
#2791=SURFACE_STYLE_FILL_AREA(#2910);
#2792=SURFACE_STYLE_FILL_AREA(#2911);
#2793=SURFACE_STYLE_FILL_AREA(#2912);
#2794=SURFACE_STYLE_FILL_AREA(#2913);
#2795=SURFACE_STYLE_FILL_AREA(#2914);
#2796=SURFACE_STYLE_FILL_AREA(#2915);
#2797=SURFACE_STYLE_FILL_AREA(#2916);
#2798=SURFACE_STYLE_FILL_AREA(#2917);
#2799=SURFACE_STYLE_FILL_AREA(#2918);
#2800=SURFACE_STYLE_FILL_AREA(#2919);
#2801=SURFACE_STYLE_FILL_AREA(#2920);
#2802=SURFACE_STYLE_FILL_AREA(#2921);
#2803=SURFACE_STYLE_FILL_AREA(#2922);
#2804=SURFACE_STYLE_FILL_AREA(#2923);
#2805=SURFACE_STYLE_FILL_AREA(#2924);
#2806=SURFACE_STYLE_FILL_AREA(#2925);
#2807=SURFACE_STYLE_FILL_AREA(#2926);
#2808=SURFACE_STYLE_FILL_AREA(#2927);
#2809=SURFACE_STYLE_FILL_AREA(#2928);
#2810=SURFACE_STYLE_FILL_AREA(#2929);
#2811=SURFACE_STYLE_FILL_AREA(#2930);
#2812=SURFACE_STYLE_FILL_AREA(#2931);
#2813=SURFACE_STYLE_FILL_AREA(#2932);
#2814=SURFACE_STYLE_FILL_AREA(#2933);
#2815=SURFACE_STYLE_FILL_AREA(#2934);
#2816=SURFACE_STYLE_FILL_AREA(#2935);
#2817=SURFACE_STYLE_FILL_AREA(#2936);
#2818=SURFACE_STYLE_FILL_AREA(#2937);
#2819=SURFACE_STYLE_FILL_AREA(#2938);
#2820=SURFACE_STYLE_FILL_AREA(#2939);
#2821=SURFACE_STYLE_FILL_AREA(#2940);
#2822=SURFACE_STYLE_FILL_AREA(#2941);
#2823=SURFACE_STYLE_FILL_AREA(#2942);
#2824=SURFACE_STYLE_FILL_AREA(#2943);
#2825=SURFACE_STYLE_FILL_AREA(#2944);
#2826=SURFACE_STYLE_FILL_AREA(#2945);
#2827=SURFACE_STYLE_FILL_AREA(#2946);
#2828=SURFACE_STYLE_FILL_AREA(#2947);
#2829=SURFACE_STYLE_FILL_AREA(#2948);
#2830=SURFACE_STYLE_FILL_AREA(#2949);
#2831=SURFACE_STYLE_FILL_AREA(#2950);
#2832=SURFACE_STYLE_FILL_AREA(#2951);
#2833=SURFACE_STYLE_FILL_AREA(#2952);
#2834=SURFACE_STYLE_FILL_AREA(#2953);
#2835=SURFACE_STYLE_FILL_AREA(#2954);
#2836=SURFACE_STYLE_FILL_AREA(#2955);
#2837=SURFACE_STYLE_FILL_AREA(#2956);
#2838=SURFACE_STYLE_FILL_AREA(#2957);
#2839=SURFACE_STYLE_FILL_AREA(#2958);
#2840=SURFACE_STYLE_FILL_AREA(#2959);
#2841=SURFACE_STYLE_FILL_AREA(#2960);
#2842=SURFACE_STYLE_FILL_AREA(#2961);
#2843=SURFACE_STYLE_FILL_AREA(#2962);
#2844=SURFACE_STYLE_FILL_AREA(#2963);
#2845=SURFACE_STYLE_FILL_AREA(#2964);
#2846=SURFACE_STYLE_FILL_AREA(#2965);
#2847=SURFACE_STYLE_FILL_AREA(#2966);
#2848=SURFACE_STYLE_FILL_AREA(#2967);
#2849=SURFACE_STYLE_FILL_AREA(#2968);
#2850=SURFACE_STYLE_FILL_AREA(#2969);
#2851=SURFACE_STYLE_FILL_AREA(#2970);
#2852=SURFACE_STYLE_FILL_AREA(#2971);
#2853=SURFACE_STYLE_FILL_AREA(#2972);
#2854=SURFACE_STYLE_FILL_AREA(#2973);
#2855=SURFACE_STYLE_FILL_AREA(#2974);
#2856=SURFACE_STYLE_FILL_AREA(#2975);
#2857=SURFACE_STYLE_FILL_AREA(#2976);
#2858=SURFACE_STYLE_FILL_AREA(#2977);
#2859=SURFACE_STYLE_FILL_AREA(#2978);
#2860=SURFACE_STYLE_FILL_AREA(#2979);
#2861=SURFACE_STYLE_FILL_AREA(#2980);
#2862=SURFACE_STYLE_FILL_AREA(#2981);
#2863=SURFACE_STYLE_FILL_AREA(#2982);
#2864=SURFACE_STYLE_FILL_AREA(#2983);
#2865=SURFACE_STYLE_FILL_AREA(#2984);
#2866=FILL_AREA_STYLE('',(#2985));
#2867=FILL_AREA_STYLE('',(#2986));
#2868=FILL_AREA_STYLE('',(#2987));
#2869=FILL_AREA_STYLE('',(#2988));
#2870=FILL_AREA_STYLE('',(#2989));
#2871=FILL_AREA_STYLE('',(#2990));
#2872=FILL_AREA_STYLE('',(#2991));
#2873=FILL_AREA_STYLE('',(#2992));
#2874=FILL_AREA_STYLE('',(#2993));
#2875=FILL_AREA_STYLE('',(#2994));
#2876=FILL_AREA_STYLE('',(#2995));
#2877=FILL_AREA_STYLE('',(#2996));
#2878=FILL_AREA_STYLE('',(#2997));
#2879=FILL_AREA_STYLE('',(#2998));
#2880=FILL_AREA_STYLE('',(#2999));
#2881=FILL_AREA_STYLE('',(#3000));
#2882=FILL_AREA_STYLE('',(#3001));
#2883=FILL_AREA_STYLE('',(#3002));
#2884=FILL_AREA_STYLE('',(#3003));
#2885=FILL_AREA_STYLE('',(#3004));
#2886=FILL_AREA_STYLE('',(#3005));
#2887=FILL_AREA_STYLE('',(#3006));
#2888=FILL_AREA_STYLE('',(#3007));
#2889=FILL_AREA_STYLE('',(#3008));
#2890=FILL_AREA_STYLE('',(#3009));
#2891=FILL_AREA_STYLE('',(#3010));
#2892=FILL_AREA_STYLE('',(#3011));
#2893=FILL_AREA_STYLE('',(#3012));
#2894=FILL_AREA_STYLE('',(#3013));
#2895=FILL_AREA_STYLE('',(#3014));
#2896=FILL_AREA_STYLE('',(#3015));
#2897=FILL_AREA_STYLE('',(#3016));
#2898=FILL_AREA_STYLE('',(#3017));
#2899=FILL_AREA_STYLE('',(#3018));
#2900=FILL_AREA_STYLE('',(#3019));
#2901=FILL_AREA_STYLE('',(#3020));
#2902=FILL_AREA_STYLE('',(#3021));
#2903=FILL_AREA_STYLE('',(#3022));
#2904=FILL_AREA_STYLE('',(#3023));
#2905=FILL_AREA_STYLE('',(#3024));
#2906=FILL_AREA_STYLE('',(#3025));
#2907=FILL_AREA_STYLE('',(#3026));
#2908=FILL_AREA_STYLE('',(#3027));
#2909=FILL_AREA_STYLE('',(#3028));
#2910=FILL_AREA_STYLE('',(#3029));
#2911=FILL_AREA_STYLE('',(#3030));
#2912=FILL_AREA_STYLE('',(#3031));
#2913=FILL_AREA_STYLE('',(#3032));
#2914=FILL_AREA_STYLE('',(#3033));
#2915=FILL_AREA_STYLE('',(#3034));
#2916=FILL_AREA_STYLE('',(#3035));
#2917=FILL_AREA_STYLE('',(#3036));
#2918=FILL_AREA_STYLE('',(#3037));
#2919=FILL_AREA_STYLE('',(#3038));
#2920=FILL_AREA_STYLE('',(#3039));
#2921=FILL_AREA_STYLE('',(#3040));
#2922=FILL_AREA_STYLE('',(#3041));
#2923=FILL_AREA_STYLE('',(#3042));
#2924=FILL_AREA_STYLE('',(#3043));
#2925=FILL_AREA_STYLE('',(#3044));
#2926=FILL_AREA_STYLE('',(#3045));
#2927=FILL_AREA_STYLE('',(#3046));
#2928=FILL_AREA_STYLE('',(#3047));
#2929=FILL_AREA_STYLE('',(#3048));
#2930=FILL_AREA_STYLE('',(#3049));
#2931=FILL_AREA_STYLE('',(#3050));
#2932=FILL_AREA_STYLE('',(#3051));
#2933=FILL_AREA_STYLE('',(#3052));
#2934=FILL_AREA_STYLE('',(#3053));
#2935=FILL_AREA_STYLE('',(#3054));
#2936=FILL_AREA_STYLE('',(#3055));
#2937=FILL_AREA_STYLE('',(#3056));
#2938=FILL_AREA_STYLE('',(#3057));
#2939=FILL_AREA_STYLE('',(#3058));
#2940=FILL_AREA_STYLE('',(#3059));
#2941=FILL_AREA_STYLE('',(#3060));
#2942=FILL_AREA_STYLE('',(#3061));
#2943=FILL_AREA_STYLE('',(#3062));
#2944=FILL_AREA_STYLE('',(#3063));
#2945=FILL_AREA_STYLE('',(#3064));
#2946=FILL_AREA_STYLE('',(#3065));
#2947=FILL_AREA_STYLE('',(#3066));
#2948=FILL_AREA_STYLE('',(#3067));
#2949=FILL_AREA_STYLE('',(#3068));
#2950=FILL_AREA_STYLE('',(#3069));
#2951=FILL_AREA_STYLE('',(#3070));
#2952=FILL_AREA_STYLE('',(#3071));
#2953=FILL_AREA_STYLE('',(#3072));
#2954=FILL_AREA_STYLE('',(#3073));
#2955=FILL_AREA_STYLE('',(#3074));
#2956=FILL_AREA_STYLE('',(#3075));
#2957=FILL_AREA_STYLE('',(#3076));
#2958=FILL_AREA_STYLE('',(#3077));
#2959=FILL_AREA_STYLE('',(#3078));
#2960=FILL_AREA_STYLE('',(#3079));
#2961=FILL_AREA_STYLE('',(#3080));
#2962=FILL_AREA_STYLE('',(#3081));
#2963=FILL_AREA_STYLE('',(#3082));
#2964=FILL_AREA_STYLE('',(#3083));
#2965=FILL_AREA_STYLE('',(#3084));
#2966=FILL_AREA_STYLE('',(#3085));
#2967=FILL_AREA_STYLE('',(#3086));
#2968=FILL_AREA_STYLE('',(#3087));
#2969=FILL_AREA_STYLE('',(#3088));
#2970=FILL_AREA_STYLE('',(#3089));
#2971=FILL_AREA_STYLE('',(#3090));
#2972=FILL_AREA_STYLE('',(#3091));
#2973=FILL_AREA_STYLE('',(#3092));
#2974=FILL_AREA_STYLE('',(#3093));
#2975=FILL_AREA_STYLE('',(#3094));
#2976=FILL_AREA_STYLE('',(#3095));
#2977=FILL_AREA_STYLE('',(#3096));
#2978=FILL_AREA_STYLE('',(#3097));
#2979=FILL_AREA_STYLE('',(#3098));
#2980=FILL_AREA_STYLE('',(#3099));
#2981=FILL_AREA_STYLE('',(#3100));
#2982=FILL_AREA_STYLE('',(#3101));
#2983=FILL_AREA_STYLE('',(#3102));
#2984=FILL_AREA_STYLE('',(#3103));
#2985=FILL_AREA_STYLE_COLOUR('',#3104);
#2986=FILL_AREA_STYLE_COLOUR('',#2250);
#2987=FILL_AREA_STYLE_COLOUR('',#2250);
#2988=FILL_AREA_STYLE_COLOUR('',#2250);
#2989=FILL_AREA_STYLE_COLOUR('',#2250);
#2990=FILL_AREA_STYLE_COLOUR('',#2250);
#2991=FILL_AREA_STYLE_COLOUR('',#2250);
#2992=FILL_AREA_STYLE_COLOUR('',#2250);
#2993=FILL_AREA_STYLE_COLOUR('',#2250);
#2994=FILL_AREA_STYLE_COLOUR('',#2250);
#2995=FILL_AREA_STYLE_COLOUR('',#2250);
#2996=FILL_AREA_STYLE_COLOUR('',#2250);
#2997=FILL_AREA_STYLE_COLOUR('',#2250);
#2998=FILL_AREA_STYLE_COLOUR('',#2250);
#2999=FILL_AREA_STYLE_COLOUR('',#2250);
#3000=FILL_AREA_STYLE_COLOUR('',#2250);
#3001=FILL_AREA_STYLE_COLOUR('',#2250);
#3002=FILL_AREA_STYLE_COLOUR('',#2250);
#3003=FILL_AREA_STYLE_COLOUR('',#2250);
#3004=FILL_AREA_STYLE_COLOUR('',#2250);
#3005=FILL_AREA_STYLE_COLOUR('',#2250);
#3006=FILL_AREA_STYLE_COLOUR('',#2250);
#3007=FILL_AREA_STYLE_COLOUR('',#2250);
#3008=FILL_AREA_STYLE_COLOUR('',#2250);
#3009=FILL_AREA_STYLE_COLOUR('',#2250);
#3010=FILL_AREA_STYLE_COLOUR('',#2250);
#3011=FILL_AREA_STYLE_COLOUR('',#2250);
#3012=FILL_AREA_STYLE_COLOUR('',#2250);
#3013=FILL_AREA_STYLE_COLOUR('',#2250);
#3014=FILL_AREA_STYLE_COLOUR('',#2250);
#3015=FILL_AREA_STYLE_COLOUR('',#2250);
#3016=FILL_AREA_STYLE_COLOUR('',#2250);
#3017=FILL_AREA_STYLE_COLOUR('',#2250);
#3018=FILL_AREA_STYLE_COLOUR('',#2250);
#3019=FILL_AREA_STYLE_COLOUR('',#2250);
#3020=FILL_AREA_STYLE_COLOUR('',#2250);
#3021=FILL_AREA_STYLE_COLOUR('',#2250);
#3022=FILL_AREA_STYLE_COLOUR('',#2251);
#3023=FILL_AREA_STYLE_COLOUR('',#2251);
#3024=FILL_AREA_STYLE_COLOUR('',#2251);
#3025=FILL_AREA_STYLE_COLOUR('',#2251);
#3026=FILL_AREA_STYLE_COLOUR('',#2252);
#3027=FILL_AREA_STYLE_COLOUR('',#2252);
#3028=FILL_AREA_STYLE_COLOUR('',#2253);
#3029=FILL_AREA_STYLE_COLOUR('',#2253);
#3030=FILL_AREA_STYLE_COLOUR('',#2253);
#3031=FILL_AREA_STYLE_COLOUR('',#2253);
#3032=FILL_AREA_STYLE_COLOUR('',#2253);
#3033=FILL_AREA_STYLE_COLOUR('',#2253);
#3034=FILL_AREA_STYLE_COLOUR('',#2253);
#3035=FILL_AREA_STYLE_COLOUR('',#2253);
#3036=FILL_AREA_STYLE_COLOUR('',#2254);
#3037=FILL_AREA_STYLE_COLOUR('',#2253);
#3038=FILL_AREA_STYLE_COLOUR('',#2253);
#3039=FILL_AREA_STYLE_COLOUR('',#2253);
#3040=FILL_AREA_STYLE_COLOUR('',#2253);
#3041=FILL_AREA_STYLE_COLOUR('',#2253);
#3042=FILL_AREA_STYLE_COLOUR('',#2253);
#3043=FILL_AREA_STYLE_COLOUR('',#2253);
#3044=FILL_AREA_STYLE_COLOUR('',#2253);
#3045=FILL_AREA_STYLE_COLOUR('',#2254);
#3046=FILL_AREA_STYLE_COLOUR('',#2253);
#3047=FILL_AREA_STYLE_COLOUR('',#2253);
#3048=FILL_AREA_STYLE_COLOUR('',#2253);
#3049=FILL_AREA_STYLE_COLOUR('',#2253);
#3050=FILL_AREA_STYLE_COLOUR('',#2253);
#3051=FILL_AREA_STYLE_COLOUR('',#2253);
#3052=FILL_AREA_STYLE_COLOUR('',#2253);
#3053=FILL_AREA_STYLE_COLOUR('',#2253);
#3054=FILL_AREA_STYLE_COLOUR('',#2254);
#3055=FILL_AREA_STYLE_COLOUR('',#2253);
#3056=FILL_AREA_STYLE_COLOUR('',#2253);
#3057=FILL_AREA_STYLE_COLOUR('',#2253);
#3058=FILL_AREA_STYLE_COLOUR('',#2253);
#3059=FILL_AREA_STYLE_COLOUR('',#2253);
#3060=FILL_AREA_STYLE_COLOUR('',#2253);
#3061=FILL_AREA_STYLE_COLOUR('',#2253);
#3062=FILL_AREA_STYLE_COLOUR('',#2253);
#3063=FILL_AREA_STYLE_COLOUR('',#2254);
#3064=FILL_AREA_STYLE_COLOUR('',#2255);
#3065=FILL_AREA_STYLE_COLOUR('',#2255);
#3066=FILL_AREA_STYLE_COLOUR('',#2255);
#3067=FILL_AREA_STYLE_COLOUR('',#2255);
#3068=FILL_AREA_STYLE_COLOUR('',#2255);
#3069=FILL_AREA_STYLE_COLOUR('',#2255);
#3070=FILL_AREA_STYLE_COLOUR('',#2255);
#3071=FILL_AREA_STYLE_COLOUR('',#2255);
#3072=FILL_AREA_STYLE_COLOUR('',#2255);
#3073=FILL_AREA_STYLE_COLOUR('',#2255);
#3074=FILL_AREA_STYLE_COLOUR('',#2255);
#3075=FILL_AREA_STYLE_COLOUR('',#2255);
#3076=FILL_AREA_STYLE_COLOUR('',#2255);
#3077=FILL_AREA_STYLE_COLOUR('',#2255);
#3078=FILL_AREA_STYLE_COLOUR('',#2255);
#3079=FILL_AREA_STYLE_COLOUR('',#2255);
#3080=FILL_AREA_STYLE_COLOUR('',#2255);
#3081=FILL_AREA_STYLE_COLOUR('',#2255);
#3082=FILL_AREA_STYLE_COLOUR('',#2255);
#3083=FILL_AREA_STYLE_COLOUR('',#2255);
#3084=FILL_AREA_STYLE_COLOUR('',#2255);
#3085=FILL_AREA_STYLE_COLOUR('',#2255);
#3086=FILL_AREA_STYLE_COLOUR('',#2255);
#3087=FILL_AREA_STYLE_COLOUR('',#2255);
#3088=FILL_AREA_STYLE_COLOUR('',#2255);
#3089=FILL_AREA_STYLE_COLOUR('',#2255);
#3090=FILL_AREA_STYLE_COLOUR('',#2255);
#3091=FILL_AREA_STYLE_COLOUR('',#2255);
#3092=FILL_AREA_STYLE_COLOUR('',#2255);
#3093=FILL_AREA_STYLE_COLOUR('',#2255);
#3094=FILL_AREA_STYLE_COLOUR('',#2255);
#3095=FILL_AREA_STYLE_COLOUR('',#2255);
#3096=FILL_AREA_STYLE_COLOUR('',#2250);
#3097=FILL_AREA_STYLE_COLOUR('',#2250);
#3098=FILL_AREA_STYLE_COLOUR('',#2250);
#3099=FILL_AREA_STYLE_COLOUR('',#2250);
#3100=FILL_AREA_STYLE_COLOUR('',#2250);
#3101=FILL_AREA_STYLE_COLOUR('',#2250);
#3102=FILL_AREA_STYLE_COLOUR('',#2250);
#3103=FILL_AREA_STYLE_COLOUR('',#2250);
#3104=DRAUGHTING_PRE_DEFINED_COLOUR('white');
#3105=MANIFOLD_SOLID_BREP('Part 1',#2388);
#3106=SHAPE_DEFINITION_REPRESENTATION(#4848,#3107);
#3107=SHAPE_REPRESENTATION('Part 1',(#3108),#4843);
#3108=AXIS2_PLACEMENT_3D('',#4104,#3382,#3383);
#3109=AXIS2_PLACEMENT_3D('',#4105,#3384,#3385);
#3110=AXIS2_PLACEMENT_3D('',#4109,#3387,#3388);
#3111=AXIS2_PLACEMENT_3D('',#4117,#3392,#3393);
#3112=AXIS2_PLACEMENT_3D('',#4122,#3396,#3397);
#3113=AXIS2_PLACEMENT_3D('',#4123,#3398,#3399);
#3114=AXIS2_PLACEMENT_3D('',#4126,#3401,#3402);
#3115=AXIS2_PLACEMENT_3D('',#4129,#3404,#3405);
#3116=AXIS2_PLACEMENT_3D('',#4130,#3406,#3407);
#3117=AXIS2_PLACEMENT_3D('',#4137,#3408,#3409);
#3118=AXIS2_PLACEMENT_3D('',#4138,#3410,#3411);
#3119=AXIS2_PLACEMENT_3D('',#4140,#3412,#3413);
#3120=AXIS2_PLACEMENT_3D('',#4141,#3414,#3415);
#3121=AXIS2_PLACEMENT_3D('',#4142,#3416,#3417);
#3122=AXIS2_PLACEMENT_3D('',#4147,#3419,#3420);
#3123=AXIS2_PLACEMENT_3D('',#4150,#3422,#3423);
#3124=AXIS2_PLACEMENT_3D('',#4151,#3424,#3425);
#3125=AXIS2_PLACEMENT_3D('',#4158,#3426,#3427);
#3126=AXIS2_PLACEMENT_3D('',#4160,#3428,#3429);
#3127=AXIS2_PLACEMENT_3D('',#4161,#3430,#3431);
#3128=AXIS2_PLACEMENT_3D('',#4164,#3434,#3435);
#3129=AXIS2_PLACEMENT_3D('',#4165,#3436,#3437);
#3130=AXIS2_PLACEMENT_3D('',#4169,#3439,#3440);
#3131=AXIS2_PLACEMENT_3D('',#4170,#3441,#3442);
#3132=AXIS2_PLACEMENT_3D('',#4175,#3446,#3447);
#3133=AXIS2_PLACEMENT_3D('',#4180,#3451,#3452);
#3134=AXIS2_PLACEMENT_3D('',#4182,#3454,#3455);
#3135=AXIS2_PLACEMENT_3D('',#4183,#3456,#3457);
#3136=AXIS2_PLACEMENT_3D('',#4184,#3458,#3459);
#3137=AXIS2_PLACEMENT_3D('',#4188,#3461,#3462);
#3138=AXIS2_PLACEMENT_3D('',#4196,#3466,#3467);
#3139=AXIS2_PLACEMENT_3D('',#4201,#3470,#3471);
#3140=AXIS2_PLACEMENT_3D('',#4202,#3472,#3473);
#3141=AXIS2_PLACEMENT_3D('',#4205,#3475,#3476);
#3142=AXIS2_PLACEMENT_3D('',#4208,#3478,#3479);
#3143=AXIS2_PLACEMENT_3D('',#4209,#3480,#3481);
#3144=AXIS2_PLACEMENT_3D('',#4216,#3482,#3483);
#3145=AXIS2_PLACEMENT_3D('',#4217,#3484,#3485);
#3146=AXIS2_PLACEMENT_3D('',#4219,#3486,#3487);
#3147=AXIS2_PLACEMENT_3D('',#4220,#3488,#3489);
#3148=AXIS2_PLACEMENT_3D('',#4221,#3490,#3491);
#3149=AXIS2_PLACEMENT_3D('',#4226,#3493,#3494);
#3150=AXIS2_PLACEMENT_3D('',#4229,#3496,#3497);
#3151=AXIS2_PLACEMENT_3D('',#4230,#3498,#3499);
#3152=AXIS2_PLACEMENT_3D('',#4237,#3500,#3501);
#3153=AXIS2_PLACEMENT_3D('',#4239,#3502,#3503);
#3154=AXIS2_PLACEMENT_3D('',#4240,#3504,#3505);
#3155=AXIS2_PLACEMENT_3D('',#4243,#3508,#3509);
#3156=AXIS2_PLACEMENT_3D('',#4244,#3510,#3511);
#3157=AXIS2_PLACEMENT_3D('',#4248,#3513,#3514);
#3158=AXIS2_PLACEMENT_3D('',#4249,#3515,#3516);
#3159=AXIS2_PLACEMENT_3D('',#4254,#3520,#3521);
#3160=AXIS2_PLACEMENT_3D('',#4259,#3525,#3526);
#3161=AXIS2_PLACEMENT_3D('',#4261,#3528,#3529);
#3162=AXIS2_PLACEMENT_3D('',#4262,#3530,#3531);
#3163=AXIS2_PLACEMENT_3D('',#4263,#3532,#3533);
#3164=AXIS2_PLACEMENT_3D('',#4267,#3535,#3536);
#3165=AXIS2_PLACEMENT_3D('',#4275,#3540,#3541);
#3166=AXIS2_PLACEMENT_3D('',#4280,#3544,#3545);
#3167=AXIS2_PLACEMENT_3D('',#4281,#3546,#3547);
#3168=AXIS2_PLACEMENT_3D('',#4284,#3549,#3550);
#3169=AXIS2_PLACEMENT_3D('',#4287,#3552,#3553);
#3170=AXIS2_PLACEMENT_3D('',#4288,#3554,#3555);
#3171=AXIS2_PLACEMENT_3D('',#4295,#3556,#3557);
#3172=AXIS2_PLACEMENT_3D('',#4296,#3558,#3559);
#3173=AXIS2_PLACEMENT_3D('',#4298,#3560,#3561);
#3174=AXIS2_PLACEMENT_3D('',#4299,#3562,#3563);
#3175=AXIS2_PLACEMENT_3D('',#4300,#3564,#3565);
#3176=AXIS2_PLACEMENT_3D('',#4305,#3567,#3568);
#3177=AXIS2_PLACEMENT_3D('',#4308,#3570,#3571);
#3178=AXIS2_PLACEMENT_3D('',#4309,#3572,#3573);
#3179=AXIS2_PLACEMENT_3D('',#4316,#3574,#3575);
#3180=AXIS2_PLACEMENT_3D('',#4318,#3576,#3577);
#3181=AXIS2_PLACEMENT_3D('',#4319,#3578,#3579);
#3182=AXIS2_PLACEMENT_3D('',#4322,#3582,#3583);
#3183=AXIS2_PLACEMENT_3D('',#4323,#3584,#3585);
#3184=AXIS2_PLACEMENT_3D('',#4327,#3587,#3588);
#3185=AXIS2_PLACEMENT_3D('',#4328,#3589,#3590);
#3186=AXIS2_PLACEMENT_3D('',#4333,#3594,#3595);
#3187=AXIS2_PLACEMENT_3D('',#4338,#3599,#3600);
#3188=AXIS2_PLACEMENT_3D('',#4340,#3602,#3603);
#3189=AXIS2_PLACEMENT_3D('',#4341,#3604,#3605);
#3190=AXIS2_PLACEMENT_3D('',#4342,#3606,#3607);
#3191=AXIS2_PLACEMENT_3D('',#4346,#3609,#3610);
#3192=AXIS2_PLACEMENT_3D('',#4354,#3614,#3615);
#3193=AXIS2_PLACEMENT_3D('',#4359,#3618,#3619);
#3194=AXIS2_PLACEMENT_3D('',#4362,#3621,#3622);
#3195=AXIS2_PLACEMENT_3D('',#4363,#3623,#3624);
#3196=AXIS2_PLACEMENT_3D('',#4364,#3625,#3626);
#3197=AXIS2_PLACEMENT_3D('',#4367,#3628,#3629);
#3198=AXIS2_PLACEMENT_3D('',#4373,#3632,#3633);
#3199=AXIS2_PLACEMENT_3D('',#4381,#3635,#3636);
#3200=AXIS2_PLACEMENT_3D('',#4386,#3638,#3639);
#3201=AXIS2_PLACEMENT_3D('',#4390,#3641,#3642);
#3202=AXIS2_PLACEMENT_3D('',#4394,#3644,#3645);
#3203=AXIS2_PLACEMENT_3D('',#4397,#3647,#3648);
#3204=AXIS2_PLACEMENT_3D('',#4402,#3650,#3651);
#3205=AXIS2_PLACEMENT_3D('',#4406,#3653,#3654);
#3206=AXIS2_PLACEMENT_3D('',#4410,#3656,#3657);
#3207=AXIS2_PLACEMENT_3D('',#4413,#3659,#3660);
#3208=AXIS2_PLACEMENT_3D('',#4418,#3662,#3663);
#3209=AXIS2_PLACEMENT_3D('',#4422,#3665,#3666);
#3210=AXIS2_PLACEMENT_3D('',#4426,#3668,#3669);
#3211=AXIS2_PLACEMENT_3D('',#4429,#3671,#3672);
#3212=AXIS2_PLACEMENT_3D('',#4434,#3674,#3675);
#3213=AXIS2_PLACEMENT_3D('',#4438,#3677,#3678);
#3214=AXIS2_PLACEMENT_3D('',#4442,#3680,#3681);
#3215=AXIS2_PLACEMENT_3D('',#4445,#3683,#3684);
#3216=AXIS2_PLACEMENT_3D('',#4451,#3688,#3689);
#3217=AXIS2_PLACEMENT_3D('',#4455,#3692,#3693);
#3218=AXIS2_PLACEMENT_3D('',#4478,#3696,#3697);
#3219=AXIS2_PLACEMENT_3D('',#4481,#3699,#3700);
#3220=AXIS2_PLACEMENT_3D('',#4516,#3704,#3705);
#3221=AXIS2_PLACEMENT_3D('',#4517,#3706,#3707);
#3222=AXIS2_PLACEMENT_3D('',#4518,#3708,#3709);
#3223=AXIS2_PLACEMENT_3D('',#4519,#3710,#3711);
#3224=AXIS2_PLACEMENT_3D('',#4520,#3712,#3713);
#3225=AXIS2_PLACEMENT_3D('',#4521,#3714,#3715);
#3226=AXIS2_PLACEMENT_3D('',#4523,#3716,#3717);
#3227=AXIS2_PLACEMENT_3D('',#4524,#3718,#3719);
#3228=AXIS2_PLACEMENT_3D('',#4526,#3720,#3721);
#3229=AXIS2_PLACEMENT_3D('',#4527,#3722,#3723);
#3230=AXIS2_PLACEMENT_3D('',#4528,#3724,#3725);
#3231=AXIS2_PLACEMENT_3D('',#4534,#3729,#3730);
#3232=AXIS2_PLACEMENT_3D('',#4537,#3732,#3733);
#3233=AXIS2_PLACEMENT_3D('',#4538,#3734,#3735);
#3234=AXIS2_PLACEMENT_3D('',#4542,#3738,#3739);
#3235=AXIS2_PLACEMENT_3D('',#4545,#3741,#3742);
#3236=AXIS2_PLACEMENT_3D('',#4546,#3743,#3744);
#3237=AXIS2_PLACEMENT_3D('',#4550,#3747,#3748);
#3238=AXIS2_PLACEMENT_3D('',#4553,#3750,#3751);
#3239=AXIS2_PLACEMENT_3D('',#4554,#3752,#3753);
#3240=AXIS2_PLACEMENT_3D('',#4558,#3756,#3757);
#3241=AXIS2_PLACEMENT_3D('',#4559,#3758,#3759);
#3242=AXIS2_PLACEMENT_3D('',#4560,#3760,#3761);
#3243=AXIS2_PLACEMENT_3D('',#4564,#3763,#3764);
#3244=AXIS2_PLACEMENT_3D('',#4568,#3766,#3767);
#3245=AXIS2_PLACEMENT_3D('',#4572,#3769,#3770);
#3246=AXIS2_PLACEMENT_3D('',#4576,#3772,#3773);
#3247=AXIS2_PLACEMENT_3D('',#4577,#3774,#3775);
#3248=AXIS2_PLACEMENT_3D('',#4583,#3779,#3780);
#3249=AXIS2_PLACEMENT_3D('',#4586,#3782,#3783);
#3250=AXIS2_PLACEMENT_3D('',#4587,#3784,#3785);
#3251=AXIS2_PLACEMENT_3D('',#4591,#3788,#3789);
#3252=AXIS2_PLACEMENT_3D('',#4594,#3791,#3792);
#3253=AXIS2_PLACEMENT_3D('',#4595,#3793,#3794);
#3254=AXIS2_PLACEMENT_3D('',#4599,#3797,#3798);
#3255=AXIS2_PLACEMENT_3D('',#4602,#3800,#3801);
#3256=AXIS2_PLACEMENT_3D('',#4603,#3802,#3803);
#3257=AXIS2_PLACEMENT_3D('',#4607,#3806,#3807);
#3258=AXIS2_PLACEMENT_3D('',#4608,#3808,#3809);
#3259=AXIS2_PLACEMENT_3D('',#4609,#3810,#3811);
#3260=AXIS2_PLACEMENT_3D('',#4613,#3813,#3814);
#3261=AXIS2_PLACEMENT_3D('',#4617,#3816,#3817);
#3262=AXIS2_PLACEMENT_3D('',#4621,#3819,#3820);
#3263=AXIS2_PLACEMENT_3D('',#4625,#3822,#3823);
#3264=AXIS2_PLACEMENT_3D('',#4626,#3824,#3825);
#3265=AXIS2_PLACEMENT_3D('',#4632,#3829,#3830);
#3266=AXIS2_PLACEMENT_3D('',#4635,#3832,#3833);
#3267=AXIS2_PLACEMENT_3D('',#4636,#3834,#3835);
#3268=AXIS2_PLACEMENT_3D('',#4640,#3838,#3839);
#3269=AXIS2_PLACEMENT_3D('',#4643,#3841,#3842);
#3270=AXIS2_PLACEMENT_3D('',#4644,#3843,#3844);
#3271=AXIS2_PLACEMENT_3D('',#4648,#3847,#3848);
#3272=AXIS2_PLACEMENT_3D('',#4651,#3850,#3851);
#3273=AXIS2_PLACEMENT_3D('',#4652,#3852,#3853);
#3274=AXIS2_PLACEMENT_3D('',#4656,#3856,#3857);
#3275=AXIS2_PLACEMENT_3D('',#4657,#3858,#3859);
#3276=AXIS2_PLACEMENT_3D('',#4658,#3860,#3861);
#3277=AXIS2_PLACEMENT_3D('',#4662,#3863,#3864);
#3278=AXIS2_PLACEMENT_3D('',#4666,#3866,#3867);
#3279=AXIS2_PLACEMENT_3D('',#4670,#3869,#3870);
#3280=AXIS2_PLACEMENT_3D('',#4674,#3872,#3873);
#3281=AXIS2_PLACEMENT_3D('',#4675,#3874,#3875);
#3282=AXIS2_PLACEMENT_3D('',#4681,#3879,#3880);
#3283=AXIS2_PLACEMENT_3D('',#4684,#3882,#3883);
#3284=AXIS2_PLACEMENT_3D('',#4685,#3884,#3885);
#3285=AXIS2_PLACEMENT_3D('',#4689,#3888,#3889);
#3286=AXIS2_PLACEMENT_3D('',#4692,#3891,#3892);
#3287=AXIS2_PLACEMENT_3D('',#4693,#3893,#3894);
#3288=AXIS2_PLACEMENT_3D('',#4697,#3897,#3898);
#3289=AXIS2_PLACEMENT_3D('',#4700,#3900,#3901);
#3290=AXIS2_PLACEMENT_3D('',#4701,#3902,#3903);
#3291=AXIS2_PLACEMENT_3D('',#4705,#3906,#3907);
#3292=AXIS2_PLACEMENT_3D('',#4706,#3908,#3909);
#3293=AXIS2_PLACEMENT_3D('',#4707,#3910,#3911);
#3294=AXIS2_PLACEMENT_3D('',#4711,#3913,#3914);
#3295=AXIS2_PLACEMENT_3D('',#4712,#3915,#3916);
#3296=AXIS2_PLACEMENT_3D('',#4716,#3918,#3919);
#3297=AXIS2_PLACEMENT_3D('',#4720,#3921,#3922);
#3298=AXIS2_PLACEMENT_3D('',#4724,#3924,#3925);
#3299=AXIS2_PLACEMENT_3D('',#4728,#3927,#3928);
#3300=AXIS2_PLACEMENT_3D('',#4729,#3929,#3930);
#3301=AXIS2_PLACEMENT_3D('',#4730,#3931,#3932);
#3302=AXIS2_PLACEMENT_3D('',#4731,#3933,#3934);
#3303=AXIS2_PLACEMENT_3D('',#4732,#3935,#3936);
#3304=AXIS2_PLACEMENT_3D('',#4733,#3937,#3938);
#3305=AXIS2_PLACEMENT_3D('',#4734,#3939,#3940);
#3306=AXIS2_PLACEMENT_3D('',#4735,#3941,#3942);
#3307=AXIS2_PLACEMENT_3D('',#4736,#3943,#3944);
#3308=AXIS2_PLACEMENT_3D('',#4737,#3945,#3946);
#3309=AXIS2_PLACEMENT_3D('',#4738,#3947,#3948);
#3310=AXIS2_PLACEMENT_3D('',#4739,#3949,#3950);
#3311=AXIS2_PLACEMENT_3D('',#4740,#3951,#3952);
#3312=AXIS2_PLACEMENT_3D('',#4741,#3953,#3954);
#3313=AXIS2_PLACEMENT_3D('',#4742,#3955,#3956);
#3314=AXIS2_PLACEMENT_3D('',#4743,#3957,#3958);
#3315=AXIS2_PLACEMENT_3D('',#4744,#3959,#3960);
#3316=AXIS2_PLACEMENT_3D('',#4745,#3961,#3962);
#3317=AXIS2_PLACEMENT_3D('',#4746,#3963,#3964);
#3318=AXIS2_PLACEMENT_3D('',#4747,#3965,#3966);
#3319=AXIS2_PLACEMENT_3D('',#4748,#3967,#3968);
#3320=AXIS2_PLACEMENT_3D('',#4749,#3969,#3970);
#3321=AXIS2_PLACEMENT_3D('',#4750,#3971,#3972);
#3322=AXIS2_PLACEMENT_3D('',#4751,#3973,#3974);
#3323=AXIS2_PLACEMENT_3D('',#4752,#3975,#3976);
#3324=AXIS2_PLACEMENT_3D('',#4753,#3977,#3978);
#3325=AXIS2_PLACEMENT_3D('',#4754,#3979,#3980);
#3326=AXIS2_PLACEMENT_3D('',#4755,#3981,#3982);
#3327=AXIS2_PLACEMENT_3D('',#4756,#3983,#3984);
#3328=AXIS2_PLACEMENT_3D('',#4757,#3985,#3986);
#3329=AXIS2_PLACEMENT_3D('',#4758,#3987,#3988);
#3330=AXIS2_PLACEMENT_3D('',#4759,#3989,#3990);
#3331=AXIS2_PLACEMENT_3D('',#4760,#3991,#3992);
#3332=AXIS2_PLACEMENT_3D('',#4761,#3993,#3994);
#3333=AXIS2_PLACEMENT_3D('',#4762,#3995,#3996);
#3334=AXIS2_PLACEMENT_3D('',#4763,#3997,#3998);
#3335=AXIS2_PLACEMENT_3D('',#4764,#3999,#4000);
#3336=AXIS2_PLACEMENT_3D('',#4765,#4001,#4002);
#3337=AXIS2_PLACEMENT_3D('',#4766,#4003,#4004);
#3338=AXIS2_PLACEMENT_3D('',#4767,#4005,#4006);
#3339=AXIS2_PLACEMENT_3D('',#4768,#4007,#4008);
#3340=AXIS2_PLACEMENT_3D('',#4769,#4009,#4010);
#3341=AXIS2_PLACEMENT_3D('',#4770,#4011,#4012);
#3342=AXIS2_PLACEMENT_3D('',#4771,#4013,#4014);
#3343=AXIS2_PLACEMENT_3D('',#4772,#4015,#4016);
#3344=AXIS2_PLACEMENT_3D('',#4773,#4017,#4018);
#3345=AXIS2_PLACEMENT_3D('',#4774,#4019,#4020);
#3346=AXIS2_PLACEMENT_3D('',#4775,#4021,#4022);
#3347=AXIS2_PLACEMENT_3D('',#4776,#4023,#4024);
#3348=AXIS2_PLACEMENT_3D('',#4777,#4025,#4026);
#3349=AXIS2_PLACEMENT_3D('',#4778,#4027,#4028);
#3350=AXIS2_PLACEMENT_3D('',#4779,#4029,#4030);
#3351=AXIS2_PLACEMENT_3D('',#4780,#4031,#4032);
#3352=AXIS2_PLACEMENT_3D('',#4781,#4033,#4034);
#3353=AXIS2_PLACEMENT_3D('',#4782,#4035,#4036);
#3354=AXIS2_PLACEMENT_3D('',#4783,#4037,#4038);
#3355=AXIS2_PLACEMENT_3D('',#4784,#4039,#4040);
#3356=AXIS2_PLACEMENT_3D('',#4785,#4041,#4042);
#3357=AXIS2_PLACEMENT_3D('',#4786,#4043,#4044);
#3358=AXIS2_PLACEMENT_3D('',#4787,#4045,#4046);
#3359=AXIS2_PLACEMENT_3D('',#4788,#4047,#4048);
#3360=AXIS2_PLACEMENT_3D('',#4789,#4049,#4050);
#3361=AXIS2_PLACEMENT_3D('',#4790,#4051,#4052);
#3362=AXIS2_PLACEMENT_3D('',#4791,#4053,#4054);
#3363=AXIS2_PLACEMENT_3D('',#4792,#4055,#4056);
#3364=AXIS2_PLACEMENT_3D('',#4793,#4057,#4058);
#3365=AXIS2_PLACEMENT_3D('',#4794,#4059,#4060);
#3366=AXIS2_PLACEMENT_3D('',#4798,#4062,#4063);
#3367=AXIS2_PLACEMENT_3D('',#4799,#4064,#4065);
#3368=AXIS2_PLACEMENT_3D('',#4805,#4069,#4070);
#3369=AXIS2_PLACEMENT_3D('',#4809,#4072,#4073);
#3370=AXIS2_PLACEMENT_3D('',#4810,#4074,#4075);
#3371=AXIS2_PLACEMENT_3D('',#4812,#4076,#4077);
#3372=AXIS2_PLACEMENT_3D('',#4815,#4079,#4080);
#3373=AXIS2_PLACEMENT_3D('',#4821,#4084,#4085);
#3374=AXIS2_PLACEMENT_3D('',#4822,#4086,#4087);
#3375=AXIS2_PLACEMENT_3D('',#4825,#4089,#4090);
#3376=AXIS2_PLACEMENT_3D('',#4827,#4091,#4092);
#3377=AXIS2_PLACEMENT_3D('',#4828,#4093,#4094);
#3378=AXIS2_PLACEMENT_3D('',#4830,#4096,#4097);
#3379=AXIS2_PLACEMENT_3D('',#4831,#4098,#4099);
#3380=AXIS2_PLACEMENT_3D('',#4836,#4100,#4101);
#3381=AXIS2_PLACEMENT_3D('',#4841,#4102,#4103);
#3382=DIRECTION('',(0.,0.,1.));
#3383=DIRECTION('',(1.,0.,0.));
#3384=DIRECTION('',(0.,1.,0.));
#3385=DIRECTION('',(0.,0.,1.));
#3386=DIRECTION('',(1.,0.,0.));
#3387=DIRECTION('',(0.,1.,0.));
#3388=DIRECTION('',(0.,0.,1.));
#3389=DIRECTION('',(-1.,0.,0.));
#3390=DIRECTION('',(0.,0.,-1.));
#3391=DIRECTION('',(-1.,0.,0.));
#3392=DIRECTION('',(0.,1.,0.));
#3393=DIRECTION('',(0.,0.,1.));
#3394=DIRECTION('',(1.,0.,0.));
#3395=DIRECTION('',(0.,0.,-1.));
#3396=DIRECTION('',(0.,0.,-1.));
#3397=DIRECTION('',(-1.,0.,0.));
#3398=DIRECTION('',(0.,0.,-1.));
#3399=DIRECTION('',(-1.,0.,0.));
#3400=DIRECTION('',(0.,-1.,0.));
#3401=DIRECTION('',(0.,0.,-1.));
#3402=DIRECTION('',(-1.,0.,0.));
#3403=DIRECTION('',(0.,-1.,0.));
#3404=DIRECTION('',(0.,0.,-1.));
#3405=DIRECTION('',(-1.,0.,0.));
#3406=DIRECTION('',(0.,0.,-1.));
#3407=DIRECTION('',(-1.,0.,0.));
#3408=DIRECTION('',(0.,0.,-1.));
#3409=DIRECTION('',(-1.,0.,0.));
#3410=DIRECTION('',(1.,0.,0.));
#3411=DIRECTION('',(0.,0.,-1.));
#3412=DIRECTION('',(0.,0.,-1.));
#3413=DIRECTION('',(-1.,0.,0.));
#3414=DIRECTION('',(0.,0.,1.));
#3415=DIRECTION('',(1.,0.,0.));
#3416=DIRECTION('',(0.,0.,1.));
#3417=DIRECTION('',(1.,0.,0.));
#3418=DIRECTION('',(0.,0.,-1.));
#3419=DIRECTION('',(0.,0.,1.));
#3420=DIRECTION('',(1.,0.,0.));
#3421=DIRECTION('',(0.,0.,-1.));
#3422=DIRECTION('',(0.,0.,-1.));
#3423=DIRECTION('',(-1.,0.,0.));
#3424=DIRECTION('',(0.,0.,-1.));
#3425=DIRECTION('',(-1.,0.,0.));
#3426=DIRECTION('',(0.,0.,-1.));
#3427=DIRECTION('',(-1.,0.,0.));
#3428=DIRECTION('',(1.,0.,0.));
#3429=DIRECTION('',(0.,0.,-1.));
#3430=DIRECTION('',(0.,0.,-1.));
#3431=DIRECTION('',(-1.,0.,0.));
#3432=DIRECTION('',(0.,0.,1.));
#3433=DIRECTION('',(0.,0.,-1.));
#3434=DIRECTION('',(0.,0.,1.));
#3435=DIRECTION('',(1.,0.,0.));
#3436=DIRECTION('',(0.,0.,1.));
#3437=DIRECTION('',(1.,0.,0.));
#3438=DIRECTION('',(0.,0.,-1.));
#3439=DIRECTION('',(0.,0.,1.));
#3440=DIRECTION('',(1.,0.,0.));
#3441=DIRECTION('',(0.,0.,1.));
#3442=DIRECTION('',(1.,0.,0.));
#3443=DIRECTION('',(0.,1.,0.));
#3444=DIRECTION('',(1.,0.,0.));
#3445=DIRECTION('',(0.,1.,0.));
#3446=DIRECTION('',(0.,0.,1.));
#3447=DIRECTION('',(1.,0.,0.));
#3448=DIRECTION('',(1.,0.,0.));
#3449=DIRECTION('',(0.,1.,0.));
#3450=DIRECTION('',(0.,1.,0.));
#3451=DIRECTION('',(1.,0.,0.));
#3452=DIRECTION('',(0.,0.,-1.));
#3453=DIRECTION('',(0.,0.,-1.));
#3454=DIRECTION('',(1.,0.,0.));
#3455=DIRECTION('',(0.,0.,-1.));
#3456=DIRECTION('',(0.,1.,0.));
#3457=DIRECTION('',(-1.,0.,0.));
#3458=DIRECTION('',(0.,1.,0.));
#3459=DIRECTION('',(0.,0.,1.));
#3460=DIRECTION('',(1.,0.,0.));
#3461=DIRECTION('',(0.,1.,0.));
#3462=DIRECTION('',(0.,0.,1.));
#3463=DIRECTION('',(-1.,0.,0.));
#3464=DIRECTION('',(0.,0.,-1.));
#3465=DIRECTION('',(-1.,0.,0.));
#3466=DIRECTION('',(0.,1.,0.));
#3467=DIRECTION('',(0.,0.,1.));
#3468=DIRECTION('',(1.,0.,0.));
#3469=DIRECTION('',(0.,0.,-1.));
#3470=DIRECTION('',(0.,0.,-1.));
#3471=DIRECTION('',(-1.,0.,0.));
#3472=DIRECTION('',(0.,0.,-1.));
#3473=DIRECTION('',(-1.,0.,0.));
#3474=DIRECTION('',(0.,-1.,0.));
#3475=DIRECTION('',(0.,0.,-1.));
#3476=DIRECTION('',(-1.,0.,0.));
#3477=DIRECTION('',(0.,-1.,0.));
#3478=DIRECTION('',(0.,0.,-1.));
#3479=DIRECTION('',(-1.,0.,0.));
#3480=DIRECTION('',(0.,0.,-1.));
#3481=DIRECTION('',(-1.,0.,0.));
#3482=DIRECTION('',(0.,0.,-1.));
#3483=DIRECTION('',(-1.,0.,0.));
#3484=DIRECTION('',(1.,0.,0.));
#3485=DIRECTION('',(0.,0.,-1.));
#3486=DIRECTION('',(0.,0.,-1.));
#3487=DIRECTION('',(-1.,0.,0.));
#3488=DIRECTION('',(0.,0.,1.));
#3489=DIRECTION('',(1.,0.,0.));
#3490=DIRECTION('',(0.,0.,1.));
#3491=DIRECTION('',(1.,0.,0.));
#3492=DIRECTION('',(0.,0.,-1.));
#3493=DIRECTION('',(0.,0.,1.));
#3494=DIRECTION('',(1.,0.,0.));
#3495=DIRECTION('',(0.,0.,-1.));
#3496=DIRECTION('',(0.,0.,-1.));
#3497=DIRECTION('',(-1.,0.,0.));
#3498=DIRECTION('',(0.,0.,-1.));
#3499=DIRECTION('',(-1.,0.,0.));
#3500=DIRECTION('',(0.,0.,-1.));
#3501=DIRECTION('',(-1.,0.,0.));
#3502=DIRECTION('',(1.,0.,0.));
#3503=DIRECTION('',(0.,0.,-1.));
#3504=DIRECTION('',(0.,0.,-1.));
#3505=DIRECTION('',(-1.,0.,0.));
#3506=DIRECTION('',(0.,0.,1.));
#3507=DIRECTION('',(0.,0.,-1.));
#3508=DIRECTION('',(0.,0.,1.));
#3509=DIRECTION('',(1.,0.,0.));
#3510=DIRECTION('',(0.,0.,1.));
#3511=DIRECTION('',(1.,0.,0.));
#3512=DIRECTION('',(0.,0.,-1.));
#3513=DIRECTION('',(0.,0.,1.));
#3514=DIRECTION('',(1.,0.,0.));
#3515=DIRECTION('',(0.,0.,1.));
#3516=DIRECTION('',(1.,0.,0.));
#3517=DIRECTION('',(0.,1.,0.));
#3518=DIRECTION('',(1.,0.,0.));
#3519=DIRECTION('',(0.,1.,0.));
#3520=DIRECTION('',(0.,0.,1.));
#3521=DIRECTION('',(1.,0.,0.));
#3522=DIRECTION('',(1.,0.,0.));
#3523=DIRECTION('',(0.,1.,0.));
#3524=DIRECTION('',(0.,1.,0.));
#3525=DIRECTION('',(1.,0.,0.));
#3526=DIRECTION('',(0.,0.,-1.));
#3527=DIRECTION('',(0.,0.,-1.));
#3528=DIRECTION('',(1.,0.,0.));
#3529=DIRECTION('',(0.,0.,-1.));
#3530=DIRECTION('',(0.,1.,0.));
#3531=DIRECTION('',(-1.,0.,0.));
#3532=DIRECTION('',(0.,1.,0.));
#3533=DIRECTION('',(0.,0.,1.));
#3534=DIRECTION('',(1.,0.,0.));
#3535=DIRECTION('',(0.,1.,0.));
#3536=DIRECTION('',(0.,0.,1.));
#3537=DIRECTION('',(-1.,0.,0.));
#3538=DIRECTION('',(0.,0.,-1.));
#3539=DIRECTION('',(-1.,0.,0.));
#3540=DIRECTION('',(0.,1.,0.));
#3541=DIRECTION('',(0.,0.,1.));
#3542=DIRECTION('',(1.,0.,0.));
#3543=DIRECTION('',(0.,0.,-1.));
#3544=DIRECTION('',(0.,0.,-1.));
#3545=DIRECTION('',(-1.,0.,0.));
#3546=DIRECTION('',(0.,0.,-1.));
#3547=DIRECTION('',(-1.,0.,0.));
#3548=DIRECTION('',(0.,-1.,0.));
#3549=DIRECTION('',(0.,0.,-1.));
#3550=DIRECTION('',(-1.,0.,0.));
#3551=DIRECTION('',(0.,-1.,0.));
#3552=DIRECTION('',(0.,0.,-1.));
#3553=DIRECTION('',(-1.,0.,0.));
#3554=DIRECTION('',(0.,0.,-1.));
#3555=DIRECTION('',(-1.,0.,0.));
#3556=DIRECTION('',(0.,0.,-1.));
#3557=DIRECTION('',(-1.,0.,0.));
#3558=DIRECTION('',(1.,0.,0.));
#3559=DIRECTION('',(0.,0.,-1.));
#3560=DIRECTION('',(0.,0.,-1.));
#3561=DIRECTION('',(-1.,0.,0.));
#3562=DIRECTION('',(0.,0.,1.));
#3563=DIRECTION('',(1.,0.,0.));
#3564=DIRECTION('',(0.,0.,1.));
#3565=DIRECTION('',(1.,0.,0.));
#3566=DIRECTION('',(0.,0.,-1.));
#3567=DIRECTION('',(0.,0.,1.));
#3568=DIRECTION('',(1.,0.,0.));
#3569=DIRECTION('',(0.,0.,-1.));
#3570=DIRECTION('',(0.,0.,-1.));
#3571=DIRECTION('',(-1.,0.,0.));
#3572=DIRECTION('',(0.,0.,-1.));
#3573=DIRECTION('',(-1.,0.,0.));
#3574=DIRECTION('',(0.,0.,-1.));
#3575=DIRECTION('',(-1.,0.,0.));
#3576=DIRECTION('',(1.,0.,0.));
#3577=DIRECTION('',(0.,0.,-1.));
#3578=DIRECTION('',(0.,0.,-1.));
#3579=DIRECTION('',(-1.,0.,0.));
#3580=DIRECTION('',(0.,0.,1.));
#3581=DIRECTION('',(0.,0.,-1.));
#3582=DIRECTION('',(0.,0.,1.));
#3583=DIRECTION('',(1.,0.,0.));
#3584=DIRECTION('',(0.,0.,1.));
#3585=DIRECTION('',(1.,0.,0.));
#3586=DIRECTION('',(0.,0.,-1.));
#3587=DIRECTION('',(0.,0.,1.));
#3588=DIRECTION('',(1.,0.,0.));
#3589=DIRECTION('',(0.,0.,1.));
#3590=DIRECTION('',(1.,0.,0.));
#3591=DIRECTION('',(0.,1.,0.));
#3592=DIRECTION('',(1.,0.,0.));
#3593=DIRECTION('',(0.,1.,0.));
#3594=DIRECTION('',(0.,0.,1.));
#3595=DIRECTION('',(1.,0.,0.));
#3596=DIRECTION('',(1.,0.,0.));
#3597=DIRECTION('',(0.,1.,0.));
#3598=DIRECTION('',(0.,1.,0.));
#3599=DIRECTION('',(1.,0.,0.));
#3600=DIRECTION('',(0.,0.,-1.));
#3601=DIRECTION('',(0.,0.,-1.));
#3602=DIRECTION('',(1.,0.,0.));
#3603=DIRECTION('',(0.,0.,-1.));
#3604=DIRECTION('',(0.,1.,0.));
#3605=DIRECTION('',(-1.,0.,0.));
#3606=DIRECTION('',(0.,1.,0.));
#3607=DIRECTION('',(0.,0.,1.));
#3608=DIRECTION('',(1.,0.,0.));
#3609=DIRECTION('',(0.,1.,0.));
#3610=DIRECTION('',(0.,0.,1.));
#3611=DIRECTION('',(-1.,0.,0.));
#3612=DIRECTION('',(0.,0.,-1.));
#3613=DIRECTION('',(-1.,0.,0.));
#3614=DIRECTION('',(0.,1.,0.));
#3615=DIRECTION('',(0.,0.,1.));
#3616=DIRECTION('',(1.,0.,0.));
#3617=DIRECTION('',(0.,0.,-1.));
#3618=DIRECTION('',(0.,0.,-1.));
#3619=DIRECTION('',(-1.,0.,0.));
#3620=DIRECTION('',(0.,-1.,0.));
#3621=DIRECTION('',(0.,0.,-1.));
#3622=DIRECTION('',(-1.,0.,0.));
#3623=DIRECTION('',(0.,0.,-1.));
#3624=DIRECTION('',(-1.,0.,0.));
#3625=DIRECTION('',(0.,0.,-1.));
#3626=DIRECTION('',(-1.,0.,0.));
#3627=DIRECTION('',(0.,-1.,0.));
#3628=DIRECTION('',(1.,0.,0.));
#3629=DIRECTION('',(0.,1.,0.));
#3630=DIRECTION('',(0.,0.,-1.));
#3631=DIRECTION('',(0.,1.,0.));
#3632=DIRECTION('',(1.,0.,0.));
#3633=DIRECTION('',(0.,0.,-1.));
#3634=DIRECTION('',(0.,6.16952142563617E-17,-1.));
#3635=DIRECTION('',(1.,0.,0.));
#3636=DIRECTION('',(0.,0.,-1.));
#3637=DIRECTION('',(0.,0.,-1.));
#3638=DIRECTION('',(1.,0.,0.));
#3639=DIRECTION('',(0.,0.,-1.));
#3640=DIRECTION('',(0.,-1.,0.));
#3641=DIRECTION('',(1.,0.,0.));
#3642=DIRECTION('',(0.,0.,-1.));
#3643=DIRECTION('',(0.,0.,-1.));
#3644=DIRECTION('',(1.,0.,0.));
#3645=DIRECTION('',(0.,0.,-1.));
#3646=DIRECTION('',(0.,-1.,0.));
#3647=DIRECTION('',(1.,0.,0.));
#3648=DIRECTION('',(0.,0.,-1.));
#3649=DIRECTION('',(0.,0.,-1.));
#3650=DIRECTION('',(1.,0.,0.));
#3651=DIRECTION('',(0.,0.,-1.));
#3652=DIRECTION('',(0.,-1.,0.));
#3653=DIRECTION('',(1.,0.,0.));
#3654=DIRECTION('',(0.,0.,-1.));
#3655=DIRECTION('',(0.,0.,-1.));
#3656=DIRECTION('',(1.,0.,0.));
#3657=DIRECTION('',(0.,0.,-1.));
#3658=DIRECTION('',(0.,-1.,0.));
#3659=DIRECTION('',(1.,0.,0.));
#3660=DIRECTION('',(0.,0.,-1.));
#3661=DIRECTION('',(0.,0.,-1.));
#3662=DIRECTION('',(1.,0.,0.));
#3663=DIRECTION('',(0.,0.,-1.));
#3664=DIRECTION('',(0.,-1.,0.));
#3665=DIRECTION('',(1.,0.,0.));
#3666=DIRECTION('',(0.,0.,-1.));
#3667=DIRECTION('',(0.,0.,-1.));
#3668=DIRECTION('',(1.,0.,0.));
#3669=DIRECTION('',(0.,0.,-1.));
#3670=DIRECTION('',(0.,-1.,0.));
#3671=DIRECTION('',(1.,0.,0.));
#3672=DIRECTION('',(0.,0.,-1.));
#3673=DIRECTION('',(0.,0.,-1.));
#3674=DIRECTION('',(1.,0.,0.));
#3675=DIRECTION('',(0.,0.,-1.));
#3676=DIRECTION('',(0.,-1.,0.));
#3677=DIRECTION('',(1.,0.,0.));
#3678=DIRECTION('',(0.,0.,-1.));
#3679=DIRECTION('',(0.,0.,-1.));
#3680=DIRECTION('',(1.,0.,0.));
#3681=DIRECTION('',(0.,0.,-1.));
#3682=DIRECTION('',(0.,-1.,0.));
#3683=DIRECTION('',(0.,1.,0.));
#3684=DIRECTION('',(0.,0.,1.));
#3685=DIRECTION('',(0.,0.,-1.));
#3686=DIRECTION('',(-1.,0.,0.));
#3687=DIRECTION('',(-1.,0.,0.));
#3688=DIRECTION('',(0.,0.,1.));
#3689=DIRECTION('',(1.,0.,0.));
#3690=DIRECTION('',(0.,1.,0.));
#3691=DIRECTION('',(-1.,0.,0.));
#3692=DIRECTION('',(-1.,0.,0.));
#3693=DIRECTION('',(0.,0.,1.));
#3694=DIRECTION('',(-1.,0.,0.));
#3695=DIRECTION('',(-1.,0.,0.));
#3696=DIRECTION('',(1.,0.,0.));
#3697=DIRECTION('',(0.,0.,-1.));
#3698=DIRECTION('',(-1.,0.,0.));
#3699=DIRECTION('',(0.,1.,6.16952142563617E-17));
#3700=DIRECTION('',(0.,-6.16952142563617E-17,1.));
#3701=DIRECTION('',(0.,6.16952142563617E-17,-1.));
#3702=DIRECTION('',(-1.,0.,0.));
#3703=DIRECTION('',(-1.,0.,0.));
#3704=DIRECTION('',(1.,0.,0.));
#3705=DIRECTION('',(0.,1.,0.));
#3706=DIRECTION('',(-1.,0.,0.));
#3707=DIRECTION('',(0.,0.,1.));
#3708=DIRECTION('',(1.,0.,0.));
#3709=DIRECTION('',(0.,0.,-1.));
#3710=DIRECTION('',(1.,0.,0.));
#3711=DIRECTION('',(0.,0.,-1.));
#3712=DIRECTION('',(1.,0.,0.));
#3713=DIRECTION('',(0.,1.,0.));
#3714=DIRECTION('',(1.,0.,0.));
#3715=DIRECTION('',(0.,0.,-1.));
#3716=DIRECTION('',(1.,0.,0.));
#3717=DIRECTION('',(0.,1.,0.));
#3718=DIRECTION('',(1.,0.,0.));
#3719=DIRECTION('',(0.,0.,-1.));
#3720=DIRECTION('',(1.,0.,0.));
#3721=DIRECTION('',(0.,0.,-1.));
#3722=DIRECTION('',(1.,0.,0.));
#3723=DIRECTION('',(0.,0.,-1.));
#3724=DIRECTION('',(0.,1.,0.));
#3725=DIRECTION('',(0.,0.,1.));
#3726=DIRECTION('',(-1.,0.,0.));
#3727=DIRECTION('',(0.,0.,-1.));
#3728=DIRECTION('',(-1.,0.,0.));
#3729=DIRECTION('',(-1.,0.,0.));
#3730=DIRECTION('',(0.,0.,1.));
#3731=DIRECTION('',(-1.,0.,0.));
#3732=DIRECTION('',(1.,0.,0.));
#3733=DIRECTION('',(0.,0.,-1.));
#3734=DIRECTION('',(0.,0.,-1.));
#3735=DIRECTION('',(-1.,0.,0.));
#3736=DIRECTION('',(-1.,0.,0.));
#3737=DIRECTION('',(0.,-1.,0.));
#3738=DIRECTION('',(-1.,0.,0.));
#3739=DIRECTION('',(0.,0.,1.));
#3740=DIRECTION('',(-1.,0.,0.));
#3741=DIRECTION('',(1.,0.,0.));
#3742=DIRECTION('',(0.,0.,-1.));
#3743=DIRECTION('',(0.,1.,0.));
#3744=DIRECTION('',(0.,0.,1.));
#3745=DIRECTION('',(-1.,0.,0.));
#3746=DIRECTION('',(0.,0.,-1.));
#3747=DIRECTION('',(-1.,0.,0.));
#3748=DIRECTION('',(0.,0.,1.));
#3749=DIRECTION('',(-1.,0.,0.));
#3750=DIRECTION('',(1.,0.,0.));
#3751=DIRECTION('',(0.,0.,-1.));
#3752=DIRECTION('',(0.,0.,-1.));
#3753=DIRECTION('',(-1.,0.,0.));
#3754=DIRECTION('',(-1.,0.,0.));
#3755=DIRECTION('',(0.,-1.,0.));
#3756=DIRECTION('',(-1.,0.,0.));
#3757=DIRECTION('',(0.,0.,1.));
#3758=DIRECTION('',(1.,0.,0.));
#3759=DIRECTION('',(0.,0.,-1.));
#3760=DIRECTION('',(1.,0.,0.));
#3761=DIRECTION('',(0.,1.,0.));
#3762=DIRECTION('',(0.,0.,-1.));
#3763=DIRECTION('',(1.,0.,0.));
#3764=DIRECTION('',(0.,0.,-1.));
#3765=DIRECTION('',(0.,-1.,0.));
#3766=DIRECTION('',(1.,0.,0.));
#3767=DIRECTION('',(0.,0.,-1.));
#3768=DIRECTION('',(0.,0.,-1.));
#3769=DIRECTION('',(1.,0.,0.));
#3770=DIRECTION('',(0.,0.,-1.));
#3771=DIRECTION('',(0.,-1.,0.));
#3772=DIRECTION('',(1.,0.,0.));
#3773=DIRECTION('',(0.,0.,-1.));
#3774=DIRECTION('',(0.,1.,0.));
#3775=DIRECTION('',(0.,0.,1.));
#3776=DIRECTION('',(-1.,0.,0.));
#3777=DIRECTION('',(0.,0.,-1.));
#3778=DIRECTION('',(-1.,0.,0.));
#3779=DIRECTION('',(-1.,0.,0.));
#3780=DIRECTION('',(0.,0.,1.));
#3781=DIRECTION('',(-1.,0.,0.));
#3782=DIRECTION('',(1.,0.,0.));
#3783=DIRECTION('',(0.,0.,-1.));
#3784=DIRECTION('',(0.,0.,-1.));
#3785=DIRECTION('',(-1.,0.,0.));
#3786=DIRECTION('',(-1.,0.,0.));
#3787=DIRECTION('',(0.,-1.,0.));
#3788=DIRECTION('',(-1.,0.,0.));
#3789=DIRECTION('',(0.,0.,1.));
#3790=DIRECTION('',(-1.,0.,0.));
#3791=DIRECTION('',(1.,0.,0.));
#3792=DIRECTION('',(0.,0.,-1.));
#3793=DIRECTION('',(0.,1.,0.));
#3794=DIRECTION('',(0.,0.,1.));
#3795=DIRECTION('',(-1.,0.,0.));
#3796=DIRECTION('',(0.,0.,-1.));
#3797=DIRECTION('',(-1.,0.,0.));
#3798=DIRECTION('',(0.,0.,1.));
#3799=DIRECTION('',(-1.,0.,0.));
#3800=DIRECTION('',(1.,0.,0.));
#3801=DIRECTION('',(0.,0.,-1.));
#3802=DIRECTION('',(0.,0.,-1.));
#3803=DIRECTION('',(-1.,0.,0.));
#3804=DIRECTION('',(-1.,0.,0.));
#3805=DIRECTION('',(0.,-1.,0.));
#3806=DIRECTION('',(-1.,0.,0.));
#3807=DIRECTION('',(0.,0.,1.));
#3808=DIRECTION('',(1.,0.,0.));
#3809=DIRECTION('',(0.,0.,-1.));
#3810=DIRECTION('',(1.,0.,0.));
#3811=DIRECTION('',(0.,1.,0.));
#3812=DIRECTION('',(0.,0.,-1.));
#3813=DIRECTION('',(1.,0.,0.));
#3814=DIRECTION('',(0.,0.,-1.));
#3815=DIRECTION('',(0.,-1.,0.));
#3816=DIRECTION('',(1.,0.,0.));
#3817=DIRECTION('',(0.,0.,-1.));
#3818=DIRECTION('',(0.,0.,-1.));
#3819=DIRECTION('',(1.,0.,0.));
#3820=DIRECTION('',(0.,0.,-1.));
#3821=DIRECTION('',(0.,-1.,0.));
#3822=DIRECTION('',(1.,0.,0.));
#3823=DIRECTION('',(0.,0.,-1.));
#3824=DIRECTION('',(0.,1.,0.));
#3825=DIRECTION('',(0.,0.,1.));
#3826=DIRECTION('',(-1.,0.,0.));
#3827=DIRECTION('',(0.,0.,-1.));
#3828=DIRECTION('',(-1.,0.,0.));
#3829=DIRECTION('',(-1.,0.,0.));
#3830=DIRECTION('',(0.,0.,1.));
#3831=DIRECTION('',(-1.,0.,0.));
#3832=DIRECTION('',(1.,0.,0.));
#3833=DIRECTION('',(0.,0.,-1.));
#3834=DIRECTION('',(0.,0.,-1.));
#3835=DIRECTION('',(-1.,0.,0.));
#3836=DIRECTION('',(-1.,0.,0.));
#3837=DIRECTION('',(0.,-1.,0.));
#3838=DIRECTION('',(-1.,0.,0.));
#3839=DIRECTION('',(0.,0.,1.));
#3840=DIRECTION('',(-1.,0.,0.));
#3841=DIRECTION('',(1.,0.,0.));
#3842=DIRECTION('',(0.,0.,-1.));
#3843=DIRECTION('',(0.,1.,0.));
#3844=DIRECTION('',(0.,0.,1.));
#3845=DIRECTION('',(-1.,0.,0.));
#3846=DIRECTION('',(0.,0.,-1.));
#3847=DIRECTION('',(-1.,0.,0.));
#3848=DIRECTION('',(0.,0.,1.));
#3849=DIRECTION('',(-1.,0.,0.));
#3850=DIRECTION('',(1.,0.,0.));
#3851=DIRECTION('',(0.,0.,-1.));
#3852=DIRECTION('',(0.,0.,-1.));
#3853=DIRECTION('',(-1.,0.,0.));
#3854=DIRECTION('',(-1.,0.,0.));
#3855=DIRECTION('',(0.,-1.,0.));
#3856=DIRECTION('',(-1.,0.,0.));
#3857=DIRECTION('',(0.,0.,1.));
#3858=DIRECTION('',(1.,0.,0.));
#3859=DIRECTION('',(0.,0.,-1.));
#3860=DIRECTION('',(1.,0.,0.));
#3861=DIRECTION('',(0.,1.,0.));
#3862=DIRECTION('',(0.,0.,-1.));
#3863=DIRECTION('',(1.,0.,0.));
#3864=DIRECTION('',(0.,0.,-1.));
#3865=DIRECTION('',(0.,-1.,0.));
#3866=DIRECTION('',(1.,0.,0.));
#3867=DIRECTION('',(0.,0.,-1.));
#3868=DIRECTION('',(0.,0.,-1.));
#3869=DIRECTION('',(1.,0.,0.));
#3870=DIRECTION('',(0.,0.,-1.));
#3871=DIRECTION('',(0.,-1.,0.));
#3872=DIRECTION('',(1.,0.,0.));
#3873=DIRECTION('',(0.,0.,-1.));
#3874=DIRECTION('',(0.,1.,0.));
#3875=DIRECTION('',(0.,0.,1.));
#3876=DIRECTION('',(-1.,0.,0.));
#3877=DIRECTION('',(0.,0.,-1.));
#3878=DIRECTION('',(-1.,0.,0.));
#3879=DIRECTION('',(-1.,0.,0.));
#3880=DIRECTION('',(0.,0.,1.));
#3881=DIRECTION('',(-1.,0.,0.));
#3882=DIRECTION('',(1.,0.,0.));
#3883=DIRECTION('',(0.,0.,-1.));
#3884=DIRECTION('',(0.,0.,-1.));
#3885=DIRECTION('',(-1.,0.,0.));
#3886=DIRECTION('',(-1.,0.,0.));
#3887=DIRECTION('',(0.,-1.,0.));
#3888=DIRECTION('',(-1.,0.,0.));
#3889=DIRECTION('',(0.,0.,1.));
#3890=DIRECTION('',(-1.,0.,0.));
#3891=DIRECTION('',(1.,0.,0.));
#3892=DIRECTION('',(0.,0.,-1.));
#3893=DIRECTION('',(0.,1.,0.));
#3894=DIRECTION('',(0.,0.,1.));
#3895=DIRECTION('',(-1.,0.,0.));
#3896=DIRECTION('',(0.,0.,-1.));
#3897=DIRECTION('',(-1.,0.,0.));
#3898=DIRECTION('',(0.,0.,1.));
#3899=DIRECTION('',(-1.,0.,0.));
#3900=DIRECTION('',(1.,0.,0.));
#3901=DIRECTION('',(0.,0.,-1.));
#3902=DIRECTION('',(0.,0.,-1.));
#3903=DIRECTION('',(-1.,0.,0.));
#3904=DIRECTION('',(-1.,0.,0.));
#3905=DIRECTION('',(0.,-1.,0.));
#3906=DIRECTION('',(-1.,0.,0.));
#3907=DIRECTION('',(0.,0.,1.));
#3908=DIRECTION('',(1.,0.,0.));
#3909=DIRECTION('',(0.,0.,-1.));
#3910=DIRECTION('',(1.,0.,0.));
#3911=DIRECTION('',(0.,1.,0.));
#3912=DIRECTION('',(0.,0.,-1.));
#3913=DIRECTION('',(1.,0.,0.));
#3914=DIRECTION('',(0.,0.,-1.));
#3915=DIRECTION('',(1.,0.,0.));
#3916=DIRECTION('',(0.,0.,-1.));
#3917=DIRECTION('',(0.,0.,-1.));
#3918=DIRECTION('',(1.,0.,0.));
#3919=DIRECTION('',(0.,0.,-1.));
#3920=DIRECTION('',(0.,-1.,0.));
#3921=DIRECTION('',(1.,0.,0.));
#3922=DIRECTION('',(0.,0.,-1.));
#3923=DIRECTION('',(0.,0.,-1.));
#3924=DIRECTION('',(1.,0.,0.));
#3925=DIRECTION('',(0.,0.,-1.));
#3926=DIRECTION('',(0.,-1.,0.));
#3927=DIRECTION('',(1.,0.,0.));
#3928=DIRECTION('',(0.,0.,-1.));
#3929=DIRECTION('',(1.,0.,0.));
#3930=DIRECTION('',(0.,0.,-1.));
#3931=DIRECTION('',(0.,0.,1.));
#3932=DIRECTION('',(1.,0.,0.));
#3933=DIRECTION('',(0.,1.,0.));
#3934=DIRECTION('',(0.,0.,1.));
#3935=DIRECTION('',(0.,-1.,0.));
#3936=DIRECTION('',(0.,0.,-1.));
#3937=DIRECTION('',(0.,1.,0.));
#3938=DIRECTION('',(0.,0.,1.));
#3939=DIRECTION('',(0.,0.,1.));
#3940=DIRECTION('',(1.,0.,0.));
#3941=DIRECTION('',(0.,0.,1.));
#3942=DIRECTION('',(1.,0.,0.));
#3943=DIRECTION('',(1.,0.,0.));
#3944=DIRECTION('',(0.,0.,-1.));
#3945=DIRECTION('',(0.,0.,1.));
#3946=DIRECTION('',(1.,0.,0.));
#3947=DIRECTION('',(1.,0.,0.));
#3948=DIRECTION('',(0.,0.,-1.));
#3949=DIRECTION('',(0.,1.,0.));
#3950=DIRECTION('',(0.,0.,1.));
#3951=DIRECTION('',(0.,0.,-1.));
#3952=DIRECTION('',(-1.,0.,0.));
#3953=DIRECTION('',(0.,0.,1.));
#3954=DIRECTION('',(1.,0.,0.));
#3955=DIRECTION('',(0.,1.,0.));
#3956=DIRECTION('',(0.,0.,1.));
#3957=DIRECTION('',(0.,1.,0.));
#3958=DIRECTION('',(0.,0.,1.));
#3959=DIRECTION('',(1.,0.,0.));
#3960=DIRECTION('',(0.,0.,-1.));
#3961=DIRECTION('',(1.,0.,0.));
#3962=DIRECTION('',(0.,0.,-1.));
#3963=DIRECTION('',(0.,0.,1.));
#3964=DIRECTION('',(1.,0.,0.));
#3965=DIRECTION('',(0.,1.,0.));
#3966=DIRECTION('',(0.,0.,1.));
#3967=DIRECTION('',(0.,-1.,0.));
#3968=DIRECTION('',(0.,0.,-1.));
#3969=DIRECTION('',(0.,1.,0.));
#3970=DIRECTION('',(0.,0.,1.));
#3971=DIRECTION('',(0.,0.,1.));
#3972=DIRECTION('',(1.,0.,0.));
#3973=DIRECTION('',(0.,0.,1.));
#3974=DIRECTION('',(1.,0.,0.));
#3975=DIRECTION('',(1.,0.,0.));
#3976=DIRECTION('',(0.,0.,-1.));
#3977=DIRECTION('',(0.,0.,1.));
#3978=DIRECTION('',(1.,0.,0.));
#3979=DIRECTION('',(1.,0.,0.));
#3980=DIRECTION('',(0.,0.,-1.));
#3981=DIRECTION('',(0.,1.,0.));
#3982=DIRECTION('',(0.,0.,1.));
#3983=DIRECTION('',(0.,0.,-1.));
#3984=DIRECTION('',(-1.,0.,0.));
#3985=DIRECTION('',(0.,0.,1.));
#3986=DIRECTION('',(1.,0.,0.));
#3987=DIRECTION('',(0.,1.,0.));
#3988=DIRECTION('',(0.,0.,1.));
#3989=DIRECTION('',(0.,1.,0.));
#3990=DIRECTION('',(0.,0.,1.));
#3991=DIRECTION('',(1.,0.,0.));
#3992=DIRECTION('',(0.,0.,-1.));
#3993=DIRECTION('',(1.,0.,0.));
#3994=DIRECTION('',(0.,0.,-1.));
#3995=DIRECTION('',(0.,0.,1.));
#3996=DIRECTION('',(1.,0.,0.));
#3997=DIRECTION('',(0.,1.,0.));
#3998=DIRECTION('',(0.,0.,1.));
#3999=DIRECTION('',(0.,-1.,0.));
#4000=DIRECTION('',(0.,0.,-1.));
#4001=DIRECTION('',(0.,1.,0.));
#4002=DIRECTION('',(0.,0.,1.));
#4003=DIRECTION('',(0.,0.,1.));
#4004=DIRECTION('',(1.,0.,0.));
#4005=DIRECTION('',(0.,0.,1.));
#4006=DIRECTION('',(1.,0.,0.));
#4007=DIRECTION('',(1.,0.,0.));
#4008=DIRECTION('',(0.,0.,-1.));
#4009=DIRECTION('',(0.,0.,1.));
#4010=DIRECTION('',(1.,0.,0.));
#4011=DIRECTION('',(1.,0.,0.));
#4012=DIRECTION('',(0.,0.,-1.));
#4013=DIRECTION('',(0.,1.,0.));
#4014=DIRECTION('',(0.,0.,1.));
#4015=DIRECTION('',(0.,0.,-1.));
#4016=DIRECTION('',(-1.,0.,0.));
#4017=DIRECTION('',(0.,0.,1.));
#4018=DIRECTION('',(1.,0.,0.));
#4019=DIRECTION('',(0.,1.,0.));
#4020=DIRECTION('',(0.,0.,1.));
#4021=DIRECTION('',(0.,1.,0.));
#4022=DIRECTION('',(0.,0.,1.));
#4023=DIRECTION('',(1.,0.,0.));
#4024=DIRECTION('',(0.,0.,-1.));
#4025=DIRECTION('',(1.,0.,0.));
#4026=DIRECTION('',(0.,0.,-1.));
#4027=DIRECTION('',(0.,0.,1.));
#4028=DIRECTION('',(1.,0.,0.));
#4029=DIRECTION('',(0.,1.,0.));
#4030=DIRECTION('',(0.,0.,1.));
#4031=DIRECTION('',(0.,-1.,0.));
#4032=DIRECTION('',(0.,0.,-1.));
#4033=DIRECTION('',(0.,1.,0.));
#4034=DIRECTION('',(0.,0.,1.));
#4035=DIRECTION('',(0.,0.,1.));
#4036=DIRECTION('',(1.,0.,0.));
#4037=DIRECTION('',(0.,0.,1.));
#4038=DIRECTION('',(1.,0.,0.));
#4039=DIRECTION('',(1.,0.,0.));
#4040=DIRECTION('',(0.,0.,-1.));
#4041=DIRECTION('',(0.,0.,1.));
#4042=DIRECTION('',(1.,0.,0.));
#4043=DIRECTION('',(1.,0.,0.));
#4044=DIRECTION('',(0.,0.,-1.));
#4045=DIRECTION('',(0.,1.,0.));
#4046=DIRECTION('',(0.,0.,1.));
#4047=DIRECTION('',(0.,0.,-1.));
#4048=DIRECTION('',(-1.,0.,0.));
#4049=DIRECTION('',(0.,0.,1.));
#4050=DIRECTION('',(1.,0.,0.));
#4051=DIRECTION('',(0.,1.,0.));
#4052=DIRECTION('',(0.,0.,1.));
#4053=DIRECTION('',(0.,1.,0.));
#4054=DIRECTION('',(0.,0.,1.));
#4055=DIRECTION('',(1.,0.,0.));
#4056=DIRECTION('',(0.,0.,-1.));
#4057=DIRECTION('',(0.,0.,-1.));
#4058=DIRECTION('',(-1.,0.,0.));
#4059=DIRECTION('',(0.,0.,-1.));
#4060=DIRECTION('',(-1.,0.,0.));
#4061=DIRECTION('',(0.,0.,1.));
#4062=DIRECTION('',(0.,0.,-1.));
#4063=DIRECTION('',(-1.,0.,0.));
#4064=DIRECTION('',(1.,0.,0.));
#4065=DIRECTION('',(0.,0.,-1.));
#4066=DIRECTION('',(0.,1.,0.));
#4067=DIRECTION('',(0.,0.,-1.));
#4068=DIRECTION('',(0.,1.,0.));
#4069=DIRECTION('',(0.,0.,1.));
#4070=DIRECTION('',(1.,0.,0.));
#4071=DIRECTION('',(1.,0.,0.));
#4072=DIRECTION('',(0.,0.,1.));
#4073=DIRECTION('',(1.,0.,0.));
#4074=DIRECTION('',(0.,0.,-1.));
#4075=DIRECTION('',(-1.,0.,0.));
#4076=DIRECTION('',(0.,0.,1.));
#4077=DIRECTION('',(1.,0.,0.));
#4078=DIRECTION('',(0.,1.,0.));
#4079=DIRECTION('',(1.,0.,0.));
#4080=DIRECTION('',(0.,0.,-1.));
#4081=DIRECTION('',(0.,0.,-1.));
#4082=DIRECTION('',(0.,1.,0.));
#4083=DIRECTION('',(0.,0.,-1.));
#4084=DIRECTION('',(0.,0.,1.));
#4085=DIRECTION('',(1.,0.,0.));
#4086=DIRECTION('',(0.,0.,1.));
#4087=DIRECTION('',(1.,0.,0.));
#4088=DIRECTION('',(1.,0.,0.));
#4089=DIRECTION('',(0.,0.,1.));
#4090=DIRECTION('',(1.,0.,0.));
#4091=DIRECTION('',(0.,0.,-1.));
#4092=DIRECTION('',(-1.,0.,0.));
#4093=DIRECTION('',(0.,1.,0.));
#4094=DIRECTION('',(-1.,0.,0.));
#4095=DIRECTION('',(0.,0.,-1.));
#4096=DIRECTION('',(0.,0.,1.));
#4097=DIRECTION('',(1.,0.,0.));
#4098=DIRECTION('',(0.,0.,-1.));
#4099=DIRECTION('',(-1.,0.,0.));
#4100=DIRECTION('',(0.,0.,-1.));
#4101=DIRECTION('',(-1.,0.,0.));
#4102=DIRECTION('',(0.,0.,1.));
#4103=DIRECTION('',(1.,0.,0.));
#4104=CARTESIAN_POINT('',(0.,0.,0.));
#4105=CARTESIAN_POINT('',(0.036,0.0131530257165432,-0.0601267972959132));
#4106=CARTESIAN_POINT('',(0.0349791411228793,0.0131530257165432,-0.0617862219678363));
#4107=CARTESIAN_POINT('',(0.0342825391749033,0.0131530257165432,-0.0617862219678363));
#4108=CARTESIAN_POINT('',(0.0359916921431468,0.0131530257165432,-0.0617862219678363));
#4109=CARTESIAN_POINT('',(0.03549302,0.0131530257165432,-0.0616948172959132));
#4110=CARTESIAN_POINT('',(0.03549302,0.0131530257165432,-0.0622017972959132));
#4111=CARTESIAN_POINT('',(0.036,0.0131530257165432,-0.0622017972959132));
#4112=CARTESIAN_POINT('',(0.034,0.0131530257165432,-0.0622017972959132));
#4113=CARTESIAN_POINT('',(0.034,0.0131530257165432,-0.0601267972959132));
#4114=CARTESIAN_POINT('',(0.034,0.0131530257165432,-0.0580517972959132));
#4115=CARTESIAN_POINT('',(0.036,0.0131530257165432,-0.0580517972959132));
#4116=CARTESIAN_POINT('',(0.0354205887450304,0.0131530257165432,-0.0580517972959132));
#4117=CARTESIAN_POINT('',(0.0354205887450304,0.0131530257165432,-0.0586312085508828));
#4118=CARTESIAN_POINT('',(0.0359903820809697,0.0131530257165432,-0.0585260755080057));
#4119=CARTESIAN_POINT('',(0.0349791411228793,0.0131530257165432,-0.0585260755080057));
#4120=CARTESIAN_POINT('',(0.0342825391749033,0.0131530257165432,-0.0585260755080057));
#4121=CARTESIAN_POINT('',(0.0342825391749033,0.0131530257165432,-0.060156148737921));
#4122=CARTESIAN_POINT('',(0.036,0.0121530257165432,-0.0622017972959132));
#4123=CARTESIAN_POINT('',(0.034,0.0131530257165432,-0.0622017972959132));
#4124=CARTESIAN_POINT('',(0.034,0.0116600057165432,-0.0622017972959132));
#4125=CARTESIAN_POINT('',(0.034,0.0121530257165432,-0.0622017972959132));
#4126=CARTESIAN_POINT('',(0.036,0.0121530257165432,-0.0580517972959132));
#4127=CARTESIAN_POINT('',(0.034,0.0121530257165432,-0.0580517972959132));
#4128=CARTESIAN_POINT('',(0.034,0.0117324369715127,-0.0580517972959132));
#4129=CARTESIAN_POINT('',(0.034,0.0131530257165432,-0.0580517972959132));
#4130=CARTESIAN_POINT('',(0.034,0.0131530257165432,-0.0586312085508828));
#4131=CARTESIAN_POINT('',(0.035999707807416,0.0131188396819745,-0.0586312085508828));
#4132=CARTESIAN_POINT('',(0.035999707807416,0.0131188396819745,-0.0585958191453856));
#4133=CARTESIAN_POINT('',(0.035996472181063,0.0131176260522617,-0.0585607725747391));
#4134=CARTESIAN_POINT('',(0.0359900183124463,0.013114973852281,-0.0585260755080057));
#4135=CARTESIAN_POINT('',(0.035999707807416,0.0131188396819745,-0.0586312085508828));
#4136=CARTESIAN_POINT('',(0.0359900183124463,0.013114973852281,-0.0585260755080057));
#4137=CARTESIAN_POINT('',(0.034,0.0131530257165432,-0.0585260755080057));
#4138=CARTESIAN_POINT('',(0.034,0.0117324369715127,-0.0586312085508828));
#4139=CARTESIAN_POINT('',(0.034,0.0111530257165432,-0.0586312085508828));
#4140=CARTESIAN_POINT('',(0.034,0.0131530257165432,-0.0586312085508828));
#4141=CARTESIAN_POINT('',(0.0348136661586253,0.0126841527002653,-0.060156148737921));
#4142=CARTESIAN_POINT('',(0.0348136661586253,0.0126841527002653,-0.0585260755080057));
#4143=CARTESIAN_POINT('',(0.0348136661586253,0.0121530257165432,-0.0585260755080057));
#4144=CARTESIAN_POINT('',(0.0342825391749033,0.0126841527002653,-0.0585260755080057));
#4145=CARTESIAN_POINT('',(0.0348136661586253,0.0121530257165432,-0.0585260755080057));
#4146=CARTESIAN_POINT('',(0.0348136661586253,0.0121530257165432,-0.0617862219678363));
#4147=CARTESIAN_POINT('',(0.0348136661586253,0.0126841527002653,-0.0617862219678363));
#4148=CARTESIAN_POINT('',(0.0342825391749033,0.0126841527002653,-0.0617862219678363));
#4149=CARTESIAN_POINT('',(0.0342825391749033,0.0126841527002653,-0.0617862219678363));
#4150=CARTESIAN_POINT('',(0.034,0.0131530257165432,-0.0616948172959132));
#4151=CARTESIAN_POINT('',(0.034,0.0131530257165432,-0.0617862219678363));
#4152=CARTESIAN_POINT('',(0.0359913388690132,0.0131155143605283,-0.0617862219678363));
#4153=CARTESIAN_POINT('',(0.0359913388690132,0.0131155143605283,-0.0617862219678363));
#4154=CARTESIAN_POINT('',(0.035996912872132,0.0131177866659349,-0.0617560510190068));
#4155=CARTESIAN_POINT('',(0.035999707807416,0.0131188396819745,-0.0617255812629497));
#4156=CARTESIAN_POINT('',(0.035999707807416,0.0131188396819745,-0.0616948172959132));
#4157=CARTESIAN_POINT('',(0.035999707807416,0.0131188396819745,-0.0616948172959132));
#4158=CARTESIAN_POINT('',(0.034,0.0131530257165432,-0.0616948172959132));
#4159=CARTESIAN_POINT('',(0.034,0.0111530257165432,-0.0616948172959132));
#4160=CARTESIAN_POINT('',(0.034,0.0116600057165432,-0.0616948172959132));
#4161=CARTESIAN_POINT('',(0.034,0.0131530257165432,-0.0555417972959132));
#4162=CARTESIAN_POINT('',(0.035999707807416,0.0131188396819745,-0.060163012923398));
#4163=CARTESIAN_POINT('',(0.034,0.0111530257165432,-0.0601267972959132));
#4164=CARTESIAN_POINT('',(0.0361827230708553,0.0126460457165432,-0.060156148737921));
#4165=CARTESIAN_POINT('',(0.0361827230708553,0.0126460457165432,-0.0617862219678363));
#4166=CARTESIAN_POINT('',(0.0356757430708554,0.0126460457165432,-0.0617862219678363));
#4167=CARTESIAN_POINT('',(0.0356757430708554,0.0126460457165432,-0.0617862219678363));
#4168=CARTESIAN_POINT('',(0.0356757430708554,0.0126460457165432,-0.0585260755080057));
#4169=CARTESIAN_POINT('',(0.0361827230708553,0.0126460457165432,-0.0585260755080057));
#4170=CARTESIAN_POINT('',(0.0349791411228793,0.0121530257165432,-0.0617862219678363));
#4171=CARTESIAN_POINT('',(0.0342825391749033,0.0121530257165432,-0.0617862219678363));
#4172=CARTESIAN_POINT('',(0.0349791411228793,0.0121530257165432,-0.0617862219678363));
#4173=CARTESIAN_POINT('',(0.0356757430708554,0.0121530257165432,-0.0617862219678363));
#4174=CARTESIAN_POINT('',(0.0356757430708554,0.0121530257165432,-0.0617862219678363));
#4175=CARTESIAN_POINT('',(0.0349791411228793,0.0121530257165432,-0.0585260755080057));
#4176=CARTESIAN_POINT('',(0.0349791411228793,0.0121530257165432,-0.0585260755080057));
#4177=CARTESIAN_POINT('',(0.0356757430708554,0.0121530257165432,-0.0585260755080057));
#4178=CARTESIAN_POINT('',(0.0342825391749033,0.0121530257165432,-0.0585260755080057));
#4179=CARTESIAN_POINT('',(0.0356757430708554,0.0121530257165432,-0.0585260755080057));
#4180=CARTESIAN_POINT('',(0.0356757430708554,0.0121530257165432,-0.060156148737921));
#4181=CARTESIAN_POINT('',(0.0356757430708554,0.0121530257165432,-0.060156148737921));
#4182=CARTESIAN_POINT('',(0.0342825391749033,0.0121530257165432,-0.060156148737921));
#4183=CARTESIAN_POINT('',(0.035,0.0121530257165432,-0.0601267972959132));
#4184=CARTESIAN_POINT('',(0.036,0.0131530257165432,-0.0426267972959132));
#4185=CARTESIAN_POINT('',(0.0349791411228793,0.0131530257165432,-0.0442862219678363));
#4186=CARTESIAN_POINT('',(0.0342825391749033,0.0131530257165432,-0.0442862219678363));
#4187=CARTESIAN_POINT('',(0.0359916921431468,0.0131530257165432,-0.0442862219678363));
#4188=CARTESIAN_POINT('',(0.03549302,0.0131530257165432,-0.0441948172959132));
#4189=CARTESIAN_POINT('',(0.03549302,0.0131530257165432,-0.0447017972959132));
#4190=CARTESIAN_POINT('',(0.036,0.0131530257165432,-0.0447017972959132));
#4191=CARTESIAN_POINT('',(0.034,0.0131530257165432,-0.0447017972959132));
#4192=CARTESIAN_POINT('',(0.034,0.0131530257165432,-0.0426267972959132));
#4193=CARTESIAN_POINT('',(0.034,0.0131530257165432,-0.0405517972959132));
#4194=CARTESIAN_POINT('',(0.036,0.0131530257165432,-0.0405517972959132));
#4195=CARTESIAN_POINT('',(0.0354205887450304,0.0131530257165432,-0.0405517972959132));
#4196=CARTESIAN_POINT('',(0.0354205887450304,0.0131530257165432,-0.0411312085508828));
#4197=CARTESIAN_POINT('',(0.0359903820809697,0.0131530257165432,-0.0410260755080057));
#4198=CARTESIAN_POINT('',(0.0349791411228793,0.0131530257165432,-0.0410260755080057));
#4199=CARTESIAN_POINT('',(0.0342825391749033,0.0131530257165432,-0.0410260755080057));
#4200=CARTESIAN_POINT('',(0.0342825391749033,0.0131530257165432,-0.042656148737921));
#4201=CARTESIAN_POINT('',(0.036,0.0121530257165432,-0.0447017972959132));
#4202=CARTESIAN_POINT('',(0.034,0.0131530257165432,-0.0447017972959132));
#4203=CARTESIAN_POINT('',(0.034,0.0116600057165432,-0.0447017972959132));
#4204=CARTESIAN_POINT('',(0.034,0.0121530257165432,-0.0447017972959132));
#4205=CARTESIAN_POINT('',(0.036,0.0121530257165432,-0.0405517972959132));
#4206=CARTESIAN_POINT('',(0.034,0.0121530257165432,-0.0405517972959132));
#4207=CARTESIAN_POINT('',(0.034,0.0117324369715127,-0.0405517972959132));
#4208=CARTESIAN_POINT('',(0.034,0.0131530257165432,-0.0405517972959132));
#4209=CARTESIAN_POINT('',(0.034,0.0131530257165432,-0.0411312085508828));
#4210=CARTESIAN_POINT('',(0.035999707807416,0.0131188396819745,-0.0411312085508828));
#4211=CARTESIAN_POINT('',(0.035999707807416,0.0131188396819745,-0.0410958191453856));
#4212=CARTESIAN_POINT('',(0.035996472181063,0.0131176260522617,-0.0410607725747391));
#4213=CARTESIAN_POINT('',(0.0359900183124463,0.013114973852281,-0.0410260755080057));
#4214=CARTESIAN_POINT('',(0.035999707807416,0.0131188396819745,-0.0411312085508828));
#4215=CARTESIAN_POINT('',(0.0359900183124463,0.013114973852281,-0.0410260755080057));
#4216=CARTESIAN_POINT('',(0.034,0.0131530257165432,-0.0410260755080057));
#4217=CARTESIAN_POINT('',(0.034,0.0117324369715127,-0.0411312085508828));
#4218=CARTESIAN_POINT('',(0.034,0.0111530257165432,-0.0411312085508828));
#4219=CARTESIAN_POINT('',(0.034,0.0131530257165432,-0.0411312085508828));
#4220=CARTESIAN_POINT('',(0.0348136661586253,0.0126841527002653,-0.042656148737921));
#4221=CARTESIAN_POINT('',(0.0348136661586253,0.0126841527002653,-0.0410260755080057));
#4222=CARTESIAN_POINT('',(0.0348136661586253,0.0121530257165432,-0.0410260755080057));
#4223=CARTESIAN_POINT('',(0.0342825391749033,0.0126841527002653,-0.0410260755080057));
#4224=CARTESIAN_POINT('',(0.0348136661586253,0.0121530257165432,-0.0410260755080057));
#4225=CARTESIAN_POINT('',(0.0348136661586253,0.0121530257165432,-0.0442862219678363));
#4226=CARTESIAN_POINT('',(0.0348136661586253,0.0126841527002653,-0.0442862219678363));
#4227=CARTESIAN_POINT('',(0.0342825391749033,0.0126841527002653,-0.0442862219678363));
#4228=CARTESIAN_POINT('',(0.0342825391749033,0.0126841527002653,-0.0442862219678363));
#4229=CARTESIAN_POINT('',(0.034,0.0131530257165432,-0.0441948172959132));
#4230=CARTESIAN_POINT('',(0.034,0.0131530257165432,-0.0442862219678363));
#4231=CARTESIAN_POINT('',(0.0359913388690132,0.0131155143605283,-0.0442862219678363));
#4232=CARTESIAN_POINT('',(0.0359913388690132,0.0131155143605283,-0.0442862219678363));
#4233=CARTESIAN_POINT('',(0.035996912872132,0.0131177866659349,-0.0442560510190068));
#4234=CARTESIAN_POINT('',(0.035999707807416,0.0131188396819745,-0.0442255812629497));
#4235=CARTESIAN_POINT('',(0.035999707807416,0.0131188396819745,-0.0441948172959132));
#4236=CARTESIAN_POINT('',(0.035999707807416,0.0131188396819745,-0.0441948172959132));
#4237=CARTESIAN_POINT('',(0.034,0.0131530257165432,-0.0441948172959132));
#4238=CARTESIAN_POINT('',(0.034,0.0111530257165432,-0.0441948172959132));
#4239=CARTESIAN_POINT('',(0.034,0.0116600057165432,-0.0441948172959132));
#4240=CARTESIAN_POINT('',(0.034,0.0131530257165432,-0.0380417972959132));
#4241=CARTESIAN_POINT('',(0.035999707807416,0.0131188396819745,-0.042663012923398));
#4242=CARTESIAN_POINT('',(0.034,0.0111530257165432,-0.0426267972959132));
#4243=CARTESIAN_POINT('',(0.0361827230708553,0.0126460457165432,-0.042656148737921));
#4244=CARTESIAN_POINT('',(0.0361827230708553,0.0126460457165432,-0.0442862219678363));
#4245=CARTESIAN_POINT('',(0.0356757430708554,0.0126460457165432,-0.0442862219678363));
#4246=CARTESIAN_POINT('',(0.0356757430708554,0.0126460457165432,-0.0442862219678363));
#4247=CARTESIAN_POINT('',(0.0356757430708554,0.0126460457165432,-0.0410260755080057));
#4248=CARTESIAN_POINT('',(0.0361827230708553,0.0126460457165432,-0.0410260755080057));
#4249=CARTESIAN_POINT('',(0.0349791411228793,0.0121530257165432,-0.0442862219678363));
#4250=CARTESIAN_POINT('',(0.0342825391749033,0.0121530257165432,-0.0442862219678363));
#4251=CARTESIAN_POINT('',(0.0349791411228793,0.0121530257165432,-0.0442862219678363));
#4252=CARTESIAN_POINT('',(0.0356757430708554,0.0121530257165432,-0.0442862219678363));
#4253=CARTESIAN_POINT('',(0.0356757430708554,0.0121530257165432,-0.0442862219678363));
#4254=CARTESIAN_POINT('',(0.0349791411228793,0.0121530257165432,-0.0410260755080057));
#4255=CARTESIAN_POINT('',(0.0349791411228793,0.0121530257165432,-0.0410260755080057));
#4256=CARTESIAN_POINT('',(0.0356757430708554,0.0121530257165432,-0.0410260755080057));
#4257=CARTESIAN_POINT('',(0.0342825391749033,0.0121530257165432,-0.0410260755080057));
#4258=CARTESIAN_POINT('',(0.0356757430708554,0.0121530257165432,-0.0410260755080057));
#4259=CARTESIAN_POINT('',(0.0356757430708554,0.0121530257165432,-0.042656148737921));
#4260=CARTESIAN_POINT('',(0.0356757430708554,0.0121530257165432,-0.042656148737921));
#4261=CARTESIAN_POINT('',(0.0342825391749033,0.0121530257165432,-0.042656148737921));
#4262=CARTESIAN_POINT('',(0.035,0.0121530257165432,-0.0426267972959132));
#4263=CARTESIAN_POINT('',(0.036,0.0131530257165432,-0.0251267972959132));
#4264=CARTESIAN_POINT('',(0.0349791411228793,0.0131530257165432,-0.0267862219678363));
#4265=CARTESIAN_POINT('',(0.0342825391749033,0.0131530257165432,-0.0267862219678363));
#4266=CARTESIAN_POINT('',(0.0359916921431468,0.0131530257165432,-0.0267862219678363));
#4267=CARTESIAN_POINT('',(0.03549302,0.0131530257165432,-0.0266948172959132));
#4268=CARTESIAN_POINT('',(0.03549302,0.0131530257165432,-0.0272017972959132));
#4269=CARTESIAN_POINT('',(0.036,0.0131530257165432,-0.0272017972959132));
#4270=CARTESIAN_POINT('',(0.034,0.0131530257165432,-0.0272017972959132));
#4271=CARTESIAN_POINT('',(0.034,0.0131530257165432,-0.0251267972959132));
#4272=CARTESIAN_POINT('',(0.034,0.0131530257165432,-0.0230517972959132));
#4273=CARTESIAN_POINT('',(0.036,0.0131530257165432,-0.0230517972959132));
#4274=CARTESIAN_POINT('',(0.0354205887450304,0.0131530257165432,-0.0230517972959132));
#4275=CARTESIAN_POINT('',(0.0354205887450304,0.0131530257165432,-0.0236312085508827));
#4276=CARTESIAN_POINT('',(0.0359903820809697,0.0131530257165432,-0.0235260755080057));
#4277=CARTESIAN_POINT('',(0.0349791411228793,0.0131530257165432,-0.0235260755080057));
#4278=CARTESIAN_POINT('',(0.0342825391749033,0.0131530257165432,-0.0235260755080057));
#4279=CARTESIAN_POINT('',(0.0342825391749033,0.0131530257165432,-0.025156148737921));
#4280=CARTESIAN_POINT('',(0.036,0.0121530257165432,-0.0272017972959132));
#4281=CARTESIAN_POINT('',(0.034,0.0131530257165432,-0.0272017972959132));
#4282=CARTESIAN_POINT('',(0.034,0.0116600057165432,-0.0272017972959132));
#4283=CARTESIAN_POINT('',(0.034,0.0121530257165432,-0.0272017972959132));
#4284=CARTESIAN_POINT('',(0.036,0.0121530257165432,-0.0230517972959132));
#4285=CARTESIAN_POINT('',(0.034,0.0121530257165432,-0.0230517972959132));
#4286=CARTESIAN_POINT('',(0.034,0.0117324369715127,-0.0230517972959132));
#4287=CARTESIAN_POINT('',(0.034,0.0131530257165432,-0.0230517972959132));
#4288=CARTESIAN_POINT('',(0.034,0.0131530257165432,-0.0236312085508827));
#4289=CARTESIAN_POINT('',(0.035999707807416,0.0131188396819745,-0.0236312085508827));
#4290=CARTESIAN_POINT('',(0.035999707807416,0.0131188396819745,-0.0235958191453856));
#4291=CARTESIAN_POINT('',(0.035996472181063,0.0131176260522617,-0.0235607725747391));
#4292=CARTESIAN_POINT('',(0.0359900183124463,0.013114973852281,-0.0235260755080057));
#4293=CARTESIAN_POINT('',(0.035999707807416,0.0131188396819745,-0.0236312085508827));
#4294=CARTESIAN_POINT('',(0.0359900183124463,0.013114973852281,-0.0235260755080057));
#4295=CARTESIAN_POINT('',(0.034,0.0131530257165432,-0.0235260755080057));
#4296=CARTESIAN_POINT('',(0.034,0.0117324369715127,-0.0236312085508827));
#4297=CARTESIAN_POINT('',(0.034,0.0111530257165432,-0.0236312085508827));
#4298=CARTESIAN_POINT('',(0.034,0.0131530257165432,-0.0236312085508827));
#4299=CARTESIAN_POINT('',(0.0348136661586253,0.0126841527002653,-0.025156148737921));
#4300=CARTESIAN_POINT('',(0.0348136661586253,0.0126841527002653,-0.0235260755080057));
#4301=CARTESIAN_POINT('',(0.0348136661586253,0.0121530257165432,-0.0235260755080057));
#4302=CARTESIAN_POINT('',(0.0342825391749033,0.0126841527002653,-0.0235260755080057));
#4303=CARTESIAN_POINT('',(0.0348136661586253,0.0121530257165432,-0.0235260755080057));
#4304=CARTESIAN_POINT('',(0.0348136661586253,0.0121530257165432,-0.0267862219678363));
#4305=CARTESIAN_POINT('',(0.0348136661586253,0.0126841527002653,-0.0267862219678363));
#4306=CARTESIAN_POINT('',(0.0342825391749033,0.0126841527002653,-0.0267862219678363));
#4307=CARTESIAN_POINT('',(0.0342825391749033,0.0126841527002653,-0.0267862219678363));
#4308=CARTESIAN_POINT('',(0.034,0.0131530257165432,-0.0266948172959132));
#4309=CARTESIAN_POINT('',(0.034,0.0131530257165432,-0.0267862219678363));
#4310=CARTESIAN_POINT('',(0.0359913388690132,0.0131155143605283,-0.0267862219678363));
#4311=CARTESIAN_POINT('',(0.0359913388690132,0.0131155143605283,-0.0267862219678363));
#4312=CARTESIAN_POINT('',(0.035996912872132,0.0131177866659349,-0.0267560510190068));
#4313=CARTESIAN_POINT('',(0.035999707807416,0.0131188396819745,-0.0267255812629497));
#4314=CARTESIAN_POINT('',(0.035999707807416,0.0131188396819745,-0.0266948172959132));
#4315=CARTESIAN_POINT('',(0.035999707807416,0.0131188396819745,-0.0266948172959132));
#4316=CARTESIAN_POINT('',(0.034,0.0131530257165432,-0.0266948172959132));
#4317=CARTESIAN_POINT('',(0.034,0.0111530257165432,-0.0266948172959132));
#4318=CARTESIAN_POINT('',(0.034,0.0116600057165432,-0.0266948172959132));
#4319=CARTESIAN_POINT('',(0.034,0.0131530257165432,-0.0205417972959132));
#4320=CARTESIAN_POINT('',(0.035999707807416,0.0131188396819745,-0.025163012923398));
#4321=CARTESIAN_POINT('',(0.034,0.0111530257165432,-0.0251267972959132));
#4322=CARTESIAN_POINT('',(0.0361827230708553,0.0126460457165432,-0.025156148737921));
#4323=CARTESIAN_POINT('',(0.0361827230708553,0.0126460457165432,-0.0267862219678363));
#4324=CARTESIAN_POINT('',(0.0356757430708554,0.0126460457165432,-0.0267862219678363));
#4325=CARTESIAN_POINT('',(0.0356757430708554,0.0126460457165432,-0.0267862219678363));
#4326=CARTESIAN_POINT('',(0.0356757430708554,0.0126460457165432,-0.0235260755080057));
#4327=CARTESIAN_POINT('',(0.0361827230708553,0.0126460457165432,-0.0235260755080057));
#4328=CARTESIAN_POINT('',(0.0349791411228793,0.0121530257165432,-0.0267862219678363));
#4329=CARTESIAN_POINT('',(0.0342825391749033,0.0121530257165432,-0.0267862219678363));
#4330=CARTESIAN_POINT('',(0.0349791411228793,0.0121530257165432,-0.0267862219678363));
#4331=CARTESIAN_POINT('',(0.0356757430708554,0.0121530257165432,-0.0267862219678363));
#4332=CARTESIAN_POINT('',(0.0356757430708554,0.0121530257165432,-0.0267862219678363));
#4333=CARTESIAN_POINT('',(0.0349791411228793,0.0121530257165432,-0.0235260755080057));
#4334=CARTESIAN_POINT('',(0.0349791411228793,0.0121530257165432,-0.0235260755080057));
#4335=CARTESIAN_POINT('',(0.0356757430708554,0.0121530257165432,-0.0235260755080057));
#4336=CARTESIAN_POINT('',(0.0342825391749033,0.0121530257165432,-0.0235260755080057));
#4337=CARTESIAN_POINT('',(0.0356757430708554,0.0121530257165432,-0.0235260755080057));
#4338=CARTESIAN_POINT('',(0.0356757430708554,0.0121530257165432,-0.025156148737921));
#4339=CARTESIAN_POINT('',(0.0356757430708554,0.0121530257165432,-0.025156148737921));
#4340=CARTESIAN_POINT('',(0.0342825391749033,0.0121530257165432,-0.025156148737921));
#4341=CARTESIAN_POINT('',(0.035,0.0121530257165432,-0.0251267972959132));
#4342=CARTESIAN_POINT('',(0.036,0.0131530257165432,-0.00762679729591322));
#4343=CARTESIAN_POINT('',(0.0349791411228793,0.0131530257165432,-0.00928622196783628));
#4344=CARTESIAN_POINT('',(0.0342825391749033,0.0131530257165432,-0.00928622196783628));
#4345=CARTESIAN_POINT('',(0.0359916921431468,0.0131530257165432,-0.00928622196783628));
#4346=CARTESIAN_POINT('',(0.03549302,0.0131530257165432,-0.00919481729591322));
#4347=CARTESIAN_POINT('',(0.03549302,0.0131530257165432,-0.00970179729591322));
#4348=CARTESIAN_POINT('',(0.036,0.0131530257165432,-0.00970179729591322));
#4349=CARTESIAN_POINT('',(0.034,0.0131530257165432,-0.00970179729591322));
#4350=CARTESIAN_POINT('',(0.034,0.0131530257165432,-0.00762679729591322));
#4351=CARTESIAN_POINT('',(0.034,0.0131530257165432,-0.00555179729591322));
#4352=CARTESIAN_POINT('',(0.036,0.0131530257165432,-0.00555179729591322));
#4353=CARTESIAN_POINT('',(0.0354205887450304,0.0131530257165432,-0.00555179729591322));
#4354=CARTESIAN_POINT('',(0.0354205887450304,0.0131530257165432,-0.00613120855088276));
#4355=CARTESIAN_POINT('',(0.0359903820809697,0.0131530257165432,-0.0060260755080057));
#4356=CARTESIAN_POINT('',(0.0349791411228793,0.0131530257165432,-0.0060260755080057));
#4357=CARTESIAN_POINT('',(0.0342825391749033,0.0131530257165432,-0.0060260755080057));
#4358=CARTESIAN_POINT('',(0.0342825391749033,0.0131530257165432,-0.00765614873792099));
#4359=CARTESIAN_POINT('',(0.036,0.0121530257165432,-0.00555179729591322));
#4360=CARTESIAN_POINT('',(0.034,0.0121530257165432,-0.00555179729591322));
#4361=CARTESIAN_POINT('',(0.034,0.0117324369715127,-0.00555179729591322));
#4362=CARTESIAN_POINT('',(0.034,0.0131530257165432,-0.00555179729591322));
#4363=CARTESIAN_POINT('',(0.036,0.0121530257165432,-0.00970179729591322));
#4364=CARTESIAN_POINT('',(0.034,0.0131530257165432,-0.00970179729591322));
#4365=CARTESIAN_POINT('',(0.034,0.0116600057165432,-0.00970179729591322));
#4366=CARTESIAN_POINT('',(0.034,0.0121530257165432,-0.00970179729591322));
#4367=CARTESIAN_POINT('',(0.0325,0.0171875,-0.017185));
#4368=CARTESIAN_POINT('',(0.0325,0.,-0.034375));
#4369=CARTESIAN_POINT('',(0.0325,0.,0.03438));
#4370=CARTESIAN_POINT('',(0.0325,0.,-0.06875));
#4371=CARTESIAN_POINT('',(0.0325,0.00859375,-0.06875));
#4372=CARTESIAN_POINT('',(0.0325,0.034375,-0.06875));
#4373=CARTESIAN_POINT('',(0.0325,0.034375,-0.0506901373845411));
#4374=CARTESIAN_POINT('',(0.0325,0.0171875,-0.0562352687120438));
#4375=CARTESIAN_POINT('',(0.0325,0.0171875,-0.0281176343560219));
#4376=CARTESIAN_POINT('',(0.0325,0.0171875,0.));
#4377=CARTESIAN_POINT('',(0.0325,0.0171875,0.));
#4378=CARTESIAN_POINT('',(0.0325,0.0142586110159755,0.0122298235073686));
#4379=CARTESIAN_POINT('',(0.0325,0.00490762060508132,0.00920450314879417));
#4380=CARTESIAN_POINT('',(0.0325,0.,0.03438));
#4381=CARTESIAN_POINT('',(0.0325,0.013712389132579,-0.0559625154513743));
#4382=CARTESIAN_POINT('',(0.0325,0.0163680240511894,-0.0559625154513743));
#4383=CARTESIAN_POINT('',(0.0325,0.013712389132579,-0.0533068805327639));
#4384=CARTESIAN_POINT('',(0.0325,0.0163680240511894,-0.0600909315492027));
#4385=CARTESIAN_POINT('',(0.0325,0.0163680240511894,-0.064219347647031));
#4386=CARTESIAN_POINT('',(0.0325,0.013712389132579,-0.064219347647031));
#4387=CARTESIAN_POINT('',(0.0325,0.013712389132579,-0.0668749825656414));
#4388=CARTESIAN_POINT('',(0.0325,0.00864429006469436,-0.0668749825656414));
#4389=CARTESIAN_POINT('',(0.0325,0.0035761909968097,-0.0668749825656414));
#4390=CARTESIAN_POINT('',(0.0325,0.0035761909968097,-0.064219347647031));
#4391=CARTESIAN_POINT('',(0.0325,0.000920556078199297,-0.064219347647031));
#4392=CARTESIAN_POINT('',(0.0325,0.000920556078199297,-0.0600909315492027));
#4393=CARTESIAN_POINT('',(0.0325,0.000920556078199295,-0.0559625154513743));
#4394=CARTESIAN_POINT('',(0.0325,0.0035761909968097,-0.0559625154513743));
#4395=CARTESIAN_POINT('',(0.0325,0.0035761909968097,-0.0533068805327639));
#4396=CARTESIAN_POINT('',(0.0325,0.00864429006469436,-0.0533068805327639));
#4397=CARTESIAN_POINT('',(0.0325,0.013712389132579,-0.0384625154513743));
#4398=CARTESIAN_POINT('',(0.0325,0.0163680240511894,-0.0384625154513743));
#4399=CARTESIAN_POINT('',(0.0325,0.013712389132579,-0.0358068805327639));
#4400=CARTESIAN_POINT('',(0.0325,0.0163680240511894,-0.0425909315492026));
#4401=CARTESIAN_POINT('',(0.0325,0.0163680240511894,-0.046719347647031));
#4402=CARTESIAN_POINT('',(0.0325,0.013712389132579,-0.046719347647031));
#4403=CARTESIAN_POINT('',(0.0325,0.013712389132579,-0.0493749825656414));
#4404=CARTESIAN_POINT('',(0.0325,0.00864429006469436,-0.0493749825656414));
#4405=CARTESIAN_POINT('',(0.0325,0.0035761909968097,-0.0493749825656414));
#4406=CARTESIAN_POINT('',(0.0325,0.00357619099680971,-0.046719347647031));
#4407=CARTESIAN_POINT('',(0.0325,0.000920556078199297,-0.046719347647031));
#4408=CARTESIAN_POINT('',(0.0325,0.000920556078199297,-0.0425909315492026));
#4409=CARTESIAN_POINT('',(0.0325,0.000920556078199295,-0.0384625154513743));
#4410=CARTESIAN_POINT('',(0.0325,0.0035761909968097,-0.0384625154513743));
#4411=CARTESIAN_POINT('',(0.0325,0.0035761909968097,-0.0358068805327639));
#4412=CARTESIAN_POINT('',(0.0325,0.00864429006469436,-0.0358068805327639));
#4413=CARTESIAN_POINT('',(0.0325,0.013712389132579,-0.0209625154513743));
#4414=CARTESIAN_POINT('',(0.0325,0.0163680240511894,-0.0209625154513743));
#4415=CARTESIAN_POINT('',(0.0325,0.013712389132579,-0.0183068805327639));
#4416=CARTESIAN_POINT('',(0.0325,0.0163680240511894,-0.0250909315492026));
#4417=CARTESIAN_POINT('',(0.0325,0.0163680240511894,-0.029219347647031));
#4418=CARTESIAN_POINT('',(0.0325,0.013712389132579,-0.029219347647031));
#4419=CARTESIAN_POINT('',(0.0325,0.013712389132579,-0.0318749825656414));
#4420=CARTESIAN_POINT('',(0.0325,0.00864429006469436,-0.0318749825656414));
#4421=CARTESIAN_POINT('',(0.0325,0.0035761909968097,-0.0318749825656414));
#4422=CARTESIAN_POINT('',(0.0325,0.0035761909968097,-0.029219347647031));
#4423=CARTESIAN_POINT('',(0.0325,0.000920556078199297,-0.029219347647031));
#4424=CARTESIAN_POINT('',(0.0325,0.000920556078199297,-0.0250909315492026));
#4425=CARTESIAN_POINT('',(0.0325,0.000920556078199295,-0.0209625154513743));
#4426=CARTESIAN_POINT('',(0.0325,0.0035761909968097,-0.0209625154513743));
#4427=CARTESIAN_POINT('',(0.0325,0.0035761909968097,-0.0183068805327639));
#4428=CARTESIAN_POINT('',(0.0325,0.00864429006469436,-0.0183068805327639));
#4429=CARTESIAN_POINT('',(0.0325,0.013712389132579,-0.0034625154513743));
#4430=CARTESIAN_POINT('',(0.0325,0.0163680240511894,-0.0034625154513743));
#4431=CARTESIAN_POINT('',(0.0325,0.013712389132579,-0.000806880532763898));
#4432=CARTESIAN_POINT('',(0.0325,0.0163680240511894,-0.00759093154920265));
#4433=CARTESIAN_POINT('',(0.0325,0.0163680240511894,-0.011719347647031));
#4434=CARTESIAN_POINT('',(0.0325,0.013712389132579,-0.011719347647031));
#4435=CARTESIAN_POINT('',(0.0325,0.013712389132579,-0.0143749825656414));
#4436=CARTESIAN_POINT('',(0.0325,0.00864429006469436,-0.0143749825656414));
#4437=CARTESIAN_POINT('',(0.0325,0.0035761909968097,-0.0143749825656414));
#4438=CARTESIAN_POINT('',(0.0325,0.0035761909968097,-0.011719347647031));
#4439=CARTESIAN_POINT('',(0.0325,0.000920556078199297,-0.011719347647031));
#4440=CARTESIAN_POINT('',(0.0325,0.000920556078199297,-0.00759093154920265));
#4441=CARTESIAN_POINT('',(0.0325,0.000920556078199297,-0.0034625154513743));
#4442=CARTESIAN_POINT('',(0.0325,0.0035761909968097,-0.0034625154513743));
#4443=CARTESIAN_POINT('',(0.0325,0.0035761909968097,-0.000806880532763897));
#4444=CARTESIAN_POINT('',(0.0325,0.00864429006469436,-0.000806880532763898));
#4445=CARTESIAN_POINT('',(0.0325,0.,-0.034375));
#4446=CARTESIAN_POINT('',(0.,0.,-0.034375));
#4447=CARTESIAN_POINT('',(0.,0.,0.03438));
#4448=CARTESIAN_POINT('',(0.,0.,-0.06875));
#4449=CARTESIAN_POINT('',(0.0325,0.,-0.06875));
#4450=CARTESIAN_POINT('',(0.0325,0.,0.03438));
#4451=CARTESIAN_POINT('',(0.0325,0.00859375,-0.06875));
#4452=CARTESIAN_POINT('',(0.,0.00859375,-0.06875));
#4453=CARTESIAN_POINT('',(0.,0.034375,-0.06875));
#4454=CARTESIAN_POINT('',(0.0325,0.034375,-0.06875));
#4455=CARTESIAN_POINT('',(0.0325,0.034375,-0.0506901373845411));
#4456=CARTESIAN_POINT('',(0.00296568999999999,0.0180629825763667,-0.0584410550889381));
#4457=CARTESIAN_POINT('',(0.0028536267099803,0.0180629825763667,-0.0584410550889381));
#4458=CARTESIAN_POINT('',(0.00265899629234297,0.0180038334987956,-0.0583168543476714));
#4459=CARTESIAN_POINT('',(0.00245315034652692,0.0178407595146791,-0.0579600236560438));
#4460=CARTESIAN_POINT('',(0.00233468648850477,0.0176302437765389,-0.057466156734715));
#4461=CARTESIAN_POINT('',(0.00229533168813914,0.0173958504098743,-0.0568553851666948));
#4462=CARTESIAN_POINT('',(0.00232182451682234,0.0172541662632881,-0.0564419051887278));
#4463=CARTESIAN_POINT('',(0.00235286873122899,0.0171874999999999,-0.0562352687120438));
#4464=CARTESIAN_POINT('',(0.00296569,0.0180629825763667,-0.0584410550889381));
#4465=CARTESIAN_POINT('',(0.00235286873122938,0.0171875,-0.0562352687120438));
#4466=CARTESIAN_POINT('',(0.01625,0.0180629825763667,-0.0584410550889381));
#4467=CARTESIAN_POINT('',(0.0295343099999802,0.0180629825763667,-0.0584410550889381));
#4468=CARTESIAN_POINT('',(0.0301471312687706,0.0171875,-0.0562352687120438));
#4469=CARTESIAN_POINT('',(0.0301782963228526,0.0172544257618699,-0.0564427095216842));
#4470=CARTESIAN_POINT('',(0.0302042856168967,0.0173955513380143,-0.056854272757729));
#4471=CARTESIAN_POINT('',(0.0301664641218664,0.0176275019172646,-0.0574594800662144));
#4472=CARTESIAN_POINT('',(0.030046730499558,0.0178411306587986,-0.0579609252847364));
#4473=CARTESIAN_POINT('',(0.0298408801726303,0.0180038178741064,-0.0583168000851711));
#4474=CARTESIAN_POINT('',(0.0296464381955628,0.0180629825763701,-0.0584410550889453));
#4475=CARTESIAN_POINT('',(0.0295343099999803,0.0180629825763667,-0.0584410550889382));
#4476=CARTESIAN_POINT('',(0.0301471312687706,0.0171875,-0.0562352687120438));
#4477=CARTESIAN_POINT('',(0.0325,0.0171875,-0.0562352687120438));
#4478=CARTESIAN_POINT('',(0.,0.034375,-0.0506901373845411));
#4479=CARTESIAN_POINT('',(0.,0.0171875,-0.0562352687120438));
#4480=CARTESIAN_POINT('',(0.0325,0.0171875,-0.0562352687120438));
#4481=CARTESIAN_POINT('',(0.0325,0.0171875,-0.0281176343560219));
#4482=CARTESIAN_POINT('',(0.00235286873122938,0.0171875,-0.0562352687120438));
#4483=CARTESIAN_POINT('',(0.00230071586647819,0.0171875,-0.056013600813688));
#4484=CARTESIAN_POINT('',(0.0022522605834147,0.0171875,-0.0555566733497497));
#4485=CARTESIAN_POINT('',(0.00227808005262983,0.0171875,-0.0548830151099016));
#4486=CARTESIAN_POINT('',(0.00240396938669889,0.0171875,-0.054314629423148));
#4487=CARTESIAN_POINT('',(0.00263615011111686,0.0171875,-0.0539173329337857));
#4488=CARTESIAN_POINT('',(0.00285113680350936,0.0171875,-0.0537927537776271));
#4489=CARTESIAN_POINT('',(0.00296569,0.0171875,-0.0537927537776271));
#4490=CARTESIAN_POINT('',(0.00296569,0.0171875,-0.053792753777627));
#4491=CARTESIAN_POINT('',(0.,0.0171875,-0.0281176343560219));
#4492=CARTESIAN_POINT('',(0.,0.0171875,0.));
#4493=CARTESIAN_POINT('',(0.0325,0.0171875,0.));
#4494=CARTESIAN_POINT('',(0.02953431,0.0171875,-0.0537927537776269));
#4495=CARTESIAN_POINT('',(0.029650689140333,0.0171875,-0.0537927537776269));
#4496=CARTESIAN_POINT('',(0.0298641915283713,0.0171875,-0.0539179545832324));
#4497=CARTESIAN_POINT('',(0.0300978425201182,0.0171875,-0.0543187461671656));
#4498=CARTESIAN_POINT('',(0.0302216511264996,0.0171875,-0.0548816331086196));
#4499=CARTESIAN_POINT('',(0.0302474719002734,0.0171875,-0.0555637837316213));
#4500=CARTESIAN_POINT('',(0.0301995884833567,0.0171875,-0.0560123072205515));
#4501=CARTESIAN_POINT('',(0.0301471312687724,0.0171875,-0.0562352687120439));
#4502=CARTESIAN_POINT('',(0.02953431,0.0171875,-0.053792753777627));
#4503=CARTESIAN_POINT('',(0.0305,0.0171875,-0.053792753777627));
#4504=CARTESIAN_POINT('',(0.0325,0.0171875,0.));
#4505=CARTESIAN_POINT('',(0.,0.0171875,0.));
#4506=CARTESIAN_POINT('',(0.0325,0.0142586110159755,0.0122298235073686));
#4507=CARTESIAN_POINT('',(0.,0.0142586110159755,0.0122298235073686));
#4508=CARTESIAN_POINT('',(0.0325,0.00490762060508132,0.00920450314879417));
#4509=CARTESIAN_POINT('',(0.,0.00490762060508132,0.00920450314879417));
#4510=CARTESIAN_POINT('',(0.0325,0.,0.03438));
#4511=CARTESIAN_POINT('',(0.,0.,0.03438));
#4512=CARTESIAN_POINT('',(0.,0.0171875,0.));
#4513=CARTESIAN_POINT('',(0.,0.0142586110159755,0.0122298235073686));
#4514=CARTESIAN_POINT('',(0.,0.00490762060508132,0.00920450314879417));
#4515=CARTESIAN_POINT('',(0.,0.,0.03438));
#4516=CARTESIAN_POINT('',(0.,0.0171875,-0.017185));
#4517=CARTESIAN_POINT('',(0.0305,0.0213875,-0.0554083032197674));
#4518=CARTESIAN_POINT('',(0.00296569,0.0213875,-0.0554083032197674));
#4519=CARTESIAN_POINT('',(0.02953431,0.0213875,-0.0554083032197674));
#4520=CARTESIAN_POINT('',(0.0305,0.0213875,-0.0554083032197674));
#4521=CARTESIAN_POINT('',(0.0305,0.0213875,-0.0554083032197674));
#4522=CARTESIAN_POINT('',(0.0305,0.0213875,-0.0589426132197674));
#4523=CARTESIAN_POINT('',(0.002,0.0213875,-0.0554083032197674));
#4524=CARTESIAN_POINT('',(0.002,0.0213875,-0.0554083032197674));
#4525=CARTESIAN_POINT('',(0.002,0.0213875,-0.0589426132197674));
#4526=CARTESIAN_POINT('',(0.00296569,0.0213875,-0.0554083032197674));
#4527=CARTESIAN_POINT('',(0.02953431,0.0213875,-0.0554083032197674));
#4528=CARTESIAN_POINT('',(0.034,0.0163680240511894,-0.0600909315492027));
#4529=CARTESIAN_POINT('',(0.034,0.0163680240511894,-0.0559625154513743));
#4530=CARTESIAN_POINT('',(0.0339,0.0163680240511894,-0.0559625154513743));
#4531=CARTESIAN_POINT('',(0.0339,0.0163680240511894,-0.0600909315492027));
#4532=CARTESIAN_POINT('',(0.0339,0.0163680240511894,-0.064219347647031));
#4533=CARTESIAN_POINT('',(0.034,0.0163680240511894,-0.064219347647031));
#4534=CARTESIAN_POINT('',(0.034,0.013712389132579,-0.0559625154513743));
#4535=CARTESIAN_POINT('',(0.034,0.013712389132579,-0.0533068805327639));
#4536=CARTESIAN_POINT('',(0.0339,0.013712389132579,-0.0533068805327639));
#4537=CARTESIAN_POINT('',(0.0339,0.013712389132579,-0.0559625154513743));
#4538=CARTESIAN_POINT('',(0.034,0.00864429006469436,-0.0533068805327639));
#4539=CARTESIAN_POINT('',(0.034,0.0035761909968097,-0.0533068805327639));
#4540=CARTESIAN_POINT('',(0.0339,0.0035761909968097,-0.0533068805327639));
#4541=CARTESIAN_POINT('',(0.0339,0.013712389132579,-0.0533068805327639));
#4542=CARTESIAN_POINT('',(0.034,0.0035761909968097,-0.0559625154513743));
#4543=CARTESIAN_POINT('',(0.034,0.000920556078199295,-0.0559625154513743));
#4544=CARTESIAN_POINT('',(0.0339,0.000920556078199295,-0.0559625154513743));
#4545=CARTESIAN_POINT('',(0.0339,0.0035761909968097,-0.0559625154513743));
#4546=CARTESIAN_POINT('',(0.034,0.000920556078199297,-0.0600909315492027));
#4547=CARTESIAN_POINT('',(0.034,0.000920556078199297,-0.064219347647031));
#4548=CARTESIAN_POINT('',(0.0339,0.000920556078199297,-0.064219347647031));
#4549=CARTESIAN_POINT('',(0.0339,0.000920556078199297,-0.0559625154513743));
#4550=CARTESIAN_POINT('',(0.034,0.0035761909968097,-0.064219347647031));
#4551=CARTESIAN_POINT('',(0.034,0.0035761909968097,-0.0668749825656414));
#4552=CARTESIAN_POINT('',(0.0339,0.0035761909968097,-0.0668749825656414));
#4553=CARTESIAN_POINT('',(0.0339,0.0035761909968097,-0.064219347647031));
#4554=CARTESIAN_POINT('',(0.034,0.00864429006469436,-0.0668749825656414));
#4555=CARTESIAN_POINT('',(0.034,0.013712389132579,-0.0668749825656414));
#4556=CARTESIAN_POINT('',(0.0339,0.013712389132579,-0.0668749825656414));
#4557=CARTESIAN_POINT('',(0.0339,0.00864429006469436,-0.0668749825656414));
#4558=CARTESIAN_POINT('',(0.034,0.013712389132579,-0.064219347647031));
#4559=CARTESIAN_POINT('',(0.0339,0.013712389132579,-0.064219347647031));
#4560=CARTESIAN_POINT('',(0.034,0.0206840120255947,-0.017185));
#4561=CARTESIAN_POINT('',(0.034,0.0162680240511894,-0.017185));
#4562=CARTESIAN_POINT('',(0.034,0.0162680240511894,-0.064219347647031));
#4563=CARTESIAN_POINT('',(0.034,0.0162680240511894,-0.0559625154513743));
#4564=CARTESIAN_POINT('',(0.034,0.013712389132579,-0.0559625154513743));
#4565=CARTESIAN_POINT('',(0.034,0.013712389132579,-0.0534068805327639));
#4566=CARTESIAN_POINT('',(0.034,0.0035761909968097,-0.0534068805327639));
#4567=CARTESIAN_POINT('',(0.034,0.0035761909968097,-0.0534068805327639));
#4568=CARTESIAN_POINT('',(0.034,0.0035761909968097,-0.0559625154513743));
#4569=CARTESIAN_POINT('',(0.034,0.0010205560781993,-0.0559625154513743));
#4570=CARTESIAN_POINT('',(0.034,0.0010205560781993,-0.064219347647031));
#4571=CARTESIAN_POINT('',(0.034,0.0010205560781993,-0.064219347647031));
#4572=CARTESIAN_POINT('',(0.034,0.0035761909968097,-0.064219347647031));
#4573=CARTESIAN_POINT('',(0.034,0.0035761909968097,-0.0667749825656414));
#4574=CARTESIAN_POINT('',(0.034,0.0206840120255947,-0.0667749825656414));
#4575=CARTESIAN_POINT('',(0.034,0.013712389132579,-0.0667749825656414));
#4576=CARTESIAN_POINT('',(0.034,0.013712389132579,-0.064219347647031));
#4577=CARTESIAN_POINT('',(0.034,0.0163680240511894,-0.0425909315492026));
#4578=CARTESIAN_POINT('',(0.034,0.0163680240511894,-0.0384625154513743));
#4579=CARTESIAN_POINT('',(0.0339,0.0163680240511894,-0.0384625154513743));
#4580=CARTESIAN_POINT('',(0.0339,0.0163680240511894,-0.0425909315492026));
#4581=CARTESIAN_POINT('',(0.0339,0.0163680240511894,-0.046719347647031));
#4582=CARTESIAN_POINT('',(0.034,0.0163680240511894,-0.046719347647031));
#4583=CARTESIAN_POINT('',(0.034,0.013712389132579,-0.0384625154513743));
#4584=CARTESIAN_POINT('',(0.034,0.013712389132579,-0.0358068805327639));
#4585=CARTESIAN_POINT('',(0.0339,0.013712389132579,-0.0358068805327639));
#4586=CARTESIAN_POINT('',(0.0339,0.013712389132579,-0.0384625154513743));
#4587=CARTESIAN_POINT('',(0.034,0.00864429006469436,-0.0358068805327639));
#4588=CARTESIAN_POINT('',(0.034,0.0035761909968097,-0.0358068805327639));
#4589=CARTESIAN_POINT('',(0.0339,0.0035761909968097,-0.0358068805327639));
#4590=CARTESIAN_POINT('',(0.0339,0.013712389132579,-0.0358068805327639));
#4591=CARTESIAN_POINT('',(0.034,0.0035761909968097,-0.0384625154513743));
#4592=CARTESIAN_POINT('',(0.034,0.000920556078199295,-0.0384625154513743));
#4593=CARTESIAN_POINT('',(0.0339,0.000920556078199295,-0.0384625154513743));
#4594=CARTESIAN_POINT('',(0.0339,0.0035761909968097,-0.0384625154513743));
#4595=CARTESIAN_POINT('',(0.034,0.000920556078199297,-0.0425909315492026));
#4596=CARTESIAN_POINT('',(0.034,0.000920556078199297,-0.046719347647031));
#4597=CARTESIAN_POINT('',(0.0339,0.000920556078199297,-0.046719347647031));
#4598=CARTESIAN_POINT('',(0.0339,0.000920556078199297,-0.0384625154513743));
#4599=CARTESIAN_POINT('',(0.034,0.00357619099680971,-0.046719347647031));
#4600=CARTESIAN_POINT('',(0.034,0.0035761909968097,-0.0493749825656414));
#4601=CARTESIAN_POINT('',(0.0339,0.0035761909968097,-0.0493749825656414));
#4602=CARTESIAN_POINT('',(0.0339,0.00357619099680971,-0.046719347647031));
#4603=CARTESIAN_POINT('',(0.034,0.00864429006469436,-0.0493749825656414));
#4604=CARTESIAN_POINT('',(0.034,0.013712389132579,-0.0493749825656414));
#4605=CARTESIAN_POINT('',(0.0339,0.013712389132579,-0.0493749825656414));
#4606=CARTESIAN_POINT('',(0.0339,0.00864429006469436,-0.0493749825656414));
#4607=CARTESIAN_POINT('',(0.034,0.013712389132579,-0.046719347647031));
#4608=CARTESIAN_POINT('',(0.0339,0.013712389132579,-0.046719347647031));
#4609=CARTESIAN_POINT('',(0.034,0.0206840120255947,-0.017185));
#4610=CARTESIAN_POINT('',(0.034,0.0162680240511894,-0.017185));
#4611=CARTESIAN_POINT('',(0.034,0.0162680240511895,-0.046719347647031));
#4612=CARTESIAN_POINT('',(0.034,0.0162680240511894,-0.0384625154513743));
#4613=CARTESIAN_POINT('',(0.034,0.013712389132579,-0.0384625154513743));
#4614=CARTESIAN_POINT('',(0.034,0.013712389132579,-0.0359068805327639));
#4615=CARTESIAN_POINT('',(0.034,0.0035761909968097,-0.0359068805327639));
#4616=CARTESIAN_POINT('',(0.034,0.0035761909968097,-0.0359068805327639));
#4617=CARTESIAN_POINT('',(0.034,0.0035761909968097,-0.0384625154513743));
#4618=CARTESIAN_POINT('',(0.034,0.0010205560781993,-0.0384625154513743));
#4619=CARTESIAN_POINT('',(0.034,0.0010205560781993,-0.046719347647031));
#4620=CARTESIAN_POINT('',(0.034,0.0010205560781993,-0.046719347647031));
#4621=CARTESIAN_POINT('',(0.034,0.00357619099680971,-0.046719347647031));
#4622=CARTESIAN_POINT('',(0.034,0.0035761909968097,-0.0492749825656414));
#4623=CARTESIAN_POINT('',(0.034,0.0206840120255947,-0.0492749825656414));
#4624=CARTESIAN_POINT('',(0.034,0.013712389132579,-0.0492749825656414));
#4625=CARTESIAN_POINT('',(0.034,0.013712389132579,-0.046719347647031));
#4626=CARTESIAN_POINT('',(0.034,0.0163680240511894,-0.0250909315492026));
#4627=CARTESIAN_POINT('',(0.034,0.0163680240511894,-0.0209625154513743));
#4628=CARTESIAN_POINT('',(0.0339,0.0163680240511894,-0.0209625154513743));
#4629=CARTESIAN_POINT('',(0.0339,0.0163680240511894,-0.0250909315492026));
#4630=CARTESIAN_POINT('',(0.0339,0.0163680240511894,-0.029219347647031));
#4631=CARTESIAN_POINT('',(0.034,0.0163680240511894,-0.029219347647031));
#4632=CARTESIAN_POINT('',(0.034,0.013712389132579,-0.0209625154513743));
#4633=CARTESIAN_POINT('',(0.034,0.013712389132579,-0.0183068805327639));
#4634=CARTESIAN_POINT('',(0.0339,0.013712389132579,-0.0183068805327639));
#4635=CARTESIAN_POINT('',(0.0339,0.013712389132579,-0.0209625154513743));
#4636=CARTESIAN_POINT('',(0.034,0.00864429006469436,-0.0183068805327639));
#4637=CARTESIAN_POINT('',(0.034,0.0035761909968097,-0.0183068805327639));
#4638=CARTESIAN_POINT('',(0.0339,0.0035761909968097,-0.0183068805327639));
#4639=CARTESIAN_POINT('',(0.0339,0.013712389132579,-0.0183068805327639));
#4640=CARTESIAN_POINT('',(0.034,0.0035761909968097,-0.0209625154513743));
#4641=CARTESIAN_POINT('',(0.034,0.000920556078199295,-0.0209625154513743));
#4642=CARTESIAN_POINT('',(0.0339,0.000920556078199295,-0.0209625154513743));
#4643=CARTESIAN_POINT('',(0.0339,0.0035761909968097,-0.0209625154513743));
#4644=CARTESIAN_POINT('',(0.034,0.000920556078199297,-0.0250909315492026));
#4645=CARTESIAN_POINT('',(0.034,0.000920556078199297,-0.029219347647031));
#4646=CARTESIAN_POINT('',(0.0339,0.000920556078199297,-0.029219347647031));
#4647=CARTESIAN_POINT('',(0.0339,0.000920556078199297,-0.0209625154513743));
#4648=CARTESIAN_POINT('',(0.034,0.0035761909968097,-0.029219347647031));
#4649=CARTESIAN_POINT('',(0.034,0.0035761909968097,-0.0318749825656414));
#4650=CARTESIAN_POINT('',(0.0339,0.0035761909968097,-0.0318749825656414));
#4651=CARTESIAN_POINT('',(0.0339,0.0035761909968097,-0.029219347647031));
#4652=CARTESIAN_POINT('',(0.034,0.00864429006469436,-0.0318749825656414));
#4653=CARTESIAN_POINT('',(0.034,0.013712389132579,-0.0318749825656414));
#4654=CARTESIAN_POINT('',(0.0339,0.013712389132579,-0.0318749825656414));
#4655=CARTESIAN_POINT('',(0.0339,0.00864429006469436,-0.0318749825656414));
#4656=CARTESIAN_POINT('',(0.034,0.013712389132579,-0.029219347647031));
#4657=CARTESIAN_POINT('',(0.0339,0.013712389132579,-0.029219347647031));
#4658=CARTESIAN_POINT('',(0.034,0.0206840120255947,-0.017185));
#4659=CARTESIAN_POINT('',(0.034,0.0162680240511894,-0.017185));
#4660=CARTESIAN_POINT('',(0.034,0.0162680240511894,-0.029219347647031));
#4661=CARTESIAN_POINT('',(0.034,0.0162680240511894,-0.0209625154513743));
#4662=CARTESIAN_POINT('',(0.034,0.013712389132579,-0.0209625154513743));
#4663=CARTESIAN_POINT('',(0.034,0.013712389132579,-0.0184068805327639));
#4664=CARTESIAN_POINT('',(0.034,0.0035761909968097,-0.0184068805327639));
#4665=CARTESIAN_POINT('',(0.034,0.0035761909968097,-0.0184068805327639));
#4666=CARTESIAN_POINT('',(0.034,0.0035761909968097,-0.0209625154513743));
#4667=CARTESIAN_POINT('',(0.034,0.00102055607819929,-0.0209625154513743));
#4668=CARTESIAN_POINT('',(0.034,0.0010205560781993,-0.029219347647031));
#4669=CARTESIAN_POINT('',(0.034,0.0010205560781993,-0.029219347647031));
#4670=CARTESIAN_POINT('',(0.034,0.0035761909968097,-0.029219347647031));
#4671=CARTESIAN_POINT('',(0.034,0.0035761909968097,-0.0317749825656414));
#4672=CARTESIAN_POINT('',(0.034,0.0206840120255947,-0.0317749825656414));
#4673=CARTESIAN_POINT('',(0.034,0.013712389132579,-0.0317749825656414));
#4674=CARTESIAN_POINT('',(0.034,0.013712389132579,-0.029219347647031));
#4675=CARTESIAN_POINT('',(0.034,0.0163680240511894,-0.00759093154920265));
#4676=CARTESIAN_POINT('',(0.034,0.0163680240511894,-0.0034625154513743));
#4677=CARTESIAN_POINT('',(0.0339,0.0163680240511894,-0.0034625154513743));
#4678=CARTESIAN_POINT('',(0.0339,0.0163680240511894,-0.00759093154920265));
#4679=CARTESIAN_POINT('',(0.0339,0.0163680240511894,-0.011719347647031));
#4680=CARTESIAN_POINT('',(0.034,0.0163680240511894,-0.011719347647031));
#4681=CARTESIAN_POINT('',(0.034,0.013712389132579,-0.0034625154513743));
#4682=CARTESIAN_POINT('',(0.034,0.013712389132579,-0.000806880532763898));
#4683=CARTESIAN_POINT('',(0.0339,0.013712389132579,-0.000806880532763898));
#4684=CARTESIAN_POINT('',(0.0339,0.013712389132579,-0.0034625154513743));
#4685=CARTESIAN_POINT('',(0.034,0.00864429006469436,-0.000806880532763898));
#4686=CARTESIAN_POINT('',(0.034,0.0035761909968097,-0.000806880532763897));
#4687=CARTESIAN_POINT('',(0.0339,0.0035761909968097,-0.000806880532763897));
#4688=CARTESIAN_POINT('',(0.0339,0.013712389132579,-0.000806880532763898));
#4689=CARTESIAN_POINT('',(0.034,0.0035761909968097,-0.0034625154513743));
#4690=CARTESIAN_POINT('',(0.034,0.000920556078199297,-0.0034625154513743));
#4691=CARTESIAN_POINT('',(0.0339,0.000920556078199297,-0.0034625154513743));
#4692=CARTESIAN_POINT('',(0.0339,0.0035761909968097,-0.0034625154513743));
#4693=CARTESIAN_POINT('',(0.034,0.000920556078199297,-0.00759093154920265));
#4694=CARTESIAN_POINT('',(0.034,0.000920556078199297,-0.011719347647031));
#4695=CARTESIAN_POINT('',(0.0339,0.000920556078199297,-0.011719347647031));
#4696=CARTESIAN_POINT('',(0.0339,0.000920556078199297,-0.0034625154513743));
#4697=CARTESIAN_POINT('',(0.034,0.0035761909968097,-0.011719347647031));
#4698=CARTESIAN_POINT('',(0.034,0.0035761909968097,-0.0143749825656414));
#4699=CARTESIAN_POINT('',(0.0339,0.0035761909968097,-0.0143749825656414));
#4700=CARTESIAN_POINT('',(0.0339,0.0035761909968097,-0.011719347647031));
#4701=CARTESIAN_POINT('',(0.034,0.00864429006469436,-0.0143749825656414));
#4702=CARTESIAN_POINT('',(0.034,0.013712389132579,-0.0143749825656414));
#4703=CARTESIAN_POINT('',(0.0339,0.013712389132579,-0.0143749825656414));
#4704=CARTESIAN_POINT('',(0.0339,0.00864429006469436,-0.0143749825656414));
#4705=CARTESIAN_POINT('',(0.034,0.013712389132579,-0.011719347647031));
#4706=CARTESIAN_POINT('',(0.0339,0.013712389132579,-0.011719347647031));
#4707=CARTESIAN_POINT('',(0.034,0.0206840120255947,-0.017185));
#4708=CARTESIAN_POINT('',(0.034,0.0111530257165432,-0.00762679729591322));
#4709=CARTESIAN_POINT('',(0.034,0.0111530257165432,-0.00613120855088276));
#4710=CARTESIAN_POINT('',(0.034,0.0111530257165432,-0.00919481729591322));
#4711=CARTESIAN_POINT('',(0.034,0.0117324369715127,-0.00613120855088276));
#4712=CARTESIAN_POINT('',(0.034,0.0116600057165432,-0.00919481729591322));
#4713=CARTESIAN_POINT('',(0.034,0.0162680240511894,-0.017185));
#4714=CARTESIAN_POINT('',(0.034,0.0162680240511894,-0.011719347647031));
#4715=CARTESIAN_POINT('',(0.034,0.0162680240511894,-0.0034625154513743));
#4716=CARTESIAN_POINT('',(0.034,0.013712389132579,-0.0034625154513743));
#4717=CARTESIAN_POINT('',(0.034,0.013712389132579,-0.000906880532763898));
#4718=CARTESIAN_POINT('',(0.034,0.0035761909968097,-0.000906880532763898));
#4719=CARTESIAN_POINT('',(0.034,0.0035761909968097,-0.000906880532763896));
#4720=CARTESIAN_POINT('',(0.034,0.0035761909968097,-0.0034625154513743));
#4721=CARTESIAN_POINT('',(0.034,0.0010205560781993,-0.0034625154513743));
#4722=CARTESIAN_POINT('',(0.034,0.0010205560781993,-0.011719347647031));
#4723=CARTESIAN_POINT('',(0.034,0.0010205560781993,-0.011719347647031));
#4724=CARTESIAN_POINT('',(0.034,0.0035761909968097,-0.011719347647031));
#4725=CARTESIAN_POINT('',(0.034,0.0035761909968097,-0.0142749825656414));
#4726=CARTESIAN_POINT('',(0.034,0.0206840120255947,-0.0142749825656414));
#4727=CARTESIAN_POINT('',(0.034,0.013712389132579,-0.0142749825656414));
#4728=CARTESIAN_POINT('',(0.034,0.013712389132579,-0.011719347647031));
#4729=CARTESIAN_POINT('',(0.0339,0.0035761909968097,-0.064219347647031));
#4730=CARTESIAN_POINT('',(0.0339,0.0010205560781993,-0.064219347647031));
#4731=CARTESIAN_POINT('',(0.0339,0.0035761909968097,-0.0667749825656414));
#4732=CARTESIAN_POINT('',(0.0339,0.00864429006469436,-0.0667749825656414));
#4733=CARTESIAN_POINT('',(0.0339,0.013712389132579,-0.0667749825656414));
#4734=CARTESIAN_POINT('',(0.0339,0.0010205560781993,-0.017185));
#4735=CARTESIAN_POINT('',(0.0339,0.0010205560781993,-0.0559625154513743));
#4736=CARTESIAN_POINT('',(0.0339,0.013712389132579,-0.064219347647031));
#4737=CARTESIAN_POINT('',(0.0339,0.0162680240511894,-0.064219347647031));
#4738=CARTESIAN_POINT('',(0.0339,0.0035761909968097,-0.0559625154513743));
#4739=CARTESIAN_POINT('',(0.0339,0.0035761909968097,-0.0534068805327639));
#4740=CARTESIAN_POINT('',(0.0339,0.0162680240511894,-0.0600909315492027));
#4741=CARTESIAN_POINT('',(0.0339,0.0162680240511894,-0.0559625154513743));
#4742=CARTESIAN_POINT('',(0.0339,0.0206840120255947,-0.0534068805327639));
#4743=CARTESIAN_POINT('',(0.0339,0.013712389132579,-0.0534068805327639));
#4744=CARTESIAN_POINT('',(0.0339,0.013712389132579,-0.0559625154513743));
#4745=CARTESIAN_POINT('',(0.0339,0.00357619099680971,-0.046719347647031));
#4746=CARTESIAN_POINT('',(0.0339,0.0010205560781993,-0.046719347647031));
#4747=CARTESIAN_POINT('',(0.0339,0.0035761909968097,-0.0492749825656414));
#4748=CARTESIAN_POINT('',(0.0339,0.00864429006469436,-0.0492749825656414));
#4749=CARTESIAN_POINT('',(0.0339,0.013712389132579,-0.0492749825656414));
#4750=CARTESIAN_POINT('',(0.0339,0.0010205560781993,-0.017185));
#4751=CARTESIAN_POINT('',(0.0339,0.0010205560781993,-0.0384625154513743));
#4752=CARTESIAN_POINT('',(0.0339,0.013712389132579,-0.046719347647031));
#4753=CARTESIAN_POINT('',(0.0339,0.0162680240511895,-0.046719347647031));
#4754=CARTESIAN_POINT('',(0.0339,0.0035761909968097,-0.0384625154513743));
#4755=CARTESIAN_POINT('',(0.0339,0.0035761909968097,-0.0359068805327639));
#4756=CARTESIAN_POINT('',(0.0339,0.0162680240511894,-0.0425909315492026));
#4757=CARTESIAN_POINT('',(0.0339,0.0162680240511894,-0.0384625154513743));
#4758=CARTESIAN_POINT('',(0.0339,0.0206840120255947,-0.0359068805327639));
#4759=CARTESIAN_POINT('',(0.0339,0.013712389132579,-0.0359068805327639));
#4760=CARTESIAN_POINT('',(0.0339,0.013712389132579,-0.0384625154513743));
#4761=CARTESIAN_POINT('',(0.0339,0.0035761909968097,-0.029219347647031));
#4762=CARTESIAN_POINT('',(0.0339,0.0010205560781993,-0.029219347647031));
#4763=CARTESIAN_POINT('',(0.0339,0.0035761909968097,-0.0317749825656414));
#4764=CARTESIAN_POINT('',(0.0339,0.00864429006469436,-0.0317749825656414));
#4765=CARTESIAN_POINT('',(0.0339,0.013712389132579,-0.0317749825656414));
#4766=CARTESIAN_POINT('',(0.0339,0.0010205560781993,-0.017185));
#4767=CARTESIAN_POINT('',(0.0339,0.0010205560781993,-0.0209625154513743));
#4768=CARTESIAN_POINT('',(0.0339,0.013712389132579,-0.029219347647031));
#4769=CARTESIAN_POINT('',(0.0339,0.0162680240511894,-0.029219347647031));
#4770=CARTESIAN_POINT('',(0.0339,0.0035761909968097,-0.0209625154513743));
#4771=CARTESIAN_POINT('',(0.0339,0.0035761909968097,-0.0184068805327639));
#4772=CARTESIAN_POINT('',(0.0339,0.0162680240511894,-0.0250909315492026));
#4773=CARTESIAN_POINT('',(0.0339,0.0162680240511894,-0.0209625154513743));
#4774=CARTESIAN_POINT('',(0.0339,0.0206840120255947,-0.0184068805327639));
#4775=CARTESIAN_POINT('',(0.0339,0.013712389132579,-0.0184068805327639));
#4776=CARTESIAN_POINT('',(0.0339,0.013712389132579,-0.0209625154513743));
#4777=CARTESIAN_POINT('',(0.0339,0.0035761909968097,-0.011719347647031));
#4778=CARTESIAN_POINT('',(0.0339,0.0010205560781993,-0.011719347647031));
#4779=CARTESIAN_POINT('',(0.0339,0.0035761909968097,-0.0142749825656414));
#4780=CARTESIAN_POINT('',(0.0339,0.00864429006469436,-0.0142749825656414));
#4781=CARTESIAN_POINT('',(0.0339,0.013712389132579,-0.0142749825656414));
#4782=CARTESIAN_POINT('',(0.0339,0.0010205560781993,-0.017185));
#4783=CARTESIAN_POINT('',(0.0339,0.0010205560781993,-0.0034625154513743));
#4784=CARTESIAN_POINT('',(0.0339,0.013712389132579,-0.011719347647031));
#4785=CARTESIAN_POINT('',(0.0339,0.0162680240511894,-0.011719347647031));
#4786=CARTESIAN_POINT('',(0.0339,0.0035761909968097,-0.0034625154513743));
#4787=CARTESIAN_POINT('',(0.0339,0.0035761909968097,-0.000906880532763897));
#4788=CARTESIAN_POINT('',(0.0339,0.0162680240511894,-0.00759093154920265));
#4789=CARTESIAN_POINT('',(0.0339,0.0162680240511894,-0.0034625154513743));
#4790=CARTESIAN_POINT('',(0.0339,0.0206840120255947,-0.000906880532763898));
#4791=CARTESIAN_POINT('',(0.0339,0.013712389132579,-0.000906880532763898));
#4792=CARTESIAN_POINT('',(0.0339,0.013712389132579,-0.0034625154513743));
#4793=CARTESIAN_POINT('',(0.034,0.0131530257165432,-0.00304179729591321));
#4794=CARTESIAN_POINT('',(0.034,0.0131530257165432,-0.00919481729591322));
#4795=CARTESIAN_POINT('',(0.035999707807416,0.0131188396819745,-0.00919481729591322));
#4796=CARTESIAN_POINT('',(0.035999707807416,0.0131188396819745,-0.00766301292339799));
#4797=CARTESIAN_POINT('',(0.035999707807416,0.0131188396819745,-0.00613120855088276));
#4798=CARTESIAN_POINT('',(0.034,0.0131530257165432,-0.00613120855088276));
#4799=CARTESIAN_POINT('',(0.0342825391749033,0.0121530257165432,-0.00765614873792099));
#4800=CARTESIAN_POINT('',(0.0342825391749033,0.0121530257165432,-0.0060260755080057));
#4801=CARTESIAN_POINT('',(0.0342825391749033,0.0126841527002653,-0.0060260755080057));
#4802=CARTESIAN_POINT('',(0.0342825391749033,0.0126841527002653,-0.00928622196783628));
#4803=CARTESIAN_POINT('',(0.0342825391749033,0.0126841527002653,-0.00928622196783628));
#4804=CARTESIAN_POINT('',(0.0342825391749033,0.0121530257165432,-0.00928622196783628));
#4805=CARTESIAN_POINT('',(0.0349791411228793,0.0121530257165432,-0.0060260755080057));
#4806=CARTESIAN_POINT('',(0.0349791411228793,0.0121530257165432,-0.0060260755080057));
#4807=CARTESIAN_POINT('',(0.0348136661586253,0.0121530257165432,-0.0060260755080057));
#4808=CARTESIAN_POINT('',(0.0356757430708554,0.0121530257165432,-0.0060260755080057));
#4809=CARTESIAN_POINT('',(0.0348136661586253,0.0126841527002653,-0.0060260755080057));
#4810=CARTESIAN_POINT('',(0.034,0.0131530257165432,-0.0060260755080057));
#4811=CARTESIAN_POINT('',(0.0359900183124463,0.013114973852281,-0.0060260755080057));
#4812=CARTESIAN_POINT('',(0.0361827230708553,0.0126460457165432,-0.0060260755080057));
#4813=CARTESIAN_POINT('',(0.0356757430708554,0.0126460457165432,-0.0060260755080057));
#4814=CARTESIAN_POINT('',(0.0356757430708554,0.0121530257165432,-0.0060260755080057));
#4815=CARTESIAN_POINT('',(0.0356757430708554,0.0121530257165432,-0.00765614873792099));
#4816=CARTESIAN_POINT('',(0.0356757430708554,0.0126460457165432,-0.00928622196783628));
#4817=CARTESIAN_POINT('',(0.0356757430708554,0.0126460457165432,-0.00928622196783628));
#4818=CARTESIAN_POINT('',(0.0356757430708554,0.0121530257165432,-0.00928622196783628));
#4819=CARTESIAN_POINT('',(0.0356757430708554,0.0121530257165432,-0.00928622196783628));
#4820=CARTESIAN_POINT('',(0.0356757430708554,0.0121530257165432,-0.00765614873792099));
#4821=CARTESIAN_POINT('',(0.0349791411228793,0.0121530257165432,-0.00928622196783628));
#4822=CARTESIAN_POINT('',(0.0348136661586253,0.0126841527002653,-0.00928622196783628));
#4823=CARTESIAN_POINT('',(0.0348136661586253,0.0121530257165432,-0.00928622196783628));
#4824=CARTESIAN_POINT('',(0.0349791411228793,0.0121530257165432,-0.00928622196783628));
#4825=CARTESIAN_POINT('',(0.0361827230708553,0.0126460457165432,-0.00928622196783628));
#4826=CARTESIAN_POINT('',(0.0359913388690132,0.0131155143605283,-0.00928622196783628));
#4827=CARTESIAN_POINT('',(0.034,0.0131530257165432,-0.00928622196783628));
#4828=CARTESIAN_POINT('',(0.035,0.0121530257165432,-0.00762679729591322));
#4829=CARTESIAN_POINT('',(0.0348136661586253,0.0121530257165432,-0.0060260755080057));
#4830=CARTESIAN_POINT('',(0.0348136661586253,0.0126841527002653,-0.00765614873792099));
#4831=CARTESIAN_POINT('',(0.034,0.0131530257165432,-0.00613120855088276));
#4832=CARTESIAN_POINT('',(0.035999707807416,0.0131188396819745,-0.00613120855088276));
#4833=CARTESIAN_POINT('',(0.035999707807416,0.0131188396819745,-0.00609581914538561));
#4834=CARTESIAN_POINT('',(0.035996472181063,0.0131176260522617,-0.00606077257473909));
#4835=CARTESIAN_POINT('',(0.0359900183124463,0.013114973852281,-0.0060260755080057));
#4836=CARTESIAN_POINT('',(0.034,0.0131530257165432,-0.00919481729591322));
#4837=CARTESIAN_POINT('',(0.0359913388690132,0.0131155143605283,-0.00928622196783628));
#4838=CARTESIAN_POINT('',(0.035996912872132,0.0131177866659349,-0.00925605101900681));
#4839=CARTESIAN_POINT('',(0.035999707807416,0.0131188396819745,-0.00922558126294973));
#4840=CARTESIAN_POINT('',(0.035999707807416,0.0131188396819745,-0.00919481729591322));
#4841=CARTESIAN_POINT('',(0.0361827230708553,0.0126460457165432,-0.00765614873792099));
#4842=MECHANICAL_DESIGN_GEOMETRIC_PRESENTATION_REPRESENTATION('',(#2389,
#2132,#2133,#2134,#2135,#2136,#2137,#2138,#2139,#2140,#2141,#2142,#2143,
#2144,#2145,#2146,#2147,#2148,#2149,#2150,#2151,#2152,#2153,#2154,#2155,
#2156,#2157,#2158,#2159,#2160,#2161,#2162,#2163,#2164,#2165,#2166,#2167,
#2168,#2169,#2170,#2171,#2172,#2173,#2174,#2175,#2176,#2177,#2178,#2179,
#2180,#2181,#2182,#2183,#2184,#2185,#2186,#2187,#2188,#2189,#2190,#2191,
#2192,#2193,#2194,#2195,#2196,#2197,#2198,#2199,#2200,#2201,#2202,#2203,
#2204,#2205,#2206,#2207,#2208,#2209,#2210,#2211,#2212,#2213,#2214,#2215,
#2216,#2217,#2218,#2219,#2220,#2221,#2222,#2223,#2224,#2225,#2226,#2227,
#2228,#2229,#2230,#2231,#2232,#2233,#2234,#2235,#2236,#2237,#2238,#2239,
#2240,#2241,#2242,#2243,#2244,#2245,#2246,#2247,#2248,#2249),#4843);
#4843=(
GEOMETRIC_REPRESENTATION_CONTEXT(3)
GLOBAL_UNCERTAINTY_ASSIGNED_CONTEXT((#4844))
GLOBAL_UNIT_ASSIGNED_CONTEXT((#4847,#4846,#4845))
REPRESENTATION_CONTEXT('Part 1','TOP_LEVEL_ASSEMBLY_PART')
);
#4844=UNCERTAINTY_MEASURE_WITH_UNIT(LENGTH_MEASURE(2.E-5),#4847,
'DISTANCE_ACCURACY_VALUE','Maximum Tolerance applied to model');
#4845=(
NAMED_UNIT(*)
SI_UNIT($,.STERADIAN.)
SOLID_ANGLE_UNIT()
);
#4846=(
NAMED_UNIT(*)
PLANE_ANGLE_UNIT()
SI_UNIT($,.RADIAN.)
);
#4847=(
LENGTH_UNIT()
NAMED_UNIT(*)
SI_UNIT($,.METRE.)
);
#4848=PRODUCT_DEFINITION_SHAPE('','',#4849);
#4849=PRODUCT_DEFINITION('','',#4851,#4850);
#4850=PRODUCT_DEFINITION_CONTEXT('',#4857,'design');
#4851=PRODUCT_DEFINITION_FORMATION_WITH_SPECIFIED_SOURCE('','',#4853,
 .NOT_KNOWN.);
#4852=PRODUCT_RELATED_PRODUCT_CATEGORY('','',(#4853));
#4853=PRODUCT('Part 1','Part 1','Part 1',(#4855));
#4854=PRODUCT_CATEGORY('','');
#4855=PRODUCT_CONTEXT('',#4857,'mechanical');
#4856=APPLICATION_PROTOCOL_DEFINITION('international standard',
'ap242_managed_model_based_3d_engineering',2020,#4857);
#4857=APPLICATION_CONTEXT('managed model based 3d engineering');
ENDSEC;
END-ISO-10303-21;
